Date,Ticker,Open,High,Low,Close,Volume,Daily_Return,MA_7,MA_21,Volatility,Target
2022-05-02,HDFCBANK.NS,647.8420880799416,668.9603468911126,647.8420880799416,667.65234375,19494316,0.03057883400069225,654.0423496791294,687.8658272879464,7.280379465477293,0
2022-05-04,HDFCBANK.NS,665.8925284326605,667.6048118935288,642.1106524172083,644.9644775390625,29055916,-0.031428571428571535,654.0695364815848,685.275873093378,7.240246124857557,0
2022-05-05,HDFCBANK.NS,654.0015630179496,654.0015630179496,640.4458942572139,643.5137329101562,17862912,-0.01603639914772726,653.1997942243304,681.8093784877232,8.172079421001614,0
2022-05-06,HDFCBANK.NS,632.5978677162095,634.9760551888268,624.5120303093106,626.699951171875,26731268,-0.009323326627114704,649.5000087193081,674.126697358631,12.953496757459131,1
2022-05-09,HDFCBANK.NS,618.32874885627,630.9331425829555,616.1883801102291,627.7701416015625,32762434,0.015269211989182782,645.9191196986607,667.5946073986236,15.155059439249408,1
2022-05-10,HDFCBANK.NS,625.4870637597833,643.5374821065801,625.4870637597833,637.8536376953125,20113812,0.019771110630480735,643.8602818080357,662.842761811756,15.128112270732176,1
2022-05-11,HDFCBANK.NS,643.5375186995411,644.4887936717504,631.9557575251372,641.4447021484375,17102924,-0.0032520505647173174,641.4141409737723,659.0342639741443,13.66748379018034,0
2022-05-12,HDFCBANK.NS,635.6706993369925,638.4133907389254,622.1498973824371,626.9856567382812,22382290,-0.013662801522501761,635.6046142578125,654.5848010835193,8.208576274160645,0
2022-05-13,HDFCBANK.NS,630.353829122959,634.1790892090257,619.262889083472,621.35595703125,16768238,-0.014274319716956752,632.2319684709821,650.2862723214286,8.564250906964869,1
2022-05-16,HDFCBANK.NS,625.0368734940553,631.292053906236,618.4448991695826,627.9719848632812,9804356,0.004695901143908904,630.01171875,646.3628162202381,7.02900006279832,1
2022-05-17,HDFCBANK.NS,631.5807479648557,633.6978977151113,624.6519209350625,632.25439453125,16641444,0.001066604022628874,630.8052106584821,643.2899257114956,6.905256881577136,0
2022-05-18,HDFCBANK.NS,637.0901630861314,641.5409646353346,630.3297329141748,632.206298828125,15732384,-0.007665891801481338,631.438947405134,641.7888735816592,6.78276595047888,0
2022-05-19,HDFCBANK.NS,618.8780087156123,623.7859555796492,615.0768300364393,619.2870483398438,20537506,0.0006609374036094255,628.7865774972098,640.8786998930432,7.453303742957639,1
2022-05-20,HDFCBANK.NS,626.9615731938593,637.1623059170763,621.837124950426,635.5985107421875,13919350,0.013775864291538688,627.9514072963169,640.4712059384301,5.980554184264166,0
2022-05-23,HDFCBANK.NS,632.2544265466233,639.9290287015857,625.0850152898169,627.4427490234375,19486320,-0.007610350076103446,628.0167061941964,639.2212233770462,5.970739507259413,1
2022-05-24,HDFCBANK.NS,625.5180642227122,637.5472577654566,624.0264559706711,634.6361694335938,12870796,0.01457688551682681,629.9138793945312,638.7384614490327,5.599929057331107,1
2022-05-25,HDFCBANK.NS,639.9531102298189,642.8160348600121,636.6811460213428,639.375732421875,12887112,-0.0009022189262218647,631.542986188616,638.2514997209821,6.523457907143877,1
2022-05-26,HDFCBANK.NS,645.7993054909392,659.6809832899339,644.7647830842534,657.6119384765625,26992428,0.018291492240988506,635.1654924665179,638.4902372814361,11.850171080515102,1
2022-05-27,HDFCBANK.NS,660.0659236596756,671.0846178237094,659.5606740424182,669.8095703125,24031718,0.014761626533909873,640.5373883928571,639.2984851655506,17.47385556448014,1
2022-05-30,HDFCBANK.NS,678.566873569111,683.4988434000511,672.889070171654,674.3807373046875,12624674,-0.006169084326803792,648.4079153878348,640.3515915643601,18.673478147176017,0
2022-05-31,HDFCBANK.NS,671.662083279525,675.944488061126,664.0115042012508,668.3179321289062,13485388,-0.004978919063422801,653.0821184430804,640.8158889043899,19.02447290781231,1
2022-06-01,HDFCBANK.NS,664.0114702425767,673.8513268686822,663.6024894175849,671.1567993164062,12091896,0.0107608518738678,659.3269827706473,640.9827677408854,16.165353525715286,0
2022-06-02,HDFCBANK.NS,667.4999765351084,667.860852355906,663.3378636546508,666.4654541015625,11475020,-0.001549846396873271,663.8740234375,642.0066237676712,12.00350216661181,0
2022-06-03,HDFCBANK.NS,672.8169034842749,673.995741003826,662.231212745682,664.1558837890625,6957244,-0.012872773633302217,667.414045061384,642.9895833333334,5.4267131929572425,0
2022-06-06,HDFCBANK.NS,662.2312223234171,667.3796939444019,654.7009350100217,663.2656860351562,6173266,0.0015620884018572136,668.2217232840402,644.7308088030134,3.942428963691251,0
2022-06-07,HDFCBANK.NS,655.3505322636607,661.2689195958052,651.5492949621544,655.6392211914062,10253966,0.00044051070920526203,666.1973876953125,646.0579078311011,6.0603772640726605,1
2022-06-08,HDFCBANK.NS,660.7876929692908,664.4926611407994,652.9446351687653,657.9487915039062,5986588,-0.004296238406965113,663.8499668666294,647.0148199172247,5.520695487110474,1
2022-06-09,HDFCBANK.NS,655.4707669191479,664.9979118561328,653.016823143348,662.90478515625,7311816,0.01134149471233262,663.07666015625,648.0367286318824,5.157730508193655,0
2022-06-10,HDFCBANK.NS,654.436222491499,658.213377451669,646.4969548898966,650.105712890625,9155430,-0.0066171606216835046,660.0693620954241,649.137683686756,5.7628557258895805,0
2022-06-13,HDFCBANK.NS,636.8736353918679,639.9531208031428,629.511803905611,638.317138671875,10892572,0.002266545826031776,656.0481741768973,649.9453590029761,9.294466110619961,0
2022-06-14,HDFCBANK.NS,630.9312384303023,638.0284630380025,627.9239398677174,631.2921142578125,11870356,0.0005719733079123238,651.3533499581473,650.1034604027158,12.32315251965561,0
2022-06-15,HDFCBANK.NS,626.3120453531265,633.1205811087782,624.7482500861813,629.102783203125,11810470,0.004455826565534245,646.4729352678571,649.9533836728051,13.525379633611394,0
2022-06-16,HDFCBANK.NS,630.3297546494468,635.4060979237764,614.9323865969412,616.520263671875,12169192,-0.021908359673187067,640.8845127650669,649.2064296177456,16.793569409233786,1
2022-06-17,HDFCBANK.NS,613.4888961209325,625.0369224008559,611.8529139840168,620.5861206054688,14723922,0.011568627450980333,635.5469883510044,649.2682902018229,16.398957224518668,1
2022-06-20,HDFCBANK.NS,627.7795517185277,637.547280721459,622.703267102487,636.1759643554688,15936840,0.013374778796085495,631.7285853794643,649.2957879929315,11.280070510382284,1
2022-06-21,HDFCBANK.NS,643.2731943331319,651.5011513361289,637.0902003236198,643.1047973632812,13220684,-0.0002617814193628768,630.7284545898438,650.0415998186384,9.558046319550419,0
2022-06-22,HDFCBANK.NS,641.0357608318419,643.2972258536737,636.6811690239211,640.0734252929688,8159698,-0.0015012197410396964,630.9793526785714,650.3005167643229,9.81017498203547,1
2022-06-23,HDFCBANK.NS,640.193710492177,648.6141463686242,634.419697319756,642.43115234375,15372244,0.003494945068818032,632.5706438337054,650.4460129510788,10.72969121994363,1
2022-06-24,HDFCBANK.NS,644.0671595693715,655.1821236118307,644.0671595693715,651.4049682617188,8013432,0.011392924764636944,635.7566702706473,650.1504429408482,12.664964864803865,1
2022-06-27,HDFCBANK.NS,659.1997965869816,662.0868029953917,650.5387773617512,652.583740234375,9804164,-0.010036496350365043,640.9085954938616,649.3301653180804,10.72164959596594,0
2022-06-28,HDFCBANK.NS,646.6894682409041,650.0576425546589,643.9949405371601,647.6036987304688,9770574,0.001413708641415564,644.7682495117188,648.0550682431176,6.017551248204533,0
2022-06-29,HDFCBANK.NS,640.5545375901551,649.9373082816165,640.5545375901551,646.6653442382812,9994046,0.009539869424882684,646.2667323521206,647.0239926292783,4.678300734650653,1
2022-06-30,HDFCBANK.NS,642.8401831561805,651.5012035879254,642.8401831561805,648.6141967773438,12475822,0.008982035928143636,647.0537894112723,645.9505353655134,4.518398153411537,1
2022-07-01,HDFCBANK.NS,646.6653918015329,654.3881578947369,639.9772068826776,651.380859375,11472452,0.00729197454085236,648.6691371372768,645.2322213309152,3.5172940487458986,1
2022-07-04,HDFCBANK.NS,651.35673163144,654.4843218717582,645.8473846257052,652.2950439453125,8487480,0.0014405505743716777,650.0782645089286,644.6674194335938,2.4001184276886622,0
2022-07-05,HDFCBANK.NS,656.3128389795442,663.6987525096566,648.7585284770123,650.8275146484375,14325718,-0.00835778915986987,649.9957711356027,644.0751255580357,2.3564453324506847,1
2022-07-06,HDFCBANK.NS,648.6141194735643,660.835791929005,648.18105675633,659.80126953125,15049078,0.017247774480712113,651.0268467494419,644.2733183361236,4.384164761001407,1
2022-07-07,HDFCBANK.NS,664.0114788767993,672.6724981664967,661.3409744346241,671.6139526367188,17743142,0.011449310745018048,654.4568830217634,644.9240402948288,8.61278457253821,1
2022-07-08,HDFCBANK.NS,678.4465781386755,678.4465781386755,671.1087694034876,672.239501953125,12474030,-0.009148953485150811,658.110334123884,645.3685506184896,10.059488665866159,1
2022-07-11,HDFCBANK.NS,670.7478551643559,678.3984342696596,670.3869793455802,676.5940551757812,7462880,0.008715942908222718,662.1074567522321,646.629900251116,11.15640524235422,0
2022-07-12,HDFCBANK.NS,676.1610141176355,676.1610141176355,668.5345166503326,669.6893310546875,9876974,-0.00957121592020999,664.7229527064732,648.1238141741071,10.338693184893724,0
2022-07-13,HDFCBANK.NS,668.823193081103,670.8440741987707,651.6214454892688,653.3536376953125,15945610,-0.02312951396695154,664.8741803850446,649.1743629092261,10.132289800435986,0
2022-07-14,HDFCBANK.NS,655.350489555198,660.4749379498609,649.215600611124,650.0817260742188,10372410,-0.008039611726780421,664.7676391601562,650.1733601888021,10.307021947793718,1
2022-07-15,HDFCBANK.NS,651.0199810197498,656.7458891263111,648.0367643942972,655.3745727539062,13595646,0.0066888757044529555,664.13525390625,652.0235653831845,10.787135084979706,0
2022-07-18,HDFCBANK.NS,648.6142070978419,657.3233327010787,645.7512821263163,648.397705078125,20332220,-0.0003337916705303807,660.8186471121652,653.3479265485491,11.639831356740183,1
2022-07-19,HDFCBANK.NS,643.3212566690205,653.690444771779,643.3212566690205,648.63818359375,15792538,0.00826480839799917,657.4470302036831,653.9413655598959,11.189781099008258,1
2022-07-20,HDFCBANK.NS,654.3400285637287,659.7290838164299,652.1025868008825,656.8180541992188,20347862,0.00378706104978683,654.6218872070312,654.5943777901786,7.407026181647308,0
2022-07-21,HDFCBANK.NS,654.6528133808986,658.9592412990309,653.473917137891,654.7490234375,12640278,0.00014696348145905436,652.4875575474331,655.2932157970611,3.42259596850072,1
2022-07-22,HDFCBANK.NS,657.2751172050325,672.1913167902127,655.5429251294964,670.0260620117188,12729592,0.01939970717423135,654.8693324497768,656.6072591145834,7.499156188140676,1
2022-07-25,HDFCBANK.NS,671.2290446761094,675.8482435588785,665.5994052152816,671.9989013671875,10143126,0.0011469359038978376,658.0003574916294,657.5879225957962,9.48069787344145,0
2022-07-26,HDFCBANK.NS,671.710190933296,674.5971974845852,667.0428871698978,670.6275634765625,8527964,-0.0016117478510028623,660.1793561662946,658.4471522739956,10.477095112137016,1
2022-07-27,HDFCBANK.NS,668.2938535156615,676.5218097245117,666.0564118856013,675.751953125,9212778,0.01115991052454557,664.0871058872768,659.7875453404018,10.451650989474222,1
2022-07-28,HDFCBANK.NS,680.8764869533358,685.182915066855,678.9277339602053,681.7425537109375,17420406,0.0012719880539230597,668.8163016183036,661.4578886486236,9.763116326432584,1
2022-07-29,HDFCBANK.NS,691.9192202105274,692.2079091114783,680.9967358477592,690.0907592773438,20019736,-0.002642593065455464,673.5695452008929,663.4329630533854,10.972708402285148,1
2022-08-01,HDFCBANK.NS,692.4004588219614,696.9474710021221,688.0940305399319,695.8408203125,13193036,0.004968745249522233,679.4398018973214,665.5501040504092,10.189702628685877,0
2022-08-02,HDFCBANK.NS,693.8439067006424,695.094931123578,684.7258011854689,688.190185546875,15036510,-0.0081484049930652,682.0346766880581,667.2593965076264,9.69361754875925,1
2022-08-03,HDFCBANK.NS,685.6399502739025,690.8365853805471,681.8146902206062,689.8020629882812,10975498,0.006070405775970371,684.5779854910714,669.1153273809524,8.926868553821002,0
2022-08-04,HDFCBANK.NS,692.8815166078793,696.1053168364679,679.8659062909707,688.9840698242188,12012206,-0.005624983045790021,687.2003435407366,670.5049845377604,6.516592484402185,0
2022-08-05,HDFCBANK.NS,689.5134375282818,691.4140267889854,683.8116110098687,686.6505126953125,9268982,-0.004152094327896027,688.7572806222098,671.2210112072173,4.2242191579113655,1
2022-08-08,HDFCBANK.NS,687.1076072249125,704.6702316392747,686.674544464695,703.4913940429688,15357736,0.023844572008490817,691.8642578125,672.7091965448288,5.879040720979041,1
2022-08-10,HDFCBANK.NS,703.154439415044,708.0383035448924,697.2361116710222,705.5362548828125,17353102,0.003387329062090521,694.0707571847098,674.087396530878,7.714450177784136,1
2022-08-11,HDFCBANK.NS,715.2558683433389,717.421123242461,709.5059371613006,714.8709106445312,18301766,-0.0005382097733769822,696.7893415178571,676.2389003208706,11.06687854451149,0
2022-08-12,HDFCBANK.NS,714.5340142716603,716.6030588176026,710.1794232154215,714.606201171875,8850370,0.0001010265414561714,700.5630580357143,679.1556890578497,12.101399742257673,1
2022-08-16,HDFCBANK.NS,719.2495616686834,725.8415362160341,716.0016794217771,722.7861328125,12563756,0.004917029265352062,705.2750680106027,682.6178036644345,13.548111962133923,1
2022-08-17,HDFCBANK.NS,721.7516859147646,727.88657524504,714.8950448985743,726.5152587890625,12384350,0.006600016276041574,710.6366664341518,686.0054553803943,13.452570666604256,1
2022-08-18,HDFCBANK.NS,721.7516472669315,728.4398909455316,721.5832502964957,727.3812866210938,8342138,0.007799967447916581,716.4553484235491,689.7665783110119,9.607959015016796,0
2022-08-19,HDFCBANK.NS,726.563363324178,727.5256989047398,716.9400075185597,718.4075927734375,8063702,-0.01122513322640734,718.5862339564732,693.0889311290923,7.72269049990985,0
2022-08-22,HDFCBANK.NS,714.4378945404134,716.1460048012029,706.2098790742172,707.4849853515625,8234066,-0.009731999438976518,718.8646240234375,695.5016421363467,7.190653086979724,0
2022-08-23,HDFCBANK.NS,699.2811184238794,710.1795210324121,697.8857201939286,705.2957153320312,14966884,0.00860111441548459,717.4967389787946,697.9086274646577,8.806254604532517,1
2022-08-24,HDFCBANK.NS,703.4191637412739,709.9630335639699,702.1199755407531,708.6879272460938,13455520,0.007490218885702352,716.6512712751116,699.7496686662946,9.394475032541175,0
2022-08-25,HDFCBANK.NS,712.0801600941289,715.4002292936442,701.0614069473538,704.8385620117188,11823040,-0.010169638880899197,714.0873325892857,701.3134620303199,9.877787115442604,1
2022-08-26,HDFCBANK.NS,708.303013425697,712.9943990116683,703.0822963230394,704.9588623046875,7706176,-0.004721356619443978,711.0078473772321,702.9482857840402,8.640187938724772,0
2022-08-29,HDFCBANK.NS,691.4380811198513,695.7685910224809,687.3962601301372,692.5928955078125,8653178,0.0016701631273922251,706.0380772181919,703.7502354213169,7.594380788272602,1
2022-08-30,HDFCBANK.NS,695.9851015854548,716.9158997056655,694.3732012935722,715.0634155273438,10135400,0.02741195738016307,705.5603376116071,705.3369431268601,6.74415658113235,0
2022-09-01,HDFCBANK.NS,704.7904820543832,716.6753023262013,702.023767412422,708.3511352539062,22403136,0.005052073332693316,705.6840733119419,706.2064848400298,6.793121482273703,1
2022-09-02,HDFCBANK.NS,708.351141283871,717.1805580778581,705.0069900550793,714.7747192382812,12038086,0.00906835265736657,707.0382167271206,707.1080990745908,7.599693936304106,1
2022-09-05,HDFCBANK.NS,715.0633864131738,721.2704621778411,714.101050906599,719.369873046875,12131932,0.006022524318162801,708.564208984375,708.5928460984003,8.940355359834369,0
2022-09-06,HDFCBANK.NS,721.2223114778902,724.9513613297232,715.2317380870402,716.6271362304688,12238696,-0.006371371454115573,710.248291015625,709.8702305385044,9.227288768970404,0
2022-09-07,HDFCBANK.NS,707.9420794745788,716.9398922111682,707.9420794745788,713.2349243164062,9776206,0.007476381183268121,711.4305855887277,711.0250331333706,8.963019648700403,1
2022-09-08,HDFCBANK.NS,716.9881044068499,721.7516772237872,713.1628440120845,720.5968627929688,11164690,0.005033219329495498,715.43115234375,712.6415259951636,4.064985793509412,1
2022-09-09,HDFCBANK.NS,719.9231885431478,726.0821594471598,718.8887248344994,721.0780029296875,15128888,0.0016040799975849881,716.2903791155134,713.4789835611979,4.577635009208002,0
2022-09-12,HDFCBANK.NS,721.7516408855068,723.6763119278681,716.9399632796035,718.6481323242188,11080492,-0.004299967447916633,717.7613786969866,714.1033586774554,2.975146561751183,1
2022-09-13,HDFCBANK.NS,721.2223124269915,729.4021637256475,721.0539154710427,728.0548706054688,13001966,0.009473581253310031,719.6585431780134,714.7311662946429,4.563445187111607,1
2022-09-14,HDFCBANK.NS,718.8887165967504,740.4690789237419,718.0706961615213,735.537109375,20219760,0.023158511733309368,721.9681483677456,715.7278762090774,7.523915126172147,0
2022-09-15,HDFCBANK.NS,736.1866756721654,741.4554391702014,727.5256559583752,731.7117919921875,13539372,-0.006078463286356223,724.1230991908482,716.1529075985864,7.8905141576739215,0
2022-09-16,HDFCBANK.NS,723.2432582308112,728.8247925761237,713.5717978693896,718.26318359375,20560046,-0.006885753279254052,724.8414219447544,715.7599516369048,6.900913317476507,1
2022-09-19,HDFCBANK.NS,716.4588155669953,728.4880099183553,712.1283056005058,723.002685546875,12076038,0.009133630346499328,725.1851109095982,715.5514468238467,6.711599934788777,1
2022-09-20,HDFCBANK.NS,728.4879914821296,733.299669100902,726.5152154056927,731.7117919921875,10781668,0.004425331025016623,726.7042236328125,716.1849801199777,6.829455174003128,0
2022-09-21,HDFCBANK.NS,725.6009801321287,732.0967448746909,724.1574768560039,730.5810546875,9072304,0.006863379035767619,728.4089268275669,717.2847929454986,5.910948440832268,0
2022-09-22,HDFCBANK.NS,722.7140042906975,726.6355334380704,713.4515245419652,715.0153198242188,12048144,-0.010652463382157076,726.5461338588169,717.7476312546503,7.795396484056202,0
2022-09-23,HDFCBANK.NS,708.4473930800602,709.7224994874169,691.438123229436,695.8408203125,15806252,-0.01779464910266893,720.8752354213169,717.1358642578125,12.919457249227728,0
2022-09-26,HDFCBANK.NS,685.8324662197185,691.1734166960763,682.2958948729614,686.4580078125,8923486,0.0009120909603907123,714.4104091099331,716.2605997721354,17.2048006720828,0
2022-09-27,HDFCBANK.NS,689.2247583187195,692.881621797613,677.0030846314178,680.299072265625,12639700,-0.012950327081789191,708.9869646344866,715.0863240559896,21.287219081064887,0
2022-09-28,HDFCBANK.NS,676.5218756703962,678.735235635856,666.8504153685985,668.606689453125,11816132,-0.01169982302409315,701.2161080496652,713.9441237676712,24.934236449197584,0
2022-09-29,HDFCBANK.NS,671.8545371114053,674.6933797809945,663.434101683277,665.1422119140625,14410388,-0.009990741784973292,691.7061680385044,711.5669235956101,24.043583392095183,1
2022-09-30,HDFCBANK.NS,663.4341231736677,688.7675584504451,656.7939846693048,683.9077758789062,15781756,0.03086011404915206,685.038556780134,710.4029541015625,16.866743624902625,0
2022-10-03,HDFCBANK.NS,678.4224718418965,682.22370896109,674.1641488370536,679.9862670898438,11541112,0.0023050463580630105,680.034406389509,708.7463611421131,10.476568328406227,1
2022-10-04,HDFCBANK.NS,687.8293370288237,701.5426186694823,686.2174367235855,699.1367797851562,11538526,0.016439314445610354,680.5052577427456,707.7828805106027,11.343551361180825,0
2022-10-06,HDFCBANK.NS,702.4808255656671,703.7559318367181,690.0907561363719,691.4380493164062,12549198,-0.015719683509323956,681.2166922433036,706.5834001813616,11.920603101091713,0
2022-10-07,HDFCBANK.NS,688.1901072180511,690.4515719276419,683.4265352110768,688.4547729492188,13297994,0.00038458229549026665,682.3817923409598,705.4033929734003,12.21099400800735,0
2022-10-10,HDFCBANK.NS,677.4841817579505,686.1452011270152,672.7687143847188,680.8523559570312,13109302,0.004971590909090919,684.1311732700893,703.5107974097842,10.69122403825677,0
2022-10-11,HDFCBANK.NS,674.1641338324686,681.8147129301799,673.3701952846903,673.9476318359375,14521620,-0.00032114137443103153,685.3890904017857,701.2664940243676,8.345268148339171,1
2022-10-12,HDFCBANK.NS,675.1745875438293,680.7802037798269,672.3357447059547,678.350341796875,9225050,0.0047036045367148584,684.5951712472098,699.3475516183036,8.763547023946431,0
2022-10-13,HDFCBANK.NS,674.6212615810351,676.6421426191388,665.9361602736982,670.5553588867188,14714234,-0.006026941227419326,683.2478986467634,696.6094796316964,10.197768285366234,1
2022-10-14,HDFCBANK.NS,681.8147602518703,696.249793990442,680.9727166171202,692.4004516601562,12849920,0.015525758645024708,682.2855660574777,694.5553530738467,8.648670059208548,1
2022-10-17,HDFCBANK.NS,690.4757528984051,701.3501327995798,686.626410721968,696.0332641601562,18410500,0.008048814514372827,682.9420253208706,692.8563755580357,9.583072269408788,0
2022-10-18,HDFCBANK.NS,701.5666873690876,703.90033929577,692.8815856653596,694.7340698242188,10561108,-0.009739084919341804,683.8390677315848,691.7359415690104,10.440631975388444,1
2022-10-19,HDFCBANK.NS,704.4296436407238,710.8773037655702,699.3292768206403,701.8554077148438,12967040,-0.0036543549084271806,686.8395036969866,690.7289283389136,12.292887669731527,0
2022-10-20,HDFCBANK.NS,694.8062769145736,699.0886819198254,694.0845252418784,697.1159057617188,7898078,0.00332413353748263,690.1492571149554,689.0815051850818,11.324113865728304,0
2022-10-21,HDFCBANK.NS,698.6555450817992,701.3741545079234,689.9945259278926,692.2078857421875,10492606,-0.00922866695183366,692.12890625,687.2542114257812,10.058195690748438,1
2022-10-24,HDFCBANK.NS,699.7622496749542,703.948385410148,699.7622496749542,703.0101318359375,2167794,0.004641408081804878,696.7653023856027,686.6825358072916,4.272269963635242,0
2022-10-25,HDFCBANK.NS,703.0342306280569,706.2580899913314,695.2874411281454,698.1263427734375,13773394,-0.006981008378830884,697.5832868303571,686.7913702101935,3.821661136904361,1
2022-10-27,HDFCBANK.NS,704.6701461335379,706.0414624275766,698.2946736608377,699.8103637695312,15937276,-0.006896535053559168,698.1228724888393,687.4271966843378,3.832966555792476,1
2022-10-28,HDFCBANK.NS,697.6931978037887,705.8730490883848,696.442173472227,701.8793334960938,10474278,0.005999966325431019,699.1436244419643,688.454828171503,3.7301311339230856,1
2022-10-31,HDFCBANK.NS,708.2789372387135,720.7892989018973,705.9933903964011,720.1637573242188,12830528,0.016779858133067208,701.7591029575893,690.9099266415551,8.851463084958402,1
2022-11-01,HDFCBANK.NS,723.4357504196331,735.7055286941263,721.2223903997298,728.1271362304688,19073756,0.006484868639840338,706.1892787388393,693.9092087518601,12.951313246004824,1
2022-11-02,HDFCBANK.NS,729.931460645262,735.34459771333,727.33314310533,728.5841674804688,12720406,-0.0018457803745055572,711.3858904157366,696.0366559709821,13.683550769426027,0
2022-11-03,HDFCBANK.NS,720.6449111524606,731.4952673413037,720.3081172240958,725.3844604492188,10332352,0.006576816436792158,714.5822230747768,698.198474702381,14.010283151321863,0
2022-11-04,HDFCBANK.NS,723.2913397099678,729.4984154442802,716.7474700445205,720.3803100585938,10818060,-0.004024698612513952,717.7613612583706,699.2100713820685,12.040221363749351,1
2022-11-07,HDFCBANK.NS,726.5632786654467,727.5256141338776,717.9503644757295,725.9859008789062,9835834,-0.0007946696502484119,721.5007237025669,700.855207170759,9.285530891576476,0
2022-11-09,HDFCBANK.NS,728.9932072410344,730.38854669658,723.6762802249166,725.7693481445312,9269790,-0.0044223444944078835,724.9135829380581,702.632091703869,3.391544571761372,1
2022-11-10,HDFCBANK.NS,720.3562225050898,734.7431498920162,719.3698638652188,733.6605224609375,12774182,0.018469056753033987,726.8416922433036,705.1467662992932,4.019542194033263,1
2022-11-11,HDFCBANK.NS,743.4041999414936,787.6716345011165,740.0360255728266,775.2334594726562,56722338,0.04281554978256459,733.5711669921875,709.9699009486607,18.79738578128344,1
2022-11-14,HDFCBANK.NS,775.6423393237892,783.3410225925116,768.9059914636571,777.1099243164062,19195390,0.0018920898437500204,740.50341796875,714.6727382114956,24.679312433883442,1
2022-11-15,HDFCBANK.NS,781.0074781111963,781.0074781111963,772.3945632755499,779.0106201171875,11030202,-0.0025567719259718645,748.1642979213169,719.8372744605655,27.379459887980513,1
2022-11-16,HDFCBANK.NS,778.8421514086572,790.0774060630871,775.6423742836154,785.6987915039062,13578150,0.008803632524058663,757.4955095563616,724.2800525483631,27.462691648382442,0
2022-11-17,HDFCBANK.NS,778.5775416526076,785.0492832742325,776.5566605526772,778.6016235351562,12100930,3.0930615462597475e-05,765.0120413643973,728.2118791852679,24.43467976318316,0
2022-11-18,HDFCBANK.NS,779.9729198902146,780.9352553866862,772.3945278555009,776.556640625,10459232,-0.00437999727695092,772.2673688616071,732.1081920805432,17.354787101704467,0
2022-11-21,HDFCBANK.NS,773.5493742606727,775.6424423049926,765.1529614641645,768.5933227539062,8344816,-0.006406897441424815,777.2577689034598,735.2861880347842,5.095965558254751,0
2022-11-22,HDFCBANK.NS,769.8684242750784,771.9614923063164,765.5379143885311,767.4625854492188,8546314,-0.0031250000000000162,776.1476440429688,738.6360299246652,6.311818803046395,1
2022-11-23,HDFCBANK.NS,772.2741699253228,772.2741699253228,766.9813251470183,769.4593505859375,10185738,-0.00364484460183029,775.054704938616,742.3146711077009,6.763628395776074,1
2022-11-24,HDFCBANK.NS,772.731331473911,785.2657749671398,769.4594259866601,781.9697875976562,17197960,0.011955586304652276,775.4774431501116,746.0746547154018,7.134402153999908,0
2022-11-25,HDFCBANK.NS,784.1590590980275,785.1213945985398,776.6528539412901,778.3610229492188,8410496,-0.007393954174906618,774.4291904994419,749.8953537713913,5.795765688856101,0
2022-11-28,HDFCBANK.NS,771.2638148082744,773.4530928760762,767.0054918764588,769.9887084960938,16105980,-0.0016532686840723498,773.1987740652902,753.2371797107514,5.675335677227173,0
2022-11-29,HDFCBANK.NS,768.5451734076865,775.8107945409757,766.4280236025191,768.8338623046875,12638236,0.0003756303558851612,772.0955200195312,756.4254906063989,5.6644153966360555,1
2022-11-30,HDFCBANK.NS,768.4730227722782,776.0754969244954,768.4730227722782,773.9342651367188,15184806,0.007106615590406813,772.8585117885044,758.9859909784226,5.470437422422954,1
2022-12-01,HDFCBANK.NS,780.454140154658,787.6716568638566,777.0859656903655,779.251220703125,20446366,-0.0015413070283599995,774.5426025390625,761.4204711914062,5.345585221643918,0
2022-12-02,HDFCBANK.NS,774.680127315897,778.8181584847341,772.3464753255907,773.2847290039062,7811078,-0.0018012574000388383,775.0890851702009,763.5490693591889,4.917722723641085,1
2022-12-05,HDFCBANK.NS,774.6560449978288,776.8934869252123,768.0399880135933,776.0995483398438,11592622,0.0018634119637174432,774.2504795619419,765.9640735444568,3.9551261058336777,0
2022-12-06,HDFCBANK.NS,770.3495948908293,776.4604020366052,769.8684271238768,775.2334594726562,12353092,0.006339802881987743,773.8036847795759,768.5761282784598,3.5714245197497143,0
2022-12-07,HDFCBANK.NS,776.6769012486282,778.8180741474324,772.0095390371375,774.8965454101562,11674720,-0.002292273448083377,774.5048043387277,770.9052065894717,3.1551481334052687,1
2022-12-08,HDFCBANK.NS,774.6801267872993,782.378811277111,772.2742878842332,779.251220703125,14803634,0.005900621118012467,775.9929983956473,773.4519624255952,2.4012355276610458,1
2022-12-09,HDFCBANK.NS,782.3787950839879,786.637118107019,779.4917884600618,784.8087158203125,11963384,0.0031058110874077442,777.5464913504464,775.8875906808036,3.8983052067890545,1
2022-12-12,HDFCBANK.NS,781.897599252911,795.6589852525027,780.1654070879796,790.9194946289062,14434808,0.011538461538461631,779.2133876255581,776.6345447358631,6.424718062395528,1
2022-12-13,HDFCBANK.NS,793.9268484620385,797.2950229706653,791.5210095273051,793.10888671875,17031702,-0.0010302734374999579,782.04541015625,777.3964000883557,7.631682359131023,1
2022-12-14,HDFCBANK.NS,795.3703041942985,801.3849011709643,793.9268009198986,799.8211059570312,14227640,0.005595886267392656,785.4342041015625,778.3873756045386,9.571573115391033,0
2022-12-15,HDFCBANK.NS,797.319103295872,803.2615137057865,782.88406971569,785.1696166992188,18182648,-0.015237922365626232,786.8536551339286,778.3621768043155,8.48136190219463,1
2022-12-16,HDFCBANK.NS,779.5157798111618,791.5689958244285,774.198853068412,788.9466552734375,14647958,0.012098376590349902,788.8608136858259,778.8547973632812,6.643397433623815,1
2022-12-19,HDFCBANK.NS,791.0398199705028,792.3149263180803,782.4750101040391,791.4006958007812,9604542,0.00045620437956199266,790.596452985491,779.5616571335565,5.128807434179825,0
2022-12-20,HDFCBANK.NS,779.5879427299554,787.3828952985053,779.5879427299554,785.9393920898438,7174698,0.008147187779286127,790.7579781668527,780.3876604352679,4.930106087169438,0
2022-12-21,HDFCBANK.NS,789.5962507751079,791.4247116571615,773.0200458484181,778.3369140625,9269198,-0.014259612683767424,788.960466657366,780.9054856073288,6.800429995157475,0
2022-12-22,HDFCBANK.NS,780.5503710559809,783.1005838558391,774.1989796768327,775.6665649414062,9747096,-0.0062568750149558285,786.4687064034598,781.2010672433036,8.09867724180403,0
2022-12-23,HDFCBANK.NS,763.6132225912555,771.8652612871225,762.867389080973,768.7376708984375,10693152,0.006710790431041262,782.0282156808036,780.5709664481027,8.07886934784846,1
2022-12-26,HDFCBANK.NS,769.6278068793584,788.6339327760353,765.0567133092716,784.0387573242188,9907322,0.018724570910831535,781.8666643415179,780.8413347516741,8.01664897918142,1
2022-12-27,HDFCBANK.NS,785.7469942121562,787.1664156857469,776.3642223890472,784.832763671875,7926772,-0.0011635177061006515,781.2789655412946,781.5481945219494,7.548219542994373,0
2022-12-28,HDFCBANK.NS,780.983294437702,785.7468664900749,780.983294437702,784.2071533203125,8691870,0.004127948581706322,780.2513166155134,782.280255998884,6.3322735995350525,1
2022-12-29,HDFCBANK.NS,779.5398097026953,790.7991460730816,775.1611952076266,789.7406005859375,11012896,0.013085657404889511,780.7943464006696,783.0329386393229,7.0263109319295705,0
2022-12-30,HDFCBANK.NS,791.5209337293505,791.5209337293505,779.4917402076278,783.4132690429688,7122640,-0.010243146252849559,781.5195399693081,783.2311314174107,6.9922899682272375,1
2023-01-02,HDFCBANK.NS,782.8599557722763,788.9948447926183,778.7941116415499,783.6779174804688,4381378,0.0010448378438076484,782.6640189034598,783.7260451543899,6.513897535104713,1
2023-01-03,HDFCBANK.NS,780.5502688048173,790.5585810922254,780.5502688048173,788.8023071289062,8378030,0.010572077999184519,785.5303955078125,784.3309384300595,2.6079294565767825,0
2023-01-04,HDFCBANK.NS,786.709274515468,791.8818278494382,773.2365774595456,774.7041625976562,10351600,-0.01525990897362391,784.1968819754464,784.3057338169643,4.8877790196578825,0
2023-01-05,HDFCBANK.NS,777.0858888332178,778.5534739134582,764.7680066150712,769.7239990234375,10941436,-0.009473714444659519,782.0384870256696,784.0594220842634,7.300589206429089,0
2023-01-06,HDFCBANK.NS,770.8307523930382,774.2470317456477,759.3789361975485,767.1738891601562,9092462,-0.00474405467286983,779.6051635742188,783.4843110584077,9.079255950025056,1
2023-01-09,HDFCBANK.NS,767.9437146970364,775.4258965646997,765.0567082508069,768.6654663085938,10729340,0.000939849624060133,776.5944301060268,782.7155848911831,8.641909630457205,0
2023-01-10,HDFCBANK.NS,769.8683496277957,769.8683496277957,753.0274794796877,754.6153564453125,16371766,-0.019812469482421928,772.4804425920759,780.98681640625,11.30047546231603,1
2023-01-11,HDFCBANK.NS,754.4469115539331,768.9060251968651,750.6216516314828,765.48974609375,15195798,0.014636993499081334,769.8821323939732,779.671619233631,10.347562969954046,1
2023-01-12,HDFCBANK.NS,763.998177755398,771.7449667913606,762.2419037187744,769.5797119140625,9250070,0.007305690407616966,767.1360473632812,778.2315528506324,6.215088115206667,1
2023-01-13,HDFCBANK.NS,769.2669828560861,774.6320153125537,763.1320937043018,770.1812133789062,9244546,0.0011884437304534566,766.4899117606027,777.5178193591889,5.489962826548259,0
2023-01-16,HDFCBANK.NS,777.0859473381312,780.1173277789237,760.3894492396894,762.7952880859375,14748094,-0.01839006264512389,765.5000959123884,776.2725161597842,5.434012127354509,1
2023-01-17,HDFCBANK.NS,764.9605254372576,775.1612584159965,759.0421385172157,774.1508178710938,10786354,0.012014074096938386,766.4968000139509,775.4510934012277,6.354137758309893,1
2023-01-18,HDFCBANK.NS,772.2742970463503,789.8850262784646,769.7240842843244,787.8160400390625,19090642,0.020124641014408164,769.2325962611607,775.5404575892857,10.32525394293501,1
2023-01-19,HDFCBANK.NS,787.6716113274065,793.9267921137573,785.7469403162216,791.087890625,11172162,0.004337187285239731,774.4429582868304,776.1476469494048,10.905811132471841,1
2023-01-20,HDFCBANK.NS,791.0878917418223,803.068980550622,790.7510978089086,799.195556640625,18843404,0.010248753625783823,779.258074079241,777.2680751255581,13.44032511246544,1
2023-01-23,HDFCBANK.NS,801.7458215030824,809.6129030380878,799.4121694938297,805.0418090820312,15444400,0.0041110131048386804,784.3240879603794,778.996843610491,15.680842105146423,1
2023-01-24,HDFCBANK.NS,805.9800286815163,819.139954334254,805.9559468005266,815.8198852539062,24983940,0.012208561282202943,790.8438982282366,780.5102306547619,18.118782699107744,0
2023-01-25,HDFCBANK.NS,813.8471429635326,814.5929177332151,791.6653214666925,793.2772216796875,14704142,-0.025274919819638468,795.1984601702009,780.912347702753,13.267772879831956,0
2023-01-27,HDFCBANK.NS,785.2657804091282,787.6716191971464,765.032652707376,777.4708862304688,35179948,-0.009926440669041055,795.6727556501116,780.5915730794271,12.422370420377968,0
2023-01-30,HDFCBANK.NS,767.4626270039054,782.0420345725445,761.2074457179801,776.677001953125,18512822,0.012006284899098732,794.0814644949777,779.9694969540551,14.184950632667585,0
2023-01-31,HDFCBANK.NS,779.3473843212695,780.7908875770869,767.4625643428925,771.552490234375,18596244,-0.010001822349969172,791.2906930106027,779.4046979631696,16.589913125556908,1
2023-02-01,HDFCBANK.NS,781.4164037954262,801.1442809848427,772.7553845415359,783.1245727539062,17302790,0.002185990657712483,788.9948381696429,779.3783482142857,16.424845559717333,0
2023-02-02,HDFCBANK.NS,773.7658324138648,781.6569951120864,764.4552483744704,771.4802856445312,17497106,-0.0029537964505404676,784.2003348214286,778.5534900483631,15.84822149939299,1
2023-02-03,HDFCBANK.NS,775.1612302770866,798.9790334420251,773.2365593142633,798.1610717773438,14411100,0.02967104210311926,781.6776471819196,779.6704857235864,10.468645920696101,0
2023-02-06,HDFCBANK.NS,798.7384939446326,803.2614827057959,792.0983552594887,794.7688598632812,11167672,-0.004969879518072352,781.8907383510044,780.8630981445312,10.755364169353097,1
2023-02-07,HDFCBANK.NS,798.4498004893098,801.0962231951561,785.5544809008483,795.9476928710938,10264588,-0.003133706861323947,784.5302821568081,782.2332792736236,11.71437640668947,0
2023-02-08,HDFCBANK.NS,795.9717323644562,802.6839988300309,793.9267694733884,795.8514404296875,8444826,-0.00015112588786461692,787.2694876534598,783.527849469866,11.813351027527155,0
2023-02-09,HDFCBANK.NS,798.738479108453,799.5324176572361,786.9739509076702,794.1914672851562,11777336,-0.005692741669804261,790.5036272321429,785.4124261765253,9.703983352613212,1
2023-02-10,HDFCBANK.NS,793.3494822002282,798.0167863072628,790.1737277709518,797.3431396484375,8172116,0.005033919524512133,792.5348510742188,786.9292544410342,9.384838397386222,1
2023-02-13,HDFCBANK.NS,796.3326188427218,799.5805011250109,791.3044393965116,797.9445190429688,5736944,0.002024154432590585,796.3154558454241,788.2799595424107,1.5475855128267635,1
2023-02-14,HDFCBANK.NS,801.1443083812574,807.1589052910266,797.7520522296284,805.3304443359375,10908592,0.005225195899023968,797.3396519252232,789.9537324451264,3.761449223457158,0
2023-02-15,HDFCBANK.NS,807.3994872360046,807.3994872360046,797.1746725138561,803.6945190429688,11438712,-0.004588767086933825,798.61474609375,791.9013148716518,4.2285795458221545,0
2023-02-16,HDFCBANK.NS,805.0898752375481,809.2760700053668,799.2196520403804,800.783447265625,8062500,-0.0053490027689796,799.3055681501116,793.1695353190104,4.113691690310957,0
2023-02-17,HDFCBANK.NS,799.2196298038508,802.6599909509282,790.5345284538475,796.7656860351562,8956270,-0.0030704247958684636,799.4361746651786,793.595708937872,3.998652947223266,0
2023-02-20,HDFCBANK.NS,798.7384045852328,803.2854159842882,786.61300169689,789.283447265625,8086706,-0.011837364104856824,798.7350289481027,793.509783063616,5.292526701012567,1
2023-02-21,HDFCBANK.NS,789.1150855033404,799.8691726347396,786.2280790929624,792.24267578125,12389296,0.0039634146341463354,798.0063912527902,793.178693498884,5.838977320116173,0
2023-02-22,HDFCBANK.NS,788.6339109553685,790.0533322670238,774.222960909244,776.700927734375,10359102,-0.015131207338697385,794.9715924944196,791.8291277204241,9.949965325789469,0
2023-02-23,HDFCBANK.NS,776.1235754720026,778.9383950431011,766.0671578181314,771.4321899414062,27882010,-0.0060446373217605855,790.1289847237723,789.7154279436384,12.087545731332922,0
2023-02-24,HDFCBANK.NS,778.4813560195853,778.4813560195853,762.7471345130758,764.551513671875,17061740,-0.017893610733254142,784.537126813616,788.3475370861236,13.711028108035551,1
2023-02-27,HDFCBANK.NS,763.0839132987682,769.3871988024864,758.94588257592,766.4520874023438,14312972,0.004413897403517751,779.6326468331473,787.8228323800223,13.055662920754456,1
2023-02-28,HDFCBANK.NS,766.0189795071293,772.4185334208952,764.4311026003177,769.6758422851562,18993992,0.004773854011267242,775.7626691545759,787.4894438244048,10.98075467718386,0
2023-03-01,HDFCBANK.NS,775.6423810879135,776.1235488181169,767.8234054721079,768.9301147460938,14137256,-0.00865381586344613,772.8550502232143,787.3645688011533,9.382203576892254,0
2023-03-02,HDFCBANK.NS,766.9813446479279,772.7312753996731,761.2073320156976,762.3861694335938,17391814,-0.005991247696439771,768.5898350306919,786.3770257859003,4.7351078743163635,1
2023-03-03,HDFCBANK.NS,767.943731924865,779.4917579688479,764.094389910204,777.5189819335938,14986234,0.012468686976229632,768.7066999162946,786.6645827520462,4.972787904249987,1
2023-03-06,HDFCBANK.NS,779.4917852900815,788.8504748967295,778.5535316356411,783.0043334960938,27004710,0.004506202980324074,770.35986328125,785.9428333100818,7.3737722545355355,1
2023-03-08,HDFCBANK.NS,779.4917718675084,788.8745431955432,779.4917718675084,784.568115234375,20099774,0.006512375819830227,773.2193777901786,785.4570835658482,8.535561291462903,1
2023-03-09,HDFCBANK.NS,784.27938296168,791.9780672791738,782.859961535162,784.6402587890625,20700166,0.0004601368277969398,775.8176879882812,784.9186343238467,8.89303689936102,0
2023-03-10,HDFCBANK.NS,774.8965873418113,776.4844644274136,762.6508914747951,764.4071655273438,27387000,-0.013536544083192048,775.0650198800223,783.4212878999256,9.687008662659201,0
2023-03-13,HDFCBANK.NS,764.0462404475056,771.6968190039678,753.0034059433883,754.7356567382812,26443550,-0.012185890351048806,773.0372401646206,781.5424397786459,12.314568145829677,0
2023-03-14,HDFCBANK.NS,755.5536842804477,761.9772622068983,750.2849207392273,752.7147827148438,33185612,-0.0037573790250358583,771.6556134905134,779.4172799246652,14.119054825094269,0
2023-03-15,HDFCBANK.NS,759.2828049016546,761.6405389201565,739.3624458014605,741.9126586914062,37264754,-0.02287704409755226,766.5689958844866,776.7490960984003,17.63157572329107,1
2023-03-16,HDFCBANK.NS,740.5172279680158,750.1886887887587,737.1731353258391,746.7243041992188,21753342,0.00838208214039147,761.3861345563616,773.9583275204614,17.324798602805565,1
2023-03-17,HDFCBANK.NS,749.4187927190782,759.8601097073861,740.9983568458301,756.70849609375,22950876,0.009727142480939088,757.4061889648438,771.7208978562128,13.990998206094403,0
2023-03-20,HDFCBANK.NS,754.4469617185391,754.5191486294086,743.596664030981,751.4637451171875,26503114,-0.003954176705220215,752.6666870117188,769.3723406110491,7.197987139517689,1
2023-03-21,HDFCBANK.NS,756.3716494546454,761.4479929018443,748.793257108229,759.9804077148438,33050494,0.004771144268562014,752.0342930385044,767.6206606910342,6.106258168877911,0
2023-03-22,HDFCBANK.NS,762.1697342790129,763.156151684689,753.1719206327385,758.2241821289062,14177324,-0.0051767368509312755,752.5326538085938,766.1416480654761,6.493550003179955,0
2023-03-23,HDFCBANK.NS,754.350750068819,765.225129615806,749.9240302046185,752.1373901367188,28364178,-0.002934125712605643,752.4501691545759,764.2318725585938,6.494518025067533,0
2023-03-24,HDFCBANK.NS,750.6216774626521,757.3099208232004,748.1917568712191,750.9344482421875,31477748,0.0004166823167067072,753.738996233259,763.0048973446801,4.702895255747472,1
2023-03-27,HDFCBANK.NS,751.6802291971494,759.9803728144399,750.092410877359,754.2063598632812,31872006,0.0033606453489270893,754.807861328125,762.1846197219122,3.552430130963959,1
2023-03-28,HDFCBANK.NS,753.3643152523856,761.6404357125624,752.5944586072359,760.3412475585938,39276302,0.009261033692405234,755.3268258231027,761.984130859375,4.099578040201129,1
2023-03-29,HDFCBANK.NS,762.1697689090198,770.8307890102587,761.1593283111356,763.9982299804688,39763612,0.0023990207248264727,757.1174665178571,761.8672805059524,4.807361360147098,1
2023-03-31,HDFCBANK.NS,767.7512367744048,776.0994853441741,766.2115234957539,774.4635620117188,34711228,0.008742838716242022,759.1864885602679,762.0952671595982,8.179129645864226,1
2023-04-03,HDFCBANK.NS,773.5011989750112,777.4226689404504,771.1915704030113,774.9447021484375,40025398,0.0018661938408616652,761.5751342773438,762.3816760835193,10.073437297117604,1
2023-04-05,HDFCBANK.NS,778.8180825386323,796.8137675382653,777.5670581774376,795.7311401367188,43365392,0.021716313446339983,767.8028128487723,763.9695318312872,15.356424784393365,1
2023-04-06,HDFCBANK.NS,793.2291334002176,803.1652006446278,792.5314049071793,801.7938842773438,44637344,0.010797322635406599,775.0684465680804,765.1254795619419,17.871037425174922,0
2023-04-10,HDFCBANK.NS,800.3022433921424,804.0312933763835,795.8514417980481,797.9926147460938,31813286,-0.0028859454851195778,781.3236258370536,765.8392072405134,16.993350773554692,1
2023-04-11,HDFCBANK.NS,798.2573101275717,803.2614665555587,794.4560730939902,800.3263549804688,42361542,0.002591952277350741,787.0357840401786,766.589599609375,15.4115004698516,1
2023-04-12,HDFCBANK.NS,802.5878572606912,812.3074229248433,802.4916471991853,810.7196044921875,26955504,0.01013190912114064,793.7102661132812,767.8314732142857,13.804827404047545,1
2023-04-13,HDFCBANK.NS,812.3555567321653,816.5657746530499,807.4716921966794,814.3523559570312,35330086,0.0024580360266118406,799.4086652483259,770.2098156156994,12.726596451013654,0
2023-04-17,HDFCBANK.NS,827.6085828103118,827.6085828103118,795.5147153318975,801.9382934570312,32405148,-0.031017427666242738,803.264892578125,772.4575602213541,6.777630450603829,0
2023-04-18,HDFCBANK.NS,803.550177070361,807.0386434079419,797.00630713609,798.5460205078125,29637226,-0.006227559529378706,803.6670183454241,774.6400001162574,6.324503129208621,1
2023-04-19,HDFCBANK.NS,801.1442851788886,803.6944976892919,797.3671301762054,801.4810791015625,24741168,0.00042039109421931686,803.622331891741,777.4765915643601,6.341027256092779,1
2023-04-20,HDFCBANK.NS,804.368086679066,807.134801181368,801.8179329013308,804.46435546875,32922716,0.00011968250764581634,804.5468662806919,780.2261178152902,5.835005022632116,1
2023-04-21,HDFCBANK.NS,803.0689611623811,806.8942212156402,800.3022466466929,805.7634887695312,20128618,0.003355287948434712,805.3235996791294,782.5620698474702,5.533653900214574,1
2023-04-24,HDFCBANK.NS,811.7300315452851,813.8712046366431,805.5229555378388,812.2833862304688,35675852,0.0006816979336470173,805.5469970703125,785.4582432338169,5.8123484791879045,0
2023-04-25,HDFCBANK.NS,812.066755339811,812.066755339811,799.6526631336261,800.7352905273438,50353068,-0.013953858765866623,803.6017020089286,787.3989519391741,4.506094644329084,1
2023-04-26,HDFCBANK.NS,798.738456878835,805.955973055451,796.3326181532963,804.416259765625,27392750,0.007108463149472846,803.9556971958706,789.5985746837798,4.450631450399923,1
2023-04-27,HDFCBANK.NS,803.7907560168101,810.8879805910382,801.5533141495392,808.843017578125,47790392,0.006285543250523866,805.4266967773438,792.2988426571801,4.048109478764274,1
2023-04-28,HDFCBANK.NS,810.6232785465422,813.6546588421882,803.5501361717647,812.0186767578125,27916272,0.0017213892669998851,806.9320678710938,795.2076154436384,4.288481635391778,0
2023-05-02,HDFCBANK.NS,812.547950500037,817.5040017864336,809.3241500911014,811.8502807617188,32221184,-0.0008586197748562734,807.9872000558036,797.9525640578497,4.484278731838581,1
2023-05-03,HDFCBANK.NS,810.7435373497618,816.0604642226169,808.193383640843,814.6891479492188,29407270,0.0048666568621129275,809.2622942243304,800.5405593145462,4.987362231681346,1
2023-05-04,HDFCBANK.NS,811.7781309061464,834.5614130090665,811.7781309061464,831.3616943359375,56854638,0.024124280618314932,811.9877668108259,803.7483433314732,9.802225723657607,0
2023-05-05,HDFCBANK.NS,788.6339660930405,799.1955750303342,780.5022191249311,782.2103881835938,62770416,-0.008145195598497612,809.3413521902902,804.1172398158482,14.648954785341635,1
2023-05-08,HDFCBANK.NS,786.7093355416769,794.095249360511,784.3034965950662,791.25634765625,37244524,0.0057797866494648355,807.4613647460938,804.8939848400298,16.15354265525207,1
2023-05-09,HDFCBANK.NS,793.878651970084,796.8137633850524,789.0909977997552,791.2803344726562,43688938,-0.003272940380724134,804.952410016741,804.6820417131696,17.231146417724293,1
2023-05-10,HDFCBANK.NS,791.2803318242208,796.1641960299875,785.7950079560763,794.9371948242188,46340550,0.004621450645142982,802.5121983119419,804.3555326915923,17.273121792548,1
2023-05-11,HDFCBANK.NS,801.2164814876731,812.2111527020498,793.5659026029952,795.4664916992188,35734618,-0.007176574523002825,800.1716570172991,804.2352411179315,16.902956751859517,1
2023-05-12,HDFCBANK.NS,792.4833249747595,804.8974770572269,791.1601135942614,802.4916381835938,22478760,0.012629052111794279,798.4291556222098,804.3383498418899,15.746059155662605,1
2023-05-15,HDFCBANK.NS,804.5124814304968,808.7226992609494,801.1924121940802,806.3409423828125,18512260,0.002272756476151293,794.8547624860491,804.1298421223959,7.918759721624784,0
2023-05-16,HDFCBANK.NS,813.6412692634764,813.6412692634764,800.1113815056924,801.7174682617188,32722086,-0.014654862593869257,797.6414882114956,803.5281808035714,5.903334938176242,0
2023-05-17,HDFCBANK.NS,803.0314612780545,803.0314612780545,791.0346460503185,797.4102172851562,30466868,-0.007000029592803049,798.5206124441964,803.3125581287202,5.2116796839604715,1
2023-05-18,HDFCBANK.NS,802.0580796447568,804.953835962047,798.1645938212387,800.5980224609375,49646942,-0.00182038834951457,799.8517107282366,803.4102725074405,4.132410102859986,1
2023-05-19,HDFCBANK.NS,802.0581085513332,803.0314800422937,794.0521518021368,801.5227661132812,30460332,-0.0006674609137970398,800.7925066266741,803.4122576032366,3.533297813203931,0
2023-05-22,HDFCBANK.NS,800.597982910975,804.4428118537385,794.6117249890884,798.6755981445312,28334032,-0.0024011861227203907,801.2509504045759,803.1366024925595,2.873697741371092,0
2023-05-23,HDFCBANK.NS,802.5447339766307,802.8367335199955,794.9767474392801,796.8018188476562,22470074,-0.007155881642283242,800.4381190708706,802.7098563058036,3.244981619335713,0
2023-05-24,HDFCBANK.NS,792.1053982534182,795.6095118101778,785.3160965486113,786.3868408203125,33588112,-0.007219440046381545,797.5875331333706,801.4766874767486,5.3055576265524875,0
2023-05-25,HDFCBANK.NS,786.3380947431477,788.455225154943,777.407423655138,783.3693237304688,29776930,-0.0037754383674476755,794.9663696289062,800.6497366768973,7.1402763486720655,1
2023-05-26,HDFCBANK.NS,787.944211421121,787.944211421121,779.7922252930767,786.3868408203125,26635066,-0.001976498561998076,793.3916015625,799.7911929175967,7.704738152398338,1
2023-05-29,HDFCBANK.NS,792.5676872978805,798.6512587386072,790.7912725552128,795.9744873046875,21816292,0.004298434141848323,792.7310965401786,799.1784057617188,7.163133257431216,1
2023-05-30,HDFCBANK.NS,795.0498137776772,799.4543434930372,792.5920864341458,796.5828857421875,37125928,0.0019282715849286722,792.0253993443081,798.4433680943081,6.349798354154903,0
2023-05-31,HDFCBANK.NS,793.249109394473,795.706836766176,780.9602943063138,783.9777221679688,43334270,-0.011687863392095732,789.9257027762277,797.1161033993676,6.212869961305679,0
2023-06-01,HDFCBANK.NS,788.3822359863269,788.3822359863269,778.6971779535536,780.6439208984375,50366938,-0.009815435628389305,787.617431640625,795.4949021112351,6.233942199596494,1
2023-06-02,HDFCBANK.NS,784.7563519232599,785.9001108734474,779.1838242892643,781.860595703125,17859710,-0.0036900067301628807,786.9708251953125,793.137706938244,6.6064655081956,0
2023-06-05,HDFCBANK.NS,785.754075781894,786.7274471981615,779.8894892349321,780.8385620117188,18697242,-0.006255791629567941,786.6092878069196,793.0723818824405,6.899168947960458,0
2023-06-06,HDFCBANK.NS,782.4203699015892,783.4910548041016,774.9253973543547,778.4052124023438,32182852,-0.005131713914542464,785.4690551757812,792.4604230608259,7.569100017453917,1
2023-06-07,HDFCBANK.NS,780.3762267164857,784.8051144822347,776.7504417142903,782.4446411132812,24949026,0.0026505348650850496,783.5362200055804,792.0396757579986,6.005270797190541,1
2023-06-08,HDFCBANK.NS,780.278861070367,791.350960923385,780.278861070367,782.9312744140625,37395522,0.0033993146245906787,781.5859898158482,791.4679652622768,1.8214624097528438,1
2023-06-09,HDFCBANK.NS,786.4355374130215,787.7009085166137,782.1040222342899,783.8560791015625,18212578,-0.003279936102511505,781.5686122349331,790.9150884719122,1.7952325624442644,0
2023-06-12,HDFCBANK.NS,784.8051052341397,786.3868338718737,778.4294745818307,779.0865478515625,13408292,-0.007286595543833878,781.3461303710938,789.8005603608631,2.0123063880699985,1
2023-06-13,HDFCBANK.NS,773.8789124939628,783.0772840204289,773.8789124939628,780.4005126953125,27926108,0.008427158430164011,781.1375470842634,788.5653018043155,2.0257192671112767,0
2023-06-14,HDFCBANK.NS,783.7829699953168,784.537356602154,778.7944415181629,779.548828125,20113968,-0.0054021866159481135,780.9532993861607,787.5096522739956,2.1141679471681347,0
2023-06-15,HDFCBANK.NS,780.6439096325554,781.5929230405386,768.4767664026215,769.961181640625,35377476,-0.01368450821189227,779.7470092773438,786.2025553385416,4.67201225599851,1
2023-06-16,HDFCBANK.NS,772.4432372595309,783.1746215295391,770.9101653895649,780.0355224609375,15779272,0.009828923130122156,779.402849469866,785.223388671875,4.526645035131064,1
2023-06-19,HDFCBANK.NS,784.0507042851576,785.6324328940507,777.8941179716442,780.7169189453125,24829146,-0.0042520022259078675,779.0865129743304,784.2326340448288,4.311218045113517,1
2023-06-20,HDFCBANK.NS,780.7169656771292,784.0507512165266,774.1467079853705,782.3473510742188,20005626,0.002088318134185114,778.8709803989956,783.4550984700521,4.063634051550043,1
2023-06-21,HDFCBANK.NS,786.4841646307309,796.8262367213268,784.0507359035319,796.023193359375,24308946,0.012128697763575254,781.2905011858259,783.4180210658482,7.662159230876163,1
2023-06-22,HDFCBANK.NS,798.1646301932708,806.7059888717916,797.7023024946114,799.9166870117188,56596140,0.002195107064596065,784.0785260881696,784.0622994559152,10.360045393969571,0
2023-06-23,HDFCBANK.NS,796.9722855006775,807.8497002925832,795.2688853504051,799.8680419921875,21339218,0.0036334469142686146,786.9812709263393,784.8479527064732,11.646118087641483,0
2023-06-26,HDFCBANK.NS,800.5979965482512,803.3964393933287,792.6649956756461,795.9988403320312,16130314,-0.005744651168313011,790.7009364536831,785.3056669689361,9.206647383941348,1
2023-06-27,HDFCBANK.NS,799.6003360457688,814.1766100290189,797.4589662553369,807.2169799804688,33831864,0.009525563698942672,794.584001813616,785.8410237630209,9.678631087167362,1
2023-06-28,HDFCBANK.NS,812.7651716503821,817.5833722744769,808.1416572008739,815.75830078125,59562950,0.0036826493497379613,799.5899135044643,786.754138764881,10.349688278939466,1
2023-06-30,HDFCBANK.NS,829.3124901661796,831.6486054517263,819.2137611926184,828.047119140625,40699016,-0.001525807268742621,806.1184517996652,788.8526814778646,11.950245411579566,1
2023-07-03,HDFCBANK.NS,833.4493066629323,855.3501643562647,832.232592346636,837.0021362304688,44104116,0.004262802235401397,811.9725864955357,791.5364060174851,15.646307669678194,1
2023-07-04,HDFCBANK.NS,838.7785746015386,850.2400483591142,834.0821044038221,841.09033203125,38795188,0.0027560997618586115,817.8545357840402,794.3568696521577,17.931158927299336,0
2023-07-05,HDFCBANK.NS,835.274343134364,837.0994145323269,812.0594587162262,814.3712158203125,37165754,-0.025025463173707223,819.9264177594866,795.9536626906622,16.267193250325,1
2023-07-06,HDFCBANK.NS,814.2252369257229,821.4525082286525,808.0930085295972,815.1986083984375,52156544,0.0011954572624028974,822.6692417689732,797.7057291666666,12.812045715126764,0
2023-07-07,HDFCBANK.NS,810.3317601084606,815.1986175265295,806.0976179186929,808.093017578125,19926336,-0.0027627480996621954,822.7943899972098,798.9270804268973,12.639062301499855,0
2023-07-10,HDFCBANK.NS,808.3850372058562,816.0503378295722,802.8854644229833,806.1705932617188,38398442,-0.002739343063290171,821.4247174944196,800.0337146577381,13.97728766166044,0
2023-07-11,HDFCBANK.NS,809.3584077333511,815.6853225262156,800.841407050649,802.2528076171875,50670426,-0.008779299811146944,817.7398158482143,800.9097493489584,15.279855180609426,0
2023-07-12,HDFCBANK.NS,805.6352319869237,810.9644765133695,791.9107178120092,794.7334594726562,70958358,-0.013531896423373414,811.701433454241,801.6548403785342,14.741465664704327,1
2023-07-13,HDFCBANK.NS,806.2922367876993,806.6572510904781,797.2155953198356,798.699951171875,41913546,-0.009416295071960805,805.6456647600446,802.5262422107514,7.6647428777002995,1
2023-07-14,HDFCBANK.NS,804.7835648843277,804.7835648843277,795.7312215849707,800.354736328125,24727214,-0.005503129971148514,803.643310546875,803.5169997442337,6.785799214645264,1
2023-07-17,HDFCBANK.NS,803.0314502823962,818.6053935606003,794.7577929158504,817.0966796875,49252928,0.017515166311552987,803.9144635881696,805.7615472702753,7.339800075409172,0
2023-07-18,HDFCBANK.NS,826.3924020963348,829.3125165913748,812.7652011194812,816.4153442382812,81076818,-0.012073027090694938,805.1033673967634,807.4939197358631,8.680948955429336,1
2023-07-19,HDFCBANK.NS,818.1673318749405,821.8904894232893,815.1985609379775,820.1140747070312,32935134,0.0023793944786692227,807.0952933175223,809.3699747721354,10.396804231684268,1
2023-07-20,HDFCBANK.NS,818.1917033699069,823.4722315067543,817.6320029145078,821.8905029296875,56210948,0.0045207003988750345,809.9006783621652,811.2529820033482,11.46675260888966,0
2023-07-21,HDFCBANK.NS,817.6320741412428,822.4016183376864,814.3469452719253,815.5636596679688,42154248,-0.0025297619047620064,812.8764212472098,812.1834803989956,9.389337931605025,1
2023-07-24,HDFCBANK.NS,816.9019892100436,819.8951183000274,812.813817239081,816.8533325195312,32179444,-5.9562458110004666e-05,815.4697614397321,812.9899873279389,7.032349379300579,1
2023-07-25,HDFCBANK.NS,819.8951884245319,826.879117291901,816.853402383876,825.7110595703125,55992596,0.007093432462942153,819.0920933314732,814.2206072126116,3.680915006100132,0
2023-07-26,HDFCBANK.NS,827.1710534459679,827.1710534459679,821.5255108693627,822.8395385742188,24794358,-0.005236540681282563,819.9125017438616,815.4987357003348,3.8001094762258893,0
2023-07-27,HDFCBANK.NS,827.317122690067,828.8258366410838,811.5241343729674,814.2982788085938,59741302,-0.015736219551629425,819.6100638253348,815.8359404064361,4.1891546457075135,0
2023-07-28,HDFCBANK.NS,808.6283856221597,812.2298721075693,798.6999842928814,799.8680419921875,41015684,-0.010833584110743288,816.7177734375,815.0792614164807,8.526723610239902,1
2023-07-31,HDFCBANK.NS,803.0557764440342,806.3409049738307,797.531846128994,803.6154174804688,34565006,0.000696889372880975,814.1070469447544,813.9158470517114,9.428975241584094,1
2023-08-01,HDFCBANK.NS,805.1972354940766,811.5241504025686,803.0315076162769,808.993408203125,35394188,0.004714587360349076,813.168439592634,812.5820980980283,9.585528492321988,0
2023-08-02,HDFCBANK.NS,799.1379875966741,803.7615021412346,794.830830666086,798.407958984375,28116322,-0.0009135200974421853,810.5333862304688,810.5496041434152,10.854975412351529,0
2023-08-03,HDFCBANK.NS,798.1646183703506,803.6884896703888,789.8909607409018,792.6407470703125,57673946,-0.006920716820693485,805.8090558733259,809.5148199172247,10.332252368651739,1
2023-08-04,HDFCBANK.NS,795.8041560498854,806.1948841477191,792.932698459204,804.1021118164062,37388304,0.010427132986725348,803.1322806222098,808.9864153180804,7.109302249285075,0
2023-08-07,HDFCBANK.NS,809.4070457041624,809.4070457041624,801.8391180613743,803.6398315429688,28300918,-0.007125233455530858,801.6096452985491,808.7743588402158,5.205801810911397,0
2023-08-08,HDFCBANK.NS,803.8588478451442,805.7569341954113,799.1623777784342,802.9828491210938,43773828,-0.0010897419694995652,802.0546177455357,808.6225615001861,5.165086935028606,1
2023-08-09,HDFCBANK.NS,804.4914945725491,805.221523152016,793.8330654303563,803.2747802734375,33361236,-0.0015124016938899397,802.0059552873884,808.6712268647693,5.149512320218883,0
2023-08-10,HDFCBANK.NS,801.5957522263969,805.099865704745,793.7844225264857,796.1448364257812,50781118,-0.006800080695881947,800.1704450334821,808.7384352911087,4.49164768637986,0
2023-08-11,HDFCBANK.NS,797.385890968424,797.385890968424,786.5814324003055,787.8468627929688,28225822,-0.011962875545578146,798.6617170061384,808.2216215587798,6.504868612217757,0
2023-08-14,HDFCBANK.NS,784.0507318876311,785.9974748594191,778.8188601509507,784.0020751953125,31304410,-6.205809182961464e-05,797.4276210239956,807.4429234095982,8.385224731383982,0
2023-08-16,HDFCBANK.NS,770.4721710730195,783.3937010320665,769.5961724006356,781.714599609375,34137542,0.014591608832150878,794.2294049944196,805.758062453497,9.59706619242152,0
2023-08-17,HDFCBANK.NS,777.5291487912239,783.5154073300141,775.7770919586137,777.3831787109375,52884040,-0.0001877358302428808,790.4784545898438,803.8993879045759,10.403315870559293,0
2023-08-18,HDFCBANK.NS,772.6379419530916,776.8964420218484,771.6402124587459,774.1953125,25633366,0.002015653726468075,786.365949358259,801.7127801804315,10.326065928689953,0
2023-08-21,HDFCBANK.NS,778.940456720372,778.940456720372,772.3701998220746,773.5869140625,21837270,-0.006872852233677044,782.1248256138393,799.412609281994,8.07517895824011,0
2023-08-22,HDFCBANK.NS,776.9207993465027,777.723842730673,768.9634990703776,770.2775268554688,32273570,-0.008550771837517861,778.4294956752232,797.2561267671131,6.317444531639463,1
2023-08-23,HDFCBANK.NS,768.9634232990884,774.0979813135489,765.678294750184,772.175537109375,36498588,0.0041771997379350745,776.1907348632812,795.1286126999628,5.079394271028613,0
2023-08-24,HDFCBANK.NS,775.4364030038525,776.8477441031978,767.0897307917666,768.622802734375,43145792,-0.00878679443353873,773.9936959402902,792.4101242792038,4.420957205633577,0
2023-08-25,HDFCBANK.NS,766.3110504597091,767.746749618975,758.4510639302869,759.9597778320312,30069756,-0.008288113063054162,770.8858642578125,789.4158499581473,5.582671930774609,1
2023-08-28,HDFCBANK.NS,759.9597651143588,770.2531801549441,759.9597651143588,767.868408203125,28867238,0.010406660262568136,769.526611328125,787.2049037388393,4.84689456544193,1
2023-08-29,HDFCBANK.NS,773.6842594017068,775.1200179106506,769.669102242421,773.976318359375,35538932,0.0003774911459283098,769.4953264508929,785.9719645182291,4.8123208606995975,0
2023-08-30,HDFCBANK.NS,780.6195643753474,780.6195643753474,765.8973208258516,768.3307495117188,28084204,-0.015742386463836813,768.7444458007812,784.291742234003,4.465030615922457,0
2023-08-31,HDFCBANK.NS,768.4767470204652,770.4965046276685,760.7384322394234,764.80224609375,100075772,-0.0047815382065389935,767.9622628348214,782.1874011811756,4.628299184922875,1
2023-09-01,HDFCBANK.NS,764.5833196769412,768.4768057096691,758.9134187598048,766.384033203125,43226776,0.00235515669756524,767.1349051339286,780.6624523344494,4.251948638998633,1
2023-09-04,HDFCBANK.NS,773.830392259731,774.5360628786551,766.481448844147,771.177978515625,25073638,-0.003427642246462312,767.4999302455357,779.6404157366071,4.503226679240515,0
2023-09-05,HDFCBANK.NS,773.0516417713671,773.0516417713671,764.38861183011,766.4813842773438,38712082,-0.00849911847928857,768.4315883091518,777.8489525204614,3.1565258694143896,1
2023-09-06,HDFCBANK.NS,767.4060807161218,778.6971658570981,766.4813659496907,776.507080078125,56320910,0.01185943086808802,769.6656842912946,776.5569167364212,4.359231174810829,1
2023-09-07,HDFCBANK.NS,776.5071078478363,785.510794150052,772.4432937501639,783.9777221679688,34208342,0.00962079322214828,771.0944562639509,775.6519106910342,6.9038698722552505,1
2023-09-08,HDFCBANK.NS,782.7366896240351,794.7091467964383,782.3959739643648,790.0856323242188,34502210,0.009388780157620466,774.2022966657366,775.0238560267857,9.758726903625012,1
2023-09-11,HDFCBANK.NS,792.762427572447,796.4612273788786,790.3776555229446,794.173828125,31573022,0.0017803575238484965,778.3982369559152,774.9299984886533,11.244674430728741,1
2023-09-12,HDFCBANK.NS,798.164597670977,799.5759981707856,790.8886697671352,796.6558837890625,39033340,-0.0018902290158155756,782.7227870396206,775.3494756789435,11.667223751487354,1
2023-09-13,HDFCBANK.NS,793.9304547919241,803.8101394610018,792.6163676755281,800.0626831054688,46420094,0.007723885985897538,786.8491734095982,776.1142665318081,12.006557935853422,0
2023-09-14,HDFCBANK.NS,800.2330026157181,803.0314455319658,795.7798163539742,799.5759887695312,23538848,-0.0008210281805914652,791.5769740513393,776.9648088727679,8.71402034573805,1
2023-09-15,HDFCBANK.NS,803.0315033597159,812.7652185519548,803.0315033597159,808.7500610351562,173411202,0.007121212121212077,796.1831141880581,778.4584699358259,7.9046655736963345,0
2023-09-18,HDFCBANK.NS,804.8565635467733,805.4649207376626,791.3996906023217,792.83544921875,37056288,-0.014935722552910096,797.448503766741,779.3460954938616,6.136356381894401,0
2023-09-20,HDFCBANK.NS,778.2105490861316,778.2105490861316,759.4244901771611,761.030517578125,115474648,-0.022076328222717375,793.2977730887277,778.7481718517486,15.151386646656807,0
2023-09-21,HDFCBANK.NS,755.8229580049356,763.5855718328563,748.0603441770149,755.9932861328125,72841442,0.00022535453054578416,787.8434099469866,778.0679699125744,20.655886318200086,0
2023-09-22,HDFCBANK.NS,758.7430770496563,761.3711919566923,741.5874045249608,744.4588623046875,61704250,-0.01882615496211506,780.3866925920759,776.7481282552084,25.740158897705523,1
2023-09-25,HDFCBANK.NS,742.195730377536,749.8366724935371,742.195730377536,745.1158447265625,40208754,0.003934426229508301,772.5371442522321,775.6287493024554,27.082943349910916,1
2023-09-26,HDFCBANK.NS,742.1957087996923,749.4959944600172,742.1957087996923,748.352294921875,27575308,0.008295097976434527,765.2194737025669,775.0760120210193,25.429263429344957,0
2023-09-27,HDFCBANK.NS,741.2223412220462,745.8458554975613,737.3288555163493,743.0960693359375,39338538,0.0025278894195256947,755.84033203125,773.8963768368676,17.600376554535895,0
2023-09-28,HDFCBANK.NS,746.5759362770035,748.3279930851168,738.9592924506106,741.5630493164062,55354188,-0.006714503799299145,748.5157034737723,772.3528878348214,7.283432691574824,1
2023-09-29,HDFCBANK.NS,741.5629997895483,747.2815569377753,740.8816873168103,742.8284301757812,32053782,0.0017064367917386859,745.9154052734375,771.1384916759673,4.944424486581582,0
2023-10-03,HDFCBANK.NS,743.1690816035621,743.1690816035621,732.9486816600946,733.9464111328125,38971694,-0.012409922181974366,742.765851702009,769.6691662016369,4.452327579451324,1
2023-10-04,HDFCBANK.NS,727.5951410981291,747.0625696224938,724.7966982477518,744.41015625,54649430,0.023110400553929825,742.7588936941964,768.622791108631,4.449277823368458,1
2023-10-05,HDFCBANK.NS,747.0869560565192,755.1172706279191,745.8945403681716,747.4276123046875,48512674,0.00045597938152537886,743.0891462053571,767.4918212890625,4.7303045558081225,0
2023-10-06,HDFCBANK.NS,751.4428415259151,751.9295273041055,744.5562258825445,746.600341796875,17759356,-0.00644426889370151,742.8388671875,766.5451049804688,4.443046441846779,0
2023-10-09,HDFCBANK.NS,743.6558133244023,744.6291848078113,735.8688414571311,737.937255859375,16454972,-0.007689790575916204,742.1018938337054,764.7084466843378,4.806275458603567,1
2023-10-10,HDFCBANK.NS,740.0300286548502,744.1424994102023,737.426212407623,742.1227416992188,33266292,0.0028278758473794397,742.1818498883929,762.7153523763021,4.80046930220987,1
2023-10-11,HDFCBANK.NS,744.6778161774354,750.5424029295025,743.8991308991633,749.3013305664062,31333360,0.00620874462556734,743.1065499441964,760.7732427687872,5.515893412568783,1
2023-10-12,HDFCBANK.NS,747.5979877590232,755.3363032633498,745.4079018281694,754.2899169921875,22025336,0.008951240295902609,746.0127650669643,758.8740089053199,5.237484000621724,0
2023-10-13,HDFCBANK.NS,749.4960266639874,753.7788848660191,744.6048112974557,747.4276123046875,39745300,-0.0027597402597402208,746.443830217634,756.5298055013021,5.20768901845543,0
2023-10-16,HDFCBANK.NS,745.3592240817852,746.794923276397,740.0056808464606,744.4345092773438,17856084,-0.0012406297186173941,746.0162440708706,753.8808448428199,5.2362499866092636,1
2023-10-17,HDFCBANK.NS,757.1613181665532,757.1613181665532,747.0625893528261,750.0800170898438,32902558,-0.009352433763859781,746.5133405412946,751.5238938104538,5.46127625840115,0
2023-10-18,HDFCBANK.NS,750.0800718553149,750.0800718553149,738.8376426467095,739.6406860351562,31216200,-0.013917695205975788,746.7566877092634,748.2329711914062,5.036911368481673,0
2023-10-19,HDFCBANK.NS,732.6567520860139,742.8041382598725,731.5860077723223,737.3045654296875,30252364,0.006343780126833519,746.068376813616,745.5886433919271,6.010762757257548,1
2023-10-20,HDFCBANK.NS,732.4619708663353,743.1690561547468,732.4619708663353,741.125,21094010,0.01182727496885381,744.9003295898438,744.6407616024926,6.071933487766568,0
2023-10-23,HDFCBANK.NS,741.4657259067877,744.0208260452915,730.0772676931944,732.9730834960938,22376136,-0.011453857021250386,741.8550676618304,743.5445614769345,5.921567416406439,0
2023-10-25,HDFCBANK.NS,740.2490577379119,741.1251158897211,725.8674694399969,728.3252563476562,28311996,-0.016107823800131527,739.1261596679688,742.7762945265997,7.191009810056984,0
2023-10-26,HDFCBANK.NS,725.7701287135245,726.1351430280494,710.6828703798318,712.2159423828125,55561798,-0.01867559134010889,734.5235072544643,741.2096325102307,11.957940782956264,1
2023-10-27,HDFCBANK.NS,715.1847324328306,719.3215614397575,713.9193613244532,715.014404296875,31940532,-0.00023815963656861983,729.5141339983259,739.6221139090402,11.696847464369732,1
2023-10-30,HDFCBANK.NS,712.1429661841146,725.1374527205985,711.485952264384,722.7770385742188,23310982,0.01493249655625311,727.1050415039062,738.654541015625,10.978105146916722,0
2023-10-31,HDFCBANK.NS,731.9753494856925,731.9753494856925,717.3747773549939,718.5914916992188,32634824,-0.01828457446808509,724.4317452566964,737.5606573195685,10.340353055605252,0
2023-11-01,HDFCBANK.NS,711.6562028835086,719.053802155173,711.6562028835086,717.6181030273438,33877466,0.008377500427423423,721.0736171177456,736.3601655505952,7.420233624004202,1
2023-11-02,HDFCBANK.NS,722.7282919430866,725.4050633947277,714.0409637501907,718.713134765625,45225154,-0.0055555555555555115,719.0364815848214,735.634771437872,5.248560608990715,1
2023-11-03,HDFCBANK.NS,724.188409593513,725.84315305655,721.0979669049797,722.1199951171875,18095340,-0.0028561827956988845,718.1500156947544,734.5733351934524,3.7195496476347634,1
2023-11-06,HDFCBANK.NS,729.0552066561768,729.0552066561768,721.7549208752405,727.351806640625,25593730,-0.0023364485981307915,720.3122820172991,733.6173444475446,4.077218383491523,0
2023-11-07,HDFCBANK.NS,727.1084929912065,727.1084929912065,718.9321488241404,723.8233642578125,41952848,-0.004518072289156625,721.5707048688616,732.532726469494,3.4860926581166805,1
2023-11-08,HDFCBANK.NS,722.2172785513859,726.8407930714139,720.7815793854345,725.9161376953125,31399546,0.005121532333518413,722.0191476004464,731.9602922712054,3.850040938782255,0
2023-11-09,HDFCBANK.NS,723.2150058605088,726.4271198457463,721.9982915168673,723.044677734375,22116740,-0.00023551519915036194,722.6553170340402,731.0518130347842,3.5451092513139333,1
2023-11-10,HDFCBANK.NS,720.3434947549177,728.0818092890966,720.3191961157734,725.8917236328125,14015186,0.007702198906901256,723.8372628348214,729.9370698474702,2.90770898400439,0
2023-11-13,HDFCBANK.NS,726.1837249264701,728.0574529993991,723.1662973344708,724.5776977539062,20605914,-0.002211598962406424,724.6750575474331,728.5222022646949,1.830613956686328,1
2023-11-15,HDFCBANK.NS,732.0240144584016,735.3577999173147,730.2963157159859,732.1700439453125,41245460,0.00019948729007065368,726.1107788085938,727.7956513904389,3.0365631080279463,1
2023-11-16,HDFCBANK.NS,734.7494210785321,739.2756221207742,731.8536647558356,734.0924072265625,29713838,-0.0008942012516392298,727.0737217494419,727.3031703404018,4.3011572362481685,0
2023-11-17,HDFCBANK.NS,725.16173850318,733.6787387876133,724.6750527726409,732.5106811523438,23701874,0.01013421180264259,728.3147670200893,726.466535295759,4.457466986313341,1
2023-11-20,HDFCBANK.NS,736.3554985735485,736.3554985735485,730.7829708116128,732.559326171875,19331452,-0.00515535282757768,729.2637939453125,726.1293276832217,4.567500531402932,1
2023-11-21,HDFCBANK.NS,739.2756311878541,740.7356883923068,735.9174877356371,738.7645874023438,24959972,-0.0006912763845457405,731.5094953264509,726.1988525390625,4.855543458109368,0
2023-11-22,HDFCBANK.NS,739.7623206231069,739.7623206231069,731.7563640092628,736.1365356445312,29123650,-0.004901283665707173,732.9730398995536,725.9613066173736,4.402919825196421,1
2023-11-23,HDFCBANK.NS,734.1654184677379,741.6360324879696,734.1654184677379,740.39501953125,13046220,0.008485282617252309,735.2326572963169,726.3147321428571,3.295884665640647,1
2023-11-24,HDFCBANK.NS,740.3463584220192,746.1622889319527,739.6893445243804,745.6512451171875,16469192,0.0071654120194164115,737.1585431780134,727.1397792271206,4.802451648437561,0
2023-11-28,HDFCBANK.NS,747.1599239182611,748.1576534487249,742.5851254924052,743.97216796875,28489338,-0.004266497502695128,738.5699375697544,728.6519804454986,5.187505907248095,1
2023-11-29,HDFCBANK.NS,746.5272858530379,760.6898293348779,746.0892567948611,758.8161010742188,34042488,0.016461307515556772,742.3278547014509,730.737775530134,8.522521784103942,0
2023-11-30,HDFCBANK.NS,763.6829374580863,765.2889647471237,750.542422535641,758.645751953125,69491440,-0.006595912070168148,746.0544869559152,732.4458095005581,9.214439490334232,0
2023-12-01,HDFCBANK.NS,758.2077422076743,762.028213465217,755.3849410922298,756.9910278320312,22153536,-0.0016047242832160247,748.6582641601562,734.2743588402158,9.384766658924399,1
2023-12-04,HDFCBANK.NS,772.8569470817542,784.5374047202694,765.873018667368,783.2720336914062,50662456,0.013476085903062058,755.3919067382812,737.4007364908854,14.447426708637964,1
2023-12-05,HDFCBANK.NS,796.4611682648754,797.6778825457567,786.7274540178253,790.2315673828125,52230820,-0.007821600261610141,762.5114135742188,740.8063761393229,17.731575018526915,1
2023-12-06,HDFCBANK.NS,797.4102676843459,797.4102676843459,786.8005536561491,792.2271118164062,38613060,-0.006499986365853206,769.1651088169643,744.1448102678571,19.040782261433588,1
2023-12-07,HDFCBANK.NS,790.86431017188,795.2444817359088,786.5814519897668,793.5167236328125,20450386,0.00335381610576921,776.242902483259,747.2955206008185,17.238324880158764,1
2023-12-08,HDFCBANK.NS,793.5167662504412,805.4649253113081,793.5167662504412,804.5888671875,33728038,0.013953203521303283,782.7818690708706,751.1414969308036,18.18173436662088,0
2023-12-11,HDFCBANK.NS,803.0557997692163,809.6990123500813,801.5713845523902,803.5181274414062,23187620,0.0005757105201442418,789.1922084263393,754.8368297758557,16.03769463167155,0
2023-12-12,HDFCBANK.NS,805.0754658820659,806.0731953368484,794.1980523054578,795.5364379882812,36581476,-0.011848613326371129,794.6986955915179,758.288818359375,7.464686925317363,0
2023-12-13,HDFCBANK.NS,794.4901060535459,796.2178641804811,786.0461204150259,793.7357788085938,29346914,-0.0009494482551823143,796.1935163225446,761.5194876534598,5.613176296062602,1
2023-12-14,HDFCBANK.NS,801.0847344683164,807.3872910879392,800.5980487244109,803.1044921875,35172366,0.002521278501860564,798.0325055803571,765.2588588169643,5.440436112998074,1
2023-12-15,HDFCBANK.NS,803.0314839042278,811.7918273650013,801.3767404796611,806.2192993164062,138837130,0.003969726562500059,800.0313895089286,768.7850138346354,5.521809890493372,0
2023-12-18,HDFCBANK.NS,808.2389706500245,810.1857135762941,803.4937847672423,805.8055419921875,18014754,-0.0030107786758660233,801.7869349888393,772.1999250139509,5.03766964476605,0
2023-12-19,HDFCBANK.NS,803.0314705665357,807.2413140972394,800.135714179051,804.44287109375,24008446,0.0017575905539773142,801.7660784040179,775.6252673921131,5.0244207007101345,1
2023-12-20,HDFCBANK.NS,806.9249181384845,812.2541029714071,800.3303029144753,806.438232421875,34232520,-0.0006031363088058225,802.1832362583706,779.143310546875,5.307385151456144,1
2023-12-21,HDFCBANK.NS,806.438219443738,822.3771764061897,803.1530909094922,820.8927612304688,36589240,0.01792392949419128,805.8055681501116,783.0541759672619,7.989862347336196,0
2023-12-22,HDFCBANK.NS,819.3840760112807,820.5034769444852,811.3537615362043,813.1788330078125,48578850,-0.007573057843246163,808.5831473214286,786.7228567940848,6.294283114051309,1
2023-12-26,HDFCBANK.NS,814.3469774999401,820.5278631124984,812.0595781088068,818.824462890625,18045856,0.005498252605334024,810.828857421875,790.4575921921503,6.797970101969726,1
2023-12-27,HDFCBANK.NS,818.3620896655261,830.5292334309963,816.9506891067552,828.9718627929688,27009078,0.012964643965581247,814.0792236328125,794.4252406529018,9.230753305076849,1
2023-12-28,HDFCBANK.NS,831.8919383640549,837.7808237889657,828.3391087868577,829.9208374023438,44076470,-0.0023694194772308995,817.5242658342634,798.5180344354538,10.088488059989745,1
2023-12-29,HDFCBANK.NS,825.9057143332578,834.6174011041943,825.4190285852712,831.8676147460938,25011426,0.007218621096051958,821.4420863560268,801.9966779436384,9.467744312343967,0
2024-01-01,HDFCBANK.NS,830.285869252277,831.8189412093673,823.4722689184366,826.4410400390625,14239686,-0.004630729433799777,824.2996303013393,805.2250249953497,6.837934598444317,1
2024-01-02,HDFCBANK.NS,826.781764297971,828.7285072707376,821.8661907638304,826.927734375,29242092,0.00017655212455363025,825.1617693219866,808.5553443545386,6.716165644114524,0
2024-01-03,HDFCBANK.NS,828.3391176569097,829.6531453722021,812.2541304155426,814.1765747070312,28389762,-0.01709751797058611,825.3043038504464,810.0269891648065,6.423690672442865,1
2024-01-04,HDFCBANK.NS,816.6586975811834,824.9079973714623,813.1058678027235,822.91259765625,26734056,0.007657911553002052,825.8883231026786,811.5832287016369,5.90094881321811,0
2024-01-05,HDFCBANK.NS,821.1118889384027,829.7505611476026,811.8405014795056,818.7027587890625,31889470,-0.002933985223932006,824.4213082449777,812.8439737955729,6.271448141003862,0
2024-01-08,HDFCBANK.NS,816.9020369293803,818.7757651976441,807.8983504931613,809.577392578125,17998470,-0.008966368083482333,821.5151018415179,813.6087675548736,7.820497985711324,0
2024-01-09,HDFCBANK.NS,811.3781093874959,816.5613241836867,801.4497088247701,803.2747802734375,25326888,-0.009987118237852815,817.4304112025669,813.5461919875372,8.90414750386068,1
2024-01-10,HDFCBANK.NS,799.6246288205809,807.8739279163432,798.8459435594566,805.9271850585938,16115824,0.007881893592133184,814.4998604910714,813.6609090169271,8.819664997462306,0
2024-01-11,HDFCBANK.NS,807.8983430417109,809.309743595266,799.6246853117656,802.5447998046875,18314010,-0.006626506024096353,811.016584123884,813.994640531994,7.855548686475753,0
2024-01-12,HDFCBANK.NS,804.0048258385641,805.95156875827,795.0497965259408,798.7485961914062,19773552,-0.006537559823320325,808.8125871930804,814.2333461216518,8.914152054667545,1
2024-01-15,HDFCBANK.NS,801.9120099654888,818.0700109690749,799.9166104629336,814.1278686523438,28320356,0.015233415306226298,807.5576259068081,814.7582688104538,7.014153171050869,1
2024-01-16,HDFCBANK.NS,814.2252545636514,819.4084696501124,806.9736250528656,817.2183837890625,25322500,0.003676045674872969,807.3455723353794,815.2820347377232,6.63314351216824,0
2024-01-17,HDFCBANK.NS,764.0965828252033,777.1397839265529,743.8504686909188,748.279296875,170145236,-0.020700636942675238,798.5887015206473,812.5426897321429,23.13387100848052,0
2024-01-18,HDFCBANK.NS,727.1084960821111,737.32889662945,720.3192537681881,723.2880249023438,161070930,-0.005254334394871204,787.1620221819196,808.6781732468378,36.38980051046379,0
2024-01-19,HDFCBANK.NS,732.924355486129,735.0171279009493,714.6493418669147,715.744384765625,109600538,-0.02344030539019131,774.2787649972098,804.3594185965402,43.84024953105961,0
2024-01-23,HDFCBANK.NS,712.9945662952517,717.7153939258839,693.527137863982,694.6708374023438,115469402,-0.025699675367960806,758.8681989397321,798.3488507952009,50.67520672939554,1
2024-01-24,HDFCBANK.NS,671.7479491345199,709.8067477739886,671.7479491345199,708.5657348632812,86004404,0.05480892911723421,745.9849330357143,793.3672746930804,50.308881732648196,0
2024-01-25,HDFCBANK.NS,706.9110553088505,709.27146932584,690.8017687875753,698.3453979492188,98941852,-0.012117022778614421,729.444580078125,787.6301763625372,42.61628050446427,1
2024-01-29,HDFCBANK.NS,704.7453443356181,711.923959354735,703.6503013666003,707.9574584960938,65645498,0.004557836651625916,713.8358764648438,781.8675856817337,18.022756729547893,0
2024-01-30,HDFCBANK.NS,707.90875580775,712.1185398649957,701.2654836786888,702.9202270507812,41728768,-0.0070468527420270155,707.3560093470982,775.8199375697544,9.897811275976922,1
2024-01-31,HDFCBANK.NS,700.5841161285045,717.8371016849802,699.2700884068386,711.80224609375,65761040,0.01601253826198333,705.7151838030134,770.1025390625,7.470985551016064,1
2024-02-01,HDFCBANK.NS,713.0189555223712,717.1800828855794,708.6387839338071,713.651611328125,32690740,0.0008872917064179045,705.4162161690848,764.7316138857886,7.031714928461388,0
2024-02-02,HDFCBANK.NS,717.8614275967279,720.7085271394582,701.8251570967384,703.820556640625,44867754,-0.019559305481991515,706.7233189174107,758.869367327009,5.350910052476635,0
2024-02-05,HDFCBANK.NS,703.7475666832909,706.6190243767684,697.9316959646247,703.1878662109375,38605046,-0.0007953142559216171,705.9550519670759,753.5841907319568,5.427809885387033,0
2024-02-06,HDFCBANK.NS,703.5285448598157,705.5482430083341,697.2259293320517,702.8228149414062,41075740,-0.0010031290465266018,706.5946829659598,747.8656296502976,4.579062872135107,0
2024-02-07,HDFCBANK.NS,707.1543478186637,707.5437201567751,694.330191039234,695.9362182617188,54837086,-0.01586376381839294,704.8773629324777,742.0196039109003,6.012601998386275,0
2024-02-08,HDFCBANK.NS,695.8876252029665,700.3164537570308,681.6034099643059,682.844482421875,69106124,-0.018743173910137155,702.0093994140625,735.9847034272693,10.33561186932738,1
2024-02-09,HDFCBANK.NS,677.5395933880455,688.2709787615526,675.0331498393979,683.1121215820312,56642124,0.008224653213430974,697.9108101981027,730.2626720610119,11.43508828650546,0
2024-02-12,HDFCBANK.NS,681.1897546934406,688.0033555217624,673.2567528222265,676.4932250976562,34447812,-0.006894598110768629,692.6024693080357,724.0991501581101,11.534428283800358,1
2024-02-13,HDFCBANK.NS,677.4421602188512,683.4770749934498,673.7433606505093,678.6588745117188,57580994,0.0017960415874832538,689.0079432896206,718.1998203822544,11.375355279195817,0
2024-02-14,HDFCBANK.NS,669.6795681971766,677.2231970540489,663.6203545889955,673.597412109375,91320810,0.005850326183230369,684.7807355608259,712.240240187872,10.706084775285891,1
2024-02-15,HDFCBANK.NS,674.0597534612269,688.903668609651,673.7433958465795,688.197998046875,41584944,0.02097476449684119,682.6914760044643,706.2435796828497,7.564473140499904,1
2024-02-16,HDFCBANK.NS,692.9918479710976,694.8412181662663,685.4725175238648,691.0451049804688,32175742,-0.0028091859901793093,681.9927455357143,700.2353283110119,6.248598150678482,0
2024-02-19,HDFCBANK.NS,695.4739454261017,695.4739454261017,688.7576582283627,689.682373046875,34451756,-0.008327518834193536,682.9695870535714,697.4449986049107,6.904047764078715,1
2024-02-20,HDFCBANK.NS,688.6603356526384,709.222808572302,687.102965017942,707.787109375,56133508,0.02777388609761483,686.4945853097098,696.7068597702753,11.654076985576806,0
2024-02-21,HDFCBANK.NS,712.507885437546,712.507885437546,698.3939997287421,700.4137573242188,45893136,-0.016974027039574846,689.9118041992188,695.9768298921131,11.739388905312895,0
2024-02-22,HDFCBANK.NS,689.9987587340186,695.3766603212918,687.2976289140083,690.8748168945312,50560882,0.0012696517920119741,691.6569388253348,695.7960670107886,10.644717109735437,1
2024-02-23,HDFCBANK.NS,692.3348761341468,697.8587478235042,690.1204320838871,691.3858032226562,29833452,-0.00137082926804152,694.1981375558036,694.9779750279018,7.17150828480594,1
2024-02-26,HDFCBANK.NS,687.9546346452112,698.3210050066913,687.9546346452112,692.213134765625,23506870,0.006190088569735419,694.771728515625,694.6859624953497,6.760408053516968,0
2024-02-27,HDFCBANK.NS,687.9546948776648,694.3545652339111,687.7113519923358,691.1668090820312,32087150,0.004669078106862328,694.7891148158482,693.8864077613467,6.749374137234454,0
2024-02-28,HDFCBANK.NS,691.1667470533215,693.1377886016653,683.3067606806109,685.9348754882812,25321986,-0.007569622797024735,694.2537580217634,693.0775814964658,7.344349321783075,0
2024-02-29,HDFCBANK.NS,682.3820552900959,686.4215706434694,680.0459994144303,683.0147705078125,53295700,0.0009272154987247448,690.7148524693081,691.7067493257068,5.464019821925586,1
2024-03-01,HDFCBANK.NS,681.360036052442,697.2989940386686,681.360036052442,696.3256225585938,34738898,0.02196428571428563,690.1308332170759,690.8817022414435,4.361909212866343,1
2024-03-04,HDFCBANK.NS,696.422958130924,699.3674307159147,693.186545384466,697.274658203125,35616474,0.0012229638070617057,691.0450962611607,690.5699927920386,5.144367424835863,1
2024-03-05,HDFCBANK.NS,692.067075174591,702.2874750189414,691.8967470591605,701.2410888671875,37991672,0.013255960327663558,692.4529942103794,690.477289109003,6.4388669390266875,1
2024-03-06,HDFCBANK.NS,697.6883641851937,707.0813632922424,697.6883641851937,702.0928344726562,42409530,0.006312947891292988,693.8643798828125,690.4425281343006,7.390071784332285,1
2024-03-07,HDFCBANK.NS,703.5042650748312,706.205394802925,701.5088653436588,703.7962646484375,49348046,0.0004150643970512821,695.6685878208706,690.8168160574777,8.12668699052396,0
2024-03-11,HDFCBANK.NS,695.9605773947812,703.7231908402335,692.553777365576,694.889892578125,50531094,-0.0015384273929195521,696.9478759765625,691.3904070172991,6.960165369948152,1
2024-03-12,HDFCBANK.NS,697.9073192338245,712.5078907659129,695.5955620745772,710.3421630859375,65418454,0.017817328332025772,700.851789202009,692.6870756603423,5.311232464073718,1
2024-03-13,HDFCBANK.NS,713.2379447418698,716.2067158438075,705.7429725398497,710.755859375,63067454,-0.0034800242824547085,702.9132516043527,694.3186296735491,6.015427008648335,0
2024-03-14,HDFCBANK.NS,711.5831514808099,713.4812375965001,702.9201816497791,708.3466796875,52432158,-0.004548269287397759,704.4949689592634,695.7323346819196,5.73480265909927,0
2024-03-15,HDFCBANK.NS,705.6943406988961,710.2205419583659,701.9225261192986,706.9840698242188,143613804,0.0018276030441810637,705.3153948102679,697.3221755254837,5.600951803878628,0
2024-03-18,HDFCBANK.NS,704.2342392927528,708.6144107880084,698.7833829737194,703.7719116210938,21437856,-0.0006564970088977408,705.5552629743304,698.0637904575893,5.474465799342634,1
2024-03-19,HDFCBANK.NS,698.6374048635253,706.8624060469253,698.6374048635253,705.3779907226562,36183594,0.00964818919257225,705.7812238420759,698.7463088262649,5.4221551200221,0
2024-03-20,HDFCBANK.NS,705.2320233558721,706.4973944482159,693.3568789456579,696.4716796875,43606094,-0.012421931191788064,706.0071934291294,699.0696091424851,4.900470670566038,1
2024-03-21,HDFCBANK.NS,702.0927826471133,706.3026258563286,700.000069771983,703.6258544921875,28922860,0.0021835744262945754,705.0477207728794,698.8714541480655,4.555626109895259,0
2024-03-22,HDFCBANK.NS,701.3141208411934,706.0593065998343,699.7323922549797,702.2144775390625,45980326,0.0012838137306991721,703.8275233677456,698.9572027297247,3.863172799815638,0
2024-03-26,HDFCBANK.NS,694.5978614753975,699.8297331586394,692.1401341445468,693.7218627929688,56844290,-0.0012611594866820443,701.738263811384,699.0927763439361,4.842368357196202,1
2024-03-27,HDFCBANK.NS,692.8214782766382,704.6965622791422,691.7020773602309,701.1680908203125,62168668,0.012047277408945355,700.9074096679688,699.558599562872,4.2556937174933465,1
2024-03-28,HDFCBANK.NS,701.1681292352769,710.8045307526719,701.1681292352769,704.6723022460938,55592142,0.004997621632686988,701.0360369001116,700.1518932524182,4.368806168625081,1
2024-04-01,HDFCBANK.NS,709.5878149173326,717.2774734382766,708.4197572494843,715.67138671875,25199570,0.008573388203017757,702.5065220424107,701.3187779017857,7.008606845335275,1
2024-04-02,HDFCBANK.NS,713.0676337207477,727.5221766350272,712.1429189199621,720.367919921875,41225446,0.010237859434223352,705.9202706473214,702.9584466843378,9.089901674130433,1
2024-04-03,HDFCBANK.NS,716.450076374618,727.9115494819865,716.109420115624,721.414306640625,45584386,0.006928926982780174,708.4614780970982,704.7869960239956,10.687644996454631,1
2024-04-04,HDFCBANK.NS,731.9753490842609,744.62917825726,731.9753490842609,743.4611206054688,88935066,0.015691473128947822,714.3538556780134,707.0315435500372,16.473532804019868,1
2024-04-05,HDFCBANK.NS,749.0093625181328,756.5529915753328,744.7022055513205,754.1439208984375,59055902,0.006855132441926481,722.985578264509,709.7396036783854,19.42630267805501,0
2024-04-08,HDFCBANK.NS,756.7720051664586,757.8914061879058,750.2504634550537,752.7081909179688,20482940,-0.005369932054497677,730.3484497070312,712.190418061756,19.545823201956136,1
2024-04-09,HDFCBANK.NS,756.7233110790663,756.7233110790663,749.6420692068525,753.6572265625,21884494,-0.004051790755849941,737.3462960379464,714.6458653041294,17.480850403691328,0
2024-04-10,HDFCBANK.NS,754.3142814277871,754.3142814277871,746.0649220391629,747.7196655273438,27807400,-0.008742530882433928,741.9246215820312,716.7374558221726,14.857985687122039,0
2024-04-12,HDFCBANK.NS,740.2490112702176,744.5561681914903,736.5745101656407,739.2512817382812,41084208,-0.0013478296042899029,744.6222446986607,718.8499029250372,11.66242969376435,0
2024-04-15,HDFCBANK.NS,728.8361984614614,734.8954117012732,726.1594270943376,727.4490966796875,23415248,-0.001903173559027449,745.484357561384,719.6645188104538,9.722650119106996,1
2024-04-16,HDFCBANK.NS,723.7016987771374,736.3068713842836,721.3899415012858,734.5304565429688,20744886,0.014963012777404113,744.2085484095982,720.796642485119,10.580486668315366,0
2024-04-18,HDFCBANK.NS,734.7980983246009,739.2025682918519,725.6727413912242,727.4490966796875,34234884,-0.0100013890368929,740.395002092634,721.706281389509,11.195578264387203,1
2024-04-19,HDFCBANK.NS,723.4827148610226,747.0382572891224,720.4165709168466,745.2619018554688,34576434,0.0301032582355887,739.3312465122768,723.529035295759,10.134075346358589,0
2024-04-22,HDFCBANK.NS,757.9643557818745,757.9643557818745,734.0680986992392,735.9661254882812,42298438,-0.029022776764879736,736.8039463588169,725.0620930989584,7.93280647481273,0
2024-04-23,HDFCBANK.NS,742.8284760660457,742.9257894510552,731.6103458842442,733.7274169921875,26827060,-0.012251898476020491,734.8050537109375,726.4120657784598,6.3234960880606454,1
2024-04-24,HDFCBANK.NS,737.3288649584306,740.613993564681,734.4331086916868,735.7227783203125,22441580,-0.0021782500515677415,734.3009817940848,728.2811657133557,6.044477809818078,0
2024-04-25,HDFCBANK.NS,733.0704121681982,739.616311752735,733.0704121681982,735.260498046875,35445204,0.0029875518672199085,735.4168962751116,729.7875773111979,5.2356113599724,0
2024-04-26,HDFCBANK.NS,739.6650141563123,743.6558134751455,732.729742335618,734.7981567382812,24854694,-0.006579812921910791,735.4551391601562,731.3391810825893,5.229030876812527,1
2024-04-29,HDFCBANK.NS,737.3289207914913,746.7949349875348,733.216449914726,744.3858642578125,36093350,0.009570957095709529,737.8746773856027,733.7517525809152,4.808647790943246,0
2024-04-30,HDFCBANK.NS,744.2398024289921,749.2526892649995,737.2802320622603,739.8109741210938,52307382,-0.005950808185001515,737.0959734235491,735.5918898809524,3.734346487229625,1
2024-05-02,HDFCBANK.NS,740.7357142083232,748.0360004850149,739.9326708359107,745.7242431640625,33475006,0.0067345597897502385,738.489990234375,737.5467442103794,4.886027090870184,0
2024-05-03,HDFCBANK.NS,746.2108990812835,749.7880273318675,733.5327119903678,739.567626953125,31865242,-0.008902673676218812,739.3243059430804,738.6846604120163,4.412976744673393,1
2024-05-06,HDFCBANK.NS,740.7357053714223,746.819277196089,738.3752913854279,741.0520629882812,28793396,0.0004270856859806423,740.0856323242188,739.6696196056548,4.139303497641887,0
2024-05-07,HDFCBANK.NS,740.7113274497933,741.7334150168236,732.0483570497901,733.021728515625,28480602,-0.010381370784004286,739.7658081054688,740.2223539806548,4.631482919107576,0
2024-05-08,HDFCBANK.NS,728.0574791574124,728.5441648774708,720.465193806477,721.5845947265625,41687862,-0.008890622809535688,737.878156389509,739.1806146530878,8.262769521553881,0
2024-05-09,HDFCBANK.NS,717.83709973452,723.5800151607533,703.4069152466064,704.4776000976562,46281278,-0.018610767877286626,732.1769757952009,736.8155517578125,14.464685955350387,1
2024-05-10,HDFCBANK.NS,709.9042861034679,716.2929072582592,703.8856637079383,709.3616333007812,27276608,-0.0007644027699356612,727.8270699637277,734.7514299665179,16.254091773153277,1
2024-05-13,HDFCBANK.NS,706.4509373389452,720.1655815796556,705.6122976051453,717.9208984375,27047202,0.016236033519553057,723.8551635742188,733.0497000558036,14.448553211282507,1
2024-05-14,HDFCBANK.NS,716.4408878596623,722.9775322143812,715.4789152317669,720.7328491210938,25665142,0.005990670457479726,721.1644810267857,731.7646135602679,12.680385598164479,0
2024-05-15,HDFCBANK.NS,720.1161379403006,720.1161379403006,708.3255604595557,709.6575317382812,38931996,-0.014523499267678439,716.6795479910714,730.3553873697916,9.668201046194893,1
2024-05-16,HDFCBANK.NS,713.3822271543565,721.5221990437014,708.1775543730138,720.3875122070312,34945236,0.009819819987131464,714.8746599469866,730.0191214425223,6.888679810454873,1
2024-05-17,HDFCBANK.NS,713.4562165510583,724.210870736283,713.4562165510583,722.286865234375,20920190,0.012377281854807,714.9749843052456,729.4360932849702,7.006789146059447,0
2024-05-21,HDFCBANK.NS,715.380219686854,725.0495080646152,715.380219686854,719.6722412109375,43769978,0.005999636844812699,717.1456473214286,729.0657668340774,5.376759658499513,1
2024-05-22,HDFCBANK.NS,719.2035821431577,723.0269026870767,714.4182889056816,719.8695678710938,39996278,0.0009260044644819904,718.6467808314732,727.8566080729166,4.173574062559819,1
2024-05-23,HDFCBANK.NS,719.5982164877166,737.8514873644924,718.808897899437,736.3468017578125,40861920,0.023274912147286803,721.279052734375,727.8747355143229,7.839793478162121,1
2024-05-24,HDFCBANK.NS,733.8308016870678,749.814758588212,733.0908042399884,748.4827270507812,31060206,0.019966353728991512,725.2433210100446,728.5773693266369,12.900308574326422,1
2024-05-27,HDFCBANK.NS,751.5168000055969,762.1974428837648,749.3955099218479,753.6627807617188,29385440,0.002855532645585384,731.52978515625,729.4316551571801,14.643651713283342,1
2024-05-28,HDFCBANK.NS,754.8467837037828,757.7821433020647,752.2321619595608,755.0441284179688,27908904,0.00026143678220059817,736.480730329241,730.3737327938989,16.040627059714467,0
2024-05-29,HDFCBANK.NS,748.8774560751649,751.763434227272,740.6141508121484,744.0921630859375,35147706,-0.006389954658679297,739.5957728794643,730.8163045247396,14.901644039409799,1
2024-05-30,HDFCBANK.NS,739.6027730570852,751.6400771573121,738.8381451452329,747.3234252929688,33755350,0.010438917371781752,743.5459420340402,730.9561883835565,12.151108410981484,1
2024-05-31,HDFCBANK.NS,749.370736784836,757.7573743920395,746.9040786650703,755.5620727539062,74079588,0.008262046628127032,748.6448713030134,731.7062406994048,6.924831644593449,1
2024-06-03,HDFCBANK.NS,788.8373406823981,788.8373406823981,764.6640888415991,775.6160278320312,72637256,-0.01676050583372427,754.2547607421875,733.1296590169271,10.357159465572346,0
2024-06-04,HDFCBANK.NS,768.1173430540747,769.1040063078372,717.304185485308,731.684814453125,89531240,-0.047430941288335006,751.8550589425223,732.7542869931176,13.412684510299359,1
2024-06-05,HDFCBANK.NS,737.062160780223,769.4000136473305,731.2901444599279,765.5520629882812,81631650,0.03865332359200204,753.5535278320312,733.9209536597842,14.396452805642253,1
2024-06-06,HDFCBANK.NS,772.0147015010076,772.2859977724349,762.9867083301413,769.4493408203125,46422870,-0.0033229427829642947,755.6114153180804,735.6556018647693,15.622408021948795,1
2024-06-07,HDFCBANK.NS,770.1154063679018,781.6099978301712,765.6754214599775,776.183349609375,36712216,0.0078792648365412,760.1958705357143,738.2555425734747,16.36942523642668,0
2024-06-10,HDFCBANK.NS,776.5039961939522,779.7846636223554,768.4133453075493,770.2387084960938,22454058,-0.00806858397196644,763.469482421875,741.3870239257812,15.641246219149306,1
2024-06-11,HDFCBANK.NS,767.6240504407497,775.0240252200629,765.7493660748642,771.9653930664062,29545326,0.005655558372830938,765.8128138950893,744.3681553431919,15.48712612138247,1
2024-06-12,HDFCBANK.NS,776.9973227739393,783.5586575880445,772.7546827700062,776.5780029296875,39280436,-0.0005396670386904829,765.9502389090402,747.1613507952009,15.592522486829019,1
2024-06-13,HDFCBANK.NS,780.3273770852536,782.2760131134276,776.5040566032491,779.8340454101562,24120192,-0.0006322111585269339,772.8287004743304,749.9756934756324,4.936406930382111,1
2024-06-14,HDFCBANK.NS,781.4372796414563,788.8372538804852,778.3292663726063,787.80126953125,25540554,0.008143954806857572,776.0071585518973,753.6968238467261,6.412473276083561,1
2024-06-18,HDFCBANK.NS,787.8013228802739,794.5106212671108,784.1259659599784,793.1786499023438,32415714,0.006825740025936786,779.3970598493304,757.163068498884,8.34799384335732,1
2024-06-19,HDFCBANK.NS,795.941305047812,823.8145435842582,791.3039754417663,817.869873046875,90131196,0.027550483760540347,785.352277483259,761.7146402994791,16.531339477928558,1
2024-06-20,HDFCBANK.NS,823.7651872236406,829.5124525875813,814.983860042712,823.5431518554688,41408742,-0.0002695372074658867,792.9671979631696,766.6608741396949,20.264603499632287,0
2024-06-21,HDFCBANK.NS,825.2697933574087,825.2697933574087,810.6178682451445,821.7671508789062,51630776,-0.004244239285982871,800.0817347935268,771.5131399972098,20.404125272590473,1
2024-06-24,HDFCBANK.NS,812.5172157896385,826.3798229097616,811.9005512360641,825.0478515625,28544994,0.015421994179758642,807.0059988839286,775.7369995117188,19.292630335082656,1
2024-06-25,HDFCBANK.NS,824.4065232844747,847.025767804676,824.4065232844747,844.2631225585938,74521548,0.02408593177430161,816.2101527622768,780.2979707263764,19.536276428273037,0
2024-06-26,HDFCBANK.NS,842.5857736709851,844.041138181783,834.2731473521208,839.40380859375,47596666,-0.0037764286754710607,823.5819440569196,784.380876813616,16.53518700752963,0
2024-06-27,HDFCBANK.NS,836.7397746618053,845.0770913433391,832.0531241260426,836.7644653320312,55074650,2.9508182799026302e-05,829.8084891183036,788.2723214285714,10.153028974588409,0
2024-06-28,HDFCBANK.NS,837.4797542547091,841.9197388781129,828.3037980772367,830.6718139648438,26476046,-0.008129080440784918,831.6373378208706,792.3951619466146,8.69200731711368,1
2024-07-01,HDFCBANK.NS,828.7971921822882,842.2651706437105,828.7971921822882,841.2291259765625,21187024,0.014999970935639925,834.1639055524554,796.8668619791666,8.515747073018757,1
2024-07-02,HDFCBANK.NS,846.0637432263002,855.8810546817267,840.0204307746837,853.7597045898438,45921690,0.009096195676931524,838.7342703683036,801.5429396856399,9.302381961069642,1
2024-07-03,HDFCBANK.NS,883.5570176331604,885.0370126375711,870.5577402219837,872.5310668945312,123217802,-0.012479048345023681,845.5175868443081,806.157941545759,13.856512185670946,0
2024-07-04,HDFCBANK.NS,868.1404005851939,868.1404005851939,850.9231133709549,852.0578002929688,45848658,-0.01852534484212949,846.6311122349331,811.8899884905134,14.050733785410465,0
2024-07-05,HDFCBANK.NS,831.2638253093144,831.2638253093144,810.1492067263514,813.0598754882812,82242548,-0.021899124281342816,842.867693219866,814.1522652762277,18.974498146406425,0
2024-07-08,HDFCBANK.NS,811.678583484828,816.4391857049037,802.7246020410699,806.7698974609375,39087800,-0.006047573662490549,838.5827549525669,815.9294346400669,23.443073162337747,1
2024-07-09,HDFCBANK.NS,801.6639054458949,812.3691778178521,799.369901303005,807.3372192382812,48550878,0.007076923076923101,835.2492414202009,817.4129522414435,26.246842360039047,0
2024-07-10,HDFCBANK.NS,804.1059188594888,809.0639261539534,799.5672916548901,802.2066040039062,45507182,-0.002362020737611905,829.6745954241071,818.9352329799107,28.786282976101873,0
2024-07-11,HDFCBANK.NS,801.1458762280633,802.0832183690328,789.8239394111588,800.1345825195312,44177074,-0.0012623090732157838,822.0138636997768,820.276622953869,28.44179064479193,1
2024-07-12,HDFCBANK.NS,800.1839277769812,808.2745787950348,794.8312914757237,800.5292358398438,56049960,0.00043153586428786765,811.7278878348214,821.4171578543527,18.360306141653385,0
2024-07-15,HDFCBANK.NS,800.9239527377698,804.031966294815,796.8292758573642,800.2332763671875,33375694,-0.0008623495005005096,804.3243844168527,822.3885498046875,4.908262822054185,0
2024-07-16,HDFCBANK.NS,799.5673062806881,802.6506292263948,797.6186702674619,799.073974609375,28950324,-0.000616998303254628,802.326398577009,822.9253452845982,3.3630499688043245,0
2024-07-18,HDFCBANK.NS,793.2772787604164,801.1458943462288,788.9113057816174,796.6319580078125,33717064,0.004228886087142416,800.8781215122768,823.0897885277158,3.3131067098985465,0
2024-07-19,HDFCBANK.NS,797.2239682199486,800.6772898644657,791.0573224261681,792.9320068359375,26002152,-0.005383633150912683,798.8202340262277,821.9022710890997,3.0993694279589534,1
2024-07-22,HDFCBANK.NS,797.7172520784763,814.4905276323838,795.5712715150735,810.3218994140625,53744822,0.015800895997603613,799.9795619419643,821.272687639509,5.3079980793198045,0
2024-07-23,HDFCBANK.NS,812.7885887086006,812.9119216218081,791.7973027922226,798.407958984375,52002152,-0.017692952292888725,799.7329014369419,820.1603451683408,5.339617281916378,0
2024-07-24,HDFCBANK.NS,793.3513220807449,799.6906218755655,783.4353677463822,791.3286743164062,61728206,-0.002549498195873445,798.4185355050223,818.554670061384,6.177554217964941,1
2024-07-25,HDFCBANK.NS,785.8773432331659,801.6639565310072,785.8773432331659,797.5199584960938,25535732,0.014814799488975142,798.0309186662946,816.3288051060268,6.1296476957472406,1
2024-07-26,HDFCBANK.NS,791.7972838101718,800.0605887969758,787.5792741911353,798.2846069335938,43810540,0.008193161628699392,797.9181518554688,814.3707478841146,6.1145027435472,0
2024-07-29,HDFCBANK.NS,796.7306475152811,805.0432741154053,788.4920327099303,791.822021484375,51001148,-0.006160960477941182,797.2310180664062,812.2306315104166,6.538683656825052,1
2024-07-30,HDFCBANK.NS,790.3172853310259,806.4738965011826,788.8372904146756,797.001953125,54595834,0.008458207757880684,797.8124389648438,810.6273048037574,6.268052929258339,1
2024-07-31,HDFCBANK.NS,796.237255579839,803.0945773220608,793.8692396532248,797.1005859375,37820484,0.0010842627013631417,795.9236798967634,808.5259457542783,3.0215664652915137,1
2024-08-01,HDFCBANK.NS,800.627938629233,814.0219048337823,798.1859108540549,808.471923828125,26215174,0.009797291376468616,797.3613891601562,806.369384765625,5.650913069563251,1
2024-08-02,HDFCBANK.NS,804.6238722852388,824.1104712768188,804.6238722852388,818.5111694335938,44119238,0.01725936506073723,801.2446027483259,803.7970086960565,9.10092517227332,0
2024-08-05,HDFCBANK.NS,809.1131991555811,812.02386783421,789.8239443515008,797.1005859375,41333634,-0.01484664102701317,801.1846923828125,801.1799984886533,9.13086167627274,0
2024-08-06,HDFCBANK.NS,804.1305829139676,805.5858871810888,786.0253355957136,789.922607421875,45116050,-0.017668741612346668,799.9901210239956,800.0782238188244,10.07199803616273,1
2024-08-07,HDFCBANK.NS,797.7172336137804,804.130544706532,790.415901512036,800.9238891601562,42346264,0.0040197897340755575,801.2903878348214,799.7998424711682,9.4073560138723,1
2024-08-08,HDFCBANK.NS,801.1705962949537,815.6252376687839,798.8272709671206,810.3958740234375,33976950,0.011514748258543749,803.2038051060268,799.9454926990327,9.745777974118896,1
2024-08-09,HDFCBANK.NS,814.9838462106346,820.1885189537674,811.9252142176729,814.0958251953125,26644618,-0.0010896179347002822,805.6316964285714,800.5116460890997,10.08303321933019,1
2024-08-12,HDFCBANK.NS,814.9838840860709,826.7991529902637,812.6898798741655,818.9798583984375,39316196,0.004903132921269586,807.132829938616,801.4090401785714,11.286703659620033,0
2024-08-13,HDFCBANK.NS,803.1438891669751,805.314560371115,789.8979470194763,790.9092407226562,54055042,-0.015233445226120926,803.189697265625,800.950945172991,11.469076157563604,1
2024-08-14,HDFCBANK.NS,792.5372946697382,796.0892584565494,790.9092761384464,793.1786499023438,32334428,0.0008092429680205544,802.6294206891741,800.6150105794271,11.90367360031259,1
2024-08-16,HDFCBANK.NS,803.3906439659711,806.1779800129083,794.757339532809,805.1666259765625,27849246,0.002210608281202028,804.8071376255581,800.9051368350074,10.503664606316958,0
2024-08-19,HDFCBANK.NS,807.9045746403995,807.9045746403995,801.0225621096914,804.895263671875,19502164,-0.0037248346685794078,805.3744768415179,801.2986275809152,10.365301507322554,1
2024-08-20,HDFCBANK.NS,802.8726105839366,812.0239372458545,802.8726105839366,807.9292602539062,31134494,0.006298196754142421,805.0221034458706,802.0127825055804,10.206861838832697,0
2024-08-21,HDFCBANK.NS,803.1932814957441,806.3753069063249,798.1120014172305,802.0586547851562,47630904,-0.0014126446731164634,803.302507672991,801.6192946661087,9.405944094079857,1
2024-08-22,HDFCBANK.NS,805.1172807347715,808.2252943260683,803.1439540663039,804.77197265625,21300638,-0.00042889164943318636,801.2728097098214,801.9223429361979,6.562176857087802,0
2024-08-23,HDFCBANK.NS,806.1038926835937,806.1038926835937,800.6772446912317,801.6885986328125,20333422,-0.005477326298577074,802.8127179827009,802.4156726655506,4.735382534297844,1
2024-08-26,HDFCBANK.NS,805.2159251748899,812.9858989531632,805.2159251748899,809.0392456054688,22364266,0.004748192765497589,805.0785173688616,802.9642101469494,2.725207543432902,0
2024-08-27,HDFCBANK.NS,810.7412543536698,812.714580974844,805.2159036816922,807.9539184570312,35773244,-0.003438009206600216,805.4767020089286,803.4246535528274,2.9357238791227718,0
2024-08-28,HDFCBANK.NS,807.9539173658313,808.9405806750858,804.2292392849356,807.6332397460938,26921188,-0.00039690087868264086,805.8678414481027,804.1775687081473,3.0263427381521733,1
2024-08-29,HDFCBANK.NS,810.0505418236547,811.2345497877237,804.6979056469421,808.3485717773438,49052604,-0.0021010664871346867,805.9277430943081,804.7178838820685,3.0776603731722556,0
2024-08-30,HDFCBANK.NS,816.9572296027775,819.9172195651064,799.7646332824804,807.5346069335938,445342100,-0.01153380168232947,806.7100219726562,805.2147420247396,2.5871607856556538,0
2024-09-02,HDFCBANK.NS,812.4185353190471,812.4185353190471,800.7758609185206,802.6258544921875,34049680,-0.012053738807194882,806.4034336635044,804.9363577706473,2.955977551266122,1
2024-09-03,HDFCBANK.NS,806.1039427589494,809.0392420850643,801.466613051357,807.756591796875,37282860,0.0020501686572444652,807.2702898297991,804.4242350260416,2.112191199422995,1
2024-09-04,HDFCBANK.NS,808.5705516272349,811.4318992052836,805.1172301742814,809.951904296875,24682744,0.0017083885467510378,807.4006696428571,805.0362025669643,2.2624090892124564,1
2024-09-05,HDFCBANK.NS,812.0238589250097,813.947864316631,810.0505324148638,811.7525024414062,22876318,-0.00033417304260327936,807.9433244977679,806.0757213774182,2.8071935492277125,0
2024-09-06,HDFCBANK.NS,808.2252499925564,812.8872099026286,806.1532209716318,807.5592041015625,26029602,-0.0008240844875856849,807.9327479771206,806.3916887555804,2.8086956232087226,1
2024-09-09,HDFCBANK.NS,808.0772497858858,813.2572321563082,804.1799176724811,812.2705688476562,23792914,0.0051892551892551856,808.4930332728794,806.4809599376861,3.260341746057722,1
2024-09-10,HDFCBANK.NS,815.9705333718649,815.9705333718649,808.0772271240113,814.1698608398438,26606646,-0.002206786223737985,809.4409266880581,806.4844854445685,3.8470171669744695,0
2024-09-11,HDFCBANK.NS,814.1945707781381,815.2305552034559,808.6692201411954,810.9879150390625,22226684,-0.00393843910800208,810.6355067661831,806.1039167131696,2.4067979931798478,1
2024-09-12,HDFCBANK.NS,815.970556634334,823.8638631072175,812.541925723635,822.1865234375,32424046,0.007617881249055409,812.6969255719866,807.5933111281622,4.657391290017484,0
2024-09-13,HDFCBANK.NS,825.8371886289187,825.8371886289187,817.4752411837702,821.8658447265625,23860532,-0.0048088702676971845,814.3989170619419,808.9593680245536,5.573811879512871,1
2024-09-16,HDFCBANK.NS,822.383822656841,827.7118283198007,820.9285184448568,824.3324584960938,15172820,0.0023694968037642396,816.1960536411831,809.8720267159598,6.525183383097814,0
2024-09-17,HDFCBANK.NS,827.8104775064535,827.8104775064535,820.9778464556504,823.2718505859375,20127122,-0.005482688421856316,818.4407174246652,810.7471022832962,5.7106659422757025,1
2024-09-18,HDFCBANK.NS,824.7764529489335,838.1210972952287,824.4064542356848,836.0984497070312,40917342,0.01372735208142361,821.8447004045759,812.0884922572544,8.04451477743668,1
2024-09-19,HDFCBANK.NS,838.2691083056365,848.0370989791965,838.2444778560398,842.8571166992188,30651776,0.00547319273503455,825.9428798130581,814.0312761579241,10.435023262813305,1
2024-09-20,HDFCBANK.NS,846.8037464482039,860.8390072921377,842.3884524296358,858.989013671875,60623386,0.014389718131007829,832.8001796177456,816.6130400158111,14.098323365544399,1
2024-09-23,HDFCBANK.NS,862.8370939539058,871.3963864151646,858.5204418257773,868.1651000976562,26965350,0.006174985036092012,839.3685477120536,819.7785877046131,18.387495830040628,1
2024-09-24,HDFCBANK.NS,870.7303607683197,878.9443447710721,865.4270455398441,872.2350463867188,33039036,0.0017280729904391775,846.5641479492188,822.7879115513393,20.16608333035343,1
2024-09-25,HDFCBANK.NS,868.3376691203036,882.0769427901153,868.3376691203036,877.686279296875,31965312,0.010766099996608755,854.1861223493304,826.1085001627604,20.44383806394816,1
2024-09-26,HDFCBANK.NS,874.7017352717152,882.0770195965482,872.2350769395101,879.8323364257812,31899644,0.005865543587234713,862.2661917550223,829.5465523856027,17.091550228589785,0
2024-09-27,HDFCBANK.NS,876.6503084858455,877.2422823547212,863.3303544458242,864.6376953125,35613502,-0.013702856266706519,866.3432268415179,832.2269868396577,12.63094305568575,0
2024-09-30,HDFCBANK.NS,862.738402689165,864.0456833682003,850.701098537286,854.47509765625,26383534,-0.009577996072921063,868.0029384068081,834.4622483026413,9.373872894364323,0
2024-10-01,HDFCBANK.NS,850.5037447767241,859.3837142697525,848.5797393423385,851.5890502929688,24572284,0.0012760737655887911,866.94580078125,836.7938290550595,10.859397331414325,0
2024-10-03,HDFCBANK.NS,846.3844351066934,851.5644172954591,825.5164827720641,829.7838134765625,48473398,-0.019613571494894403,861.4627598353794,837.8427443731399,17.68539654593198,0
2024-10-04,HDFCBANK.NS,826.083866681385,834.0511850540141,815.4772359655595,817.771240234375,48683232,-0.010062690705247831,853.6822160993304,838.215093703497,23.258647881385976,0
2024-10-07,HDFCBANK.NS,815.0824984433904,818.4371776300311,795.7439225540929,798.1119384765625,94458296,-0.020820665391831517,842.314453125,837.5655430385044,28.44019065635067,1
2024-10-08,HDFCBANK.NS,804.1306032900168,817.3519158252083,800.1839500223357,814.5152587890625,29734406,0.012914140385352805,832.9834420340402,837.8967837379092,24.52480353273713,0
2024-10-09,HDFCBANK.NS,813.7505304861846,817.3271848335777,803.4892084079638,805.6845703125,41125642,-0.009912079773226726,824.5615670340402,837.5831647600446,21.81565465042175,1
2024-10-10,HDFCBANK.NS,808.5705299330368,821.6191272702827,805.363874384187,820.114501953125,21754766,0.014277013065321847,819.6529105050223,837.8662429082962,17.377329283042087,0
2024-10-11,HDFCBANK.NS,821.1258260358886,821.1258260358886,810.6672193318118,814.4905395507812,23672594,-0.008080718295197508,814.3531232561384,838.0330345517114,10.181259525859556,1
2024-10-14,HDFCBANK.NS,816.9819085005773,834.741848018609,815.9705545228965,832.7931518554688,18527508,0.01935323559846031,814.7830287388393,838.5381120954241,10.974083076309668,0
2024-10-15,HDFCBANK.NS,835.7038196244212,837.6771462351046,826.5771840500105,830.81982421875,19651130,-0.0058441702562351625,816.6471121651786,838.9644920712426,12.559914731494509,1
2024-10-16,HDFCBANK.NS,828.8465156450762,842.585790426718,828.8465156450762,838.565185546875,20470682,0.011725536294539282,822.4261474609375,839.6422409784226,11.899420733978749,0
2024-10-17,HDFCBANK.NS,836.1724403142362,837.5044718768119,821.4958240034423,825.4178466796875,14695732,-0.012861693492920009,823.983660016741,839.7444312686011,11.394183237744297,1
2024-10-18,HDFCBANK.NS,820.4598702584595,834.2238355924767,816.0198853262701,829.7098388671875,24809724,0.01127412679649286,827.4158412388393,839.4402117047991,8.107998464129908,1
2024-10-21,HDFCBANK.NS,846.063768270474,862.4177242903107,844.1151323678729,852.8223876953125,46548354,0.00798830972120984,832.088396344866,839.9147484188989,11.788352185624447,0
2024-10-22,HDFCBANK.NS,853.4884373802005,858.3970631644344,843.9424218629189,845.841796875,38875280,-0.008959278380703074,836.5671473911831,839.2886904761905,9.771117893797642,1
2024-10-23,HDFCBANK.NS,841.1551854708522,861.603759041874,841.1551854708522,856.3251342773438,38036090,0.01803466122365982,839.9288591657366,838.7248825799851,12.040734546190272,1
2024-10-24,HDFCBANK.NS,857.4597103207274,872.5310159915173,857.4597103207274,863.15771484375,30832258,0.0066452154596177235,844.5485578264509,838.2926286969866,14.006484444147748,0
2024-10-25,HDFCBANK.NS,865.7970368926951,867.2030200365818,852.8223905419693,860.0744018554688,26130478,-0.006609672698539891,847.6213030133929,837.4539678664435,14.81130416829907,0
2024-10-28,HDFCBANK.NS,859.383716444917,863.8237012026692,852.9210840084185,855.5357055664062,22012142,-0.004477639970220921,851.9238542829241,836.2969854445685,11.227266286553535,1
2024-10-29,HDFCBANK.NS,851.5644426318723,870.2370336046123,851.0464203091243,864.2430419921875,35794926,0.014888596476774296,856.8571690150669,836.2781924293155,6.380253323288735,0
2024-10-30,HDFCBANK.NS,859.3836983279829,865.6736766021975,850.6023712370916,855.7330322265625,32715724,-0.004248004830116172,857.2729753766741,836.3380940755209,6.1646810342545795,1
2024-10-31,HDFCBANK.NS,852.4771270596069,857.8544543150349,848.2344867353692,856.2757568359375,22895912,0.004455990261501735,858.7635410853794,836.5612705775669,3.714607504651751,1
2024-11-01,HDFCBANK.NS,854.9437133825962,860.4196824223525,851.5397130969706,857.0650634765625,1759692,0.0024812745690276157,858.8692452566964,837.8603777204241,3.643501939641621,0
2024-11-04,HDFCBANK.NS,860.8637106769045,860.8637106769045,844.0411138190809,845.6197509765625,28089248,-0.01770775038055155,856.3638218470982,839.1864972795759,5.6696375597808455,1
2024-11-05,HDFCBANK.NS,840.1437747820238,869.5956493162819,837.6277954866241,867.2030029296875,44232406,0.03220785413149582,857.3821934291294,842.4765479678199,6.944165634361759,0
2024-11-06,HDFCBANK.NS,873.9369881601011,873.9369881601011,861.0363539084846,865.9203491210938,27787910,-0.009173017217047648,858.8657139369419,844.9244094122024,7.5654188213879685,0
2024-11-07,HDFCBANK.NS,860.5184217555121,868.7323455565536,857.4104082699865,861.62841796875,18895456,0.0012899156893973463,858.4921962193081,847.5884021577381,7.316119643340014,1
2024-11-08,HDFCBANK.NS,864.3169963876733,869.15167034177,861.2829948869464,865.525634765625,19902986,0.001398373956549637,859.8911394391741,849.7508370535714,7.630100662650843,1
2024-11-11,HDFCBANK.NS,865.5750573030832,879.5116762015548,863.9223481240455,871.3717041015625,24565362,0.006696873655925574,862.0477033342634,852.4594639369419,8.51946414098744,0
2024-11-12,HDFCBANK.NS,874.1837241378527,875.6637191561447,842.931174712482,847.6424560546875,31395406,-0.03036120137027373,860.7016165597098,853.1665736607143,10.04563269534896,0
2024-11-13,HDFCBANK.NS,846.9270867373347,853.1677439816382,825.3438276461692,829.463134765625,35728500,-0.02062037245613083,858.3935285295759,853.1019694010416,14.81315631652291,1
2024-11-14,HDFCBANK.NS,825.39317914741,841.05645917869,824.8998474928816,835.087158203125,27146470,0.011744680354311109,853.8055507114956,852.9363490513393,16.506619256727706,1
2024-11-18,HDFCBANK.NS,838.6637692715708,847.987749103584,836.1971111266544,841.1797485351562,27081968,0.002999985638786718,850.2711791992188,853.6869158063616,16.124572045497715,1
2024-11-19,HDFCBANK.NS,845.5704607570133,865.1803941380466,839.9957889401087,859.507080078125,50981272,0.016481913652275287,849.9681309291294,855.1058320545014,15.893830389501678,0
2024-11-21,HDFCBANK.NS,863.0343691875372,867.7703408111802,855.5356922473849,858.989013671875,35716512,-0.004687363168943685,849.0343279157366,855.3994809105283,14.993996298866339,1
2024-11-22,HDFCBANK.NS,860.148374275574,865.4516892160756,853.2417315623627,861.15966796875,24773612,0.0011757200541449373,847.5754656110491,856.1289033435639,12.793794667913051,1
2024-11-25,HDFCBANK.NS,880.6216480727867,889.7482832055338,870.6810037082952,880.8929443359375,427737274,0.00030807357932267476,852.3255353655134,857.2987990606399,17.95454842180813,0
2024-11-26,HDFCBANK.NS,892.9302818593218,892.9302818593218,873.0983737208503,880.8683471679688,30935566,-0.01350826031595303,859.6691371372768,858.1421625046503,17.55324371595994,1
2024-11-27,HDFCBANK.NS,883.0143007972586,896.5562300169572,880.6709755435701,894.06494140625,32714976,0.012514679092981856,868.0945347377232,859.760759626116,17.937784049424096,0
2024-11-28,HDFCBANK.NS,897.3702251985009,905.8061839354122,882.07694483503,884.6176147460938,35722392,-0.014211091581054183,874.2999441964286,861.1456124441964,14.198833815989607,1
2024-11-29,HDFCBANK.NS,888.6383310231244,890.2662893460416,879.561016559754,886.04833984375,27669536,-0.0029145616264294972,878.091552734375,862.1839599609375,13.090729510693242,1
2024-12-02,HDFCBANK.NS,889.7236388960249,892.0176431336934,875.6636867426915,890.3156127929688,15110876,0.0006653458119628771,882.5667811802456,863.8307495117188,10.587178983055766,1
2024-12-03,HDFCBANK.NS,899.1955156163089,906.4475265301776,895.9395389832724,900.9715576171876,43410242,0.0019751455273455862,888.2541939871652,865.9591209774926,7.3776102895344255,1
2024-12-04,HDFCBANK.NS,906.7435619082082,920.063516299678,903.3642521901576,917.6461791992188,44669084,0.012023925781249965,893.504656110491,868.8439360119048,12.538634509813118,1
2024-12-05,HDFCBANK.NS,917.596875706611,927.4388181075852,905.3622266087298,920.4335327148438,39682714,0.0030913978494623686,899.1568254743304,872.4064970470611,14.635362961465741,0
2024-12-06,HDFCBANK.NS,916.1168429341786,919.6688066050772,909.7035317020062,915.5494995117188,17783156,-0.0006192915530761043,902.2260480608259,874.7087111700149,15.609904344241512,1
2024-12-09,HDFCBANK.NS,914.464251733858,927.4635290462064,912.1702474502318,922.5302124023438,26947912,0.00882042207029135,907.6421334402902,877.4044189453125,15.049246834768663,0
2024-12-10,HDFCBANK.NS,926.3288062229568,926.3288062229568,916.881553393078,921.5928344726562,13325480,-0.005112624932405124,912.7199183872768,880.2598673502604,12.293099821935426,0
2024-12-11,HDFCBANK.NS,918.435483332828,923.4675021564424,915.9935158212784,919.1261596679688,14045426,0.0007520139930073757,916.835710797991,882.812273297991,7.385014188647102,0
2024-12-12,HDFCBANK.NS,913.1568815747592,921.864197216933,912.0221946944998,917.2268676757812,17293790,0.004457050243111912,919.1578979492188,884.9958525158111,2.5154317986150607,1
2024-12-13,HDFCBANK.NS,918.8301759997275,924.996821476236,902.4268990322158,923.3934936523438,19009002,0.004966442953020254,919.9789428710938,888.603044782366,2.8548367389393334,0
2024-12-16,HDFCBANK.NS,920.1128492893369,922.5054957499956,915.2535445762154,920.1621704101562,13107082,5.360333882685552e-05,919.9401768275669,892.9220464797247,2.8494723955527053,0
2024-12-17,HDFCBANK.NS,915.7962178924912,918.7562078618506,901.0702798391582,904.4002685546876,21079532,-0.012443761084784694,918.347429547991,896.2226707821801,6.495764673481558,0
2024-12-18,HDFCBANK.NS,902.7229483325016,905.7569501607672,891.5243434620028,893.275634765625,23422312,-0.01046535217070479,914.1682041713169,898.7034272693452,11.120607748069974,0
2024-12-19,HDFCBANK.NS,887.7995941182149,888.5395915672278,877.6369745293333,884.790283203125,25380770,-0.003389628622300582,908.9106968470982,899.9073893229166,15.035817916843355,0
2024-12-20,HDFCBANK.NS,879.2156362475025,886.7883251977108,871.7417099804251,873.93701171875,25692348,-0.006003788275742816,902.4551042829241,900.6191987537202,19.07675359305419,1
2024-12-23,HDFCBANK.NS,879.1169941259847,890.956953642833,878.7716860618692,888.4902954101562,11044592,0.010662177328844035,898.3498796735491,901.9206572033111,18.449823736127456,0
2024-12-24,HDFCBANK.NS,889.0083275055933,892.2889348142179,882.8416818560752,887.0596313476562,14485834,-0.002191988643576381,893.1593279157366,902.2143089657739,15.022595695888107,0
2024-12-26,HDFCBANK.NS,887.2816657547127,893.916952377888,878.5003382709294,883.4336547851562,10481678,-0.0043368539191929924,887.9123971121652,902.3364664713541,9.370107823239568,1
2024-12-27,HDFCBANK.NS,885.4316968356189,890.9322967259654,882.6196702111419,887.1336669921875,7259330,0.0019221924883095027,885.4457397460938,902.0064057849702,5.957617668137562,0
2024-12-30,HDFCBANK.NS,884.1489668763874,895.3969526845203,873.6903598921683,877.0943603515625,22222218,-0.007978979548828863,883.1341291155134,901.6481555757068,5.537639772514881,0
2022-05-02,INFY.NS,1392.251564707948,1393.9122980651262,1374.38720227835,1383.3642578125,7072627,-0.006383405930890354,1407.025425502232,1523.0154971168154,15.073419278164133,0
2022-05-04,INFY.NS,1388.9752818655138,1409.3980885628416,1373.6245347920797,1378.47216796875,6220959,-0.007561771641218278,1400.6260811941963,1507.1432175409227,16.472540551650148,1
2022-05-05,INFY.NS,1400.4658986154006,1426.8135404517482,1398.1317759996657,1422.998291015625,6144870,0.016089211756245878,1403.7103445870537,1493.5322905040923,18.53547258746145,0
2022-05-06,INFY.NS,1391.4441317357737,1402.0819246327187,1378.0234724920049,1385.0255126953125,6171472,-0.0046129189768145396,1398.8178885323662,1478.9937453497023,18.260912076903743,1
2022-05-09,INFY.NS,1382.4668114652425,1424.4794830755254,1366.4427862489936,1409.712158203125,6832202,0.01970777635450493,1401.068568638393,1466.5647960844494,18.530907833979125,0
2022-05-10,INFY.NS,1398.6254914253664,1408.6349319744825,1387.8979520606213,1394.136962890625,6212545,-0.003209242618742074,1397.2725655691963,1454.7727864583333,16.440808089095796,0
2022-05-11,INFY.NS,1391.398747520711,1391.398747520711,1356.9717597606357,1370.572021484375,7846080,-0.014968193749955857,1392.0401960100446,1442.6216808500744,18.459640270455242,0
2022-05-12,INFY.NS,1359.1265222178802,1371.24554999195,1350.4188201690602,1354.45849609375,7034979,-0.003434578052757504,1387.9108014787946,1429.5493745349702,23.31772889210938,0
2022-05-13,INFY.NS,1363.8843824412695,1372.8165107722343,1344.852954894135,1350.508544921875,6723761,-0.009807163782792628,1383.9159981863838,1418.343005952381,27.265456484083767,0
2022-05-16,INFY.NS,1355.5356309484275,1357.196364606125,1327.3925786728637,1336.7735595703125,6145331,-0.013841075770902288,1371.598179408482,1407.5128231956846,26.11932232874011,1
2022-05-17,INFY.NS,1341.9803117228057,1369.0012321589384,1329.4124315587237,1363.1212158203125,6516378,0.015753512859191316,1368.468994140625,1397.6765311104912,25.54844099245996,0
2022-05-18,INFY.NS,1366.3081825774632,1391.1745885847754,1351.3165400447583,1354.8175048828125,6594126,-0.00841001894094945,1360.6269008091517,1392.8802141462054,18.125546452472356,0
2022-05-19,INFY.NS,1329.502325378898,1332.8237930944929,1272.6326833436513,1281.160888671875,16561140,-0.036360550699485225,1344.4874616350446,1387.1156645275298,29.832211202879172,1
2022-05-20,INFY.NS,1304.366297672036,1316.7097502480792,1298.7107082948205,1306.29638671875,10488908,0.0014797139807727496,1335.3052280970983,1381.4494222005208,30.352718173254736,1
2022-05-23,INFY.NS,1306.2516316480803,1335.7861731182122,1301.718283302418,1318.191162109375,5887569,0.009140298983765274,1330.1241803850446,1375.0201357886904,29.625062011042623,0
2022-05-24,INFY.NS,1318.3704022679538,1319.223288324953,1288.4319428782096,1293.59375,5693167,-0.018793392376930798,1321.9934953962054,1368.845191592262,30.881654620990222,0
2022-05-25,INFY.NS,1288.2079122024966,1294.9407061687118,1256.1149276302044,1266.169189453125,9630092,-0.01710804796385015,1311.9071568080358,1362.4052269345239,36.30386298777364,1
2022-05-26,INFY.NS,1272.946780445226,1283.7192496732532,1263.1169461079403,1278.2880859375,13040065,0.0041960163412375785,1299.7881382533483,1355.691673642113,29.9641191471659,1
2022-05-27,INFY.NS,1296.2422023774436,1316.934364203155,1290.362295335605,1311.8623046875,8284860,0.012050296064583826,1293.6516810825892,1351.7823835100446,19.326373063653207,1
2022-05-30,INFY.NS,1334.888454697668,1373.4898020762826,1333.093043191686,1370.6171875,10904213,0.02676533209692337,1306.43115234375,1349.3970598493304,33.8268070663149,0
2022-05-31,INFY.NS,1370.526271451383,1377.148968893097,1350.0686901713195,1364.0850830078125,16033857,-0.00469979202715274,1314.6866803850446,1347.3440348307292,40.233482354809915,0
2022-06-01,INFY.NS,1372.613057886202,1374.2006803920185,1335.50802974436,1341.359619140625,8738508,-0.022769300179692732,1317.9964599609375,1345.3438139415923,41.50277179134065,1
2022-06-02,INFY.NS,1346.3039171942348,1373.3841995793427,1338.6833068349497,1368.0770263671875,7205840,0.01617250673854454,1328.636928013393,1344.8488071986608,43.69384844897228,1
2022-06-03,INFY.NS,1383.4090071722164,1410.7160939809075,1377.1492158604617,1380.505859375,9395707,-0.0020985462593963214,1344.970738002232,1342.8253580729167,37.36203195801675,1
2022-06-06,INFY.NS,1375.3347908956075,1394.0233549555946,1354.4688936722575,1388.0811767578125,6624883,0.009267842234911138,1360.6554652622767,1342.9708658854167,26.03007155499789,0
2022-06-07,INFY.NS,1378.827331227114,1378.827331227114,1363.1779106621018,1366.8974609375,4904592,-0.008652185824454723,1368.5176304408483,1340.9320707775298,14.667891537967458,0
2022-06-08,INFY.NS,1379.1448683164317,1379.1448683164317,1353.5615113932292,1360.8192138671875,4697608,-0.013287693606557047,1367.117919921875,1339.3455113002233,14.899806509683094,1
2022-06-09,INFY.NS,1347.2109846360613,1376.1963887958834,1344.0357398911278,1374.4273681640625,4361061,0.020202020202020166,1368.5953892299108,1339.5290992373511,15.06084841081104,0
2022-06-10,INFY.NS,1348.208862822303,1355.3304608518883,1336.8687033026622,1339.7718505859375,6516436,-0.006257941531925315,1368.3685651506696,1338.8297351655506,15.54361601314348,0
2022-06-13,INFY.NS,1309.6525740541358,1309.6525740541358,1280.712459207355,1292.3248291015625,6987685,-0.01323079517106882,1357.5468226841517,1336.05908203125,32.69153310350872,1
2022-06-14,INFY.NS,1279.1701015491417,1314.4607030952411,1272.9557157577426,1306.885498046875,6090247,0.021666701296542593,1347.0296282087054,1334.6358410063244,35.771475625927906,0
2022-06-15,INFY.NS,1306.5678679807882,1312.1926539494157,1287.1988962903904,1290.238037109375,4651958,-0.012498264553719505,1333.052036830357,1331.1652134486608,36.17097032813145,0
2022-06-16,INFY.NS,1304.5720675297323,1309.7885413741665,1262.8402767742612,1267.5577392578125,6641772,-0.028372773872131222,1318.8606480189733,1327.009986514137,39.96718702808782,0
2022-06-17,INFY.NS,1261.9784641623437,1267.3309313181774,1240.2960551585052,1258.576416015625,9692047,-0.0026958052322841,1304.2545340401787,1325.934535435268,40.75241026592306,1
2022-06-20,INFY.NS,1261.0711313296624,1290.3740367989146,1253.7680243721102,1282.9349365234375,4595194,0.01733748767265973,1291.1841866629463,1324.8220854259673,26.767562397610142,1
2022-06-21,INFY.NS,1291.871205087972,1320.9020186854543,1290.7371889318204,1315.3680419921875,6270787,0.01818821939189791,1287.6979282924108,1324.6876511346727,20.157852776560507,0
2022-06-22,INFY.NS,1302.8029904960238,1324.1677855678092,1301.8503727550444,1303.8916015625,6253366,0.0008355914704047152,1289.3503243582588,1325.1780250186011,21.05448536907906,1
2022-06-23,INFY.NS,1306.2049993211278,1322.716227548584,1300.0359081461734,1317.68115234375,6254281,0.008785874367795746,1290.8925606863838,1327.6309756324404,22.870112128976007,0
2022-06-24,INFY.NS,1322.716318533469,1331.334840499222,1296.3164470818606,1307.3843994140625,6114340,-0.011591237595378957,1293.342041015625,1329.0165143694196,23.691787744121843,1
2022-06-27,INFY.NS,1331.8338234573516,1346.3038236253658,1329.202884133053,1337.7760009765625,4511097,0.004461650856550089,1303.3732212611608,1330.250499906994,25.73253252181758,1
2022-06-28,INFY.NS,1332.6957115355226,1350.159559355168,1318.180305555558,1342.8111572265625,4412178,0.0075902140327179035,1315.4067557198662,1328.9264032273065,20.444782349624564,0
2022-06-29,INFY.NS,1328.7946624267454,1339.9534251599073,1321.8091675409512,1327.479248046875,5060038,-0.0009899305115118994,1321.770228794643,1327.1832682291667,14.808805117155778,0
2022-06-30,INFY.NS,1329.1121369570396,1344.489349388375,1319.994604156603,1326.25439453125,9165177,-0.0021501138589647894,1323.3254220145088,1326.4639718191963,14.594483083397185,1
2022-07-01,INFY.NS,1319.0875083390094,1347.2111072100613,1308.5184562919433,1342.1307373046875,4651635,0.017469067685049956,1328.7881556919642,1325.2284342447917,13.197663366519695,1
2022-07-04,INFY.NS,1342.9017181396484,1353.7882715040637,1326.3450848979337,1349.9326171875,4800224,0.005235602094240838,1333.3955078125,1323.7725655691963,14.260661413112151,0
2022-07-05,INFY.NS,1359.7307581468851,1369.846093530671,1335.4174077837515,1339.0008544921875,7379669,-0.01524559441675753,1337.912144252232,1321.4354073660713,8.487646923811726,1
2022-07-06,INFY.NS,1344.6709122978723,1360.8193461699268,1333.6029592465284,1353.244140625,5209162,0.006375707430509631,1340.1218784877233,1320.7852492559523,10.272227946119969,1
2022-07-07,INFY.NS,1363.5863571826133,1373.4748889332016,1356.9182539508968,1359.639892578125,3323472,-0.0028941801769286402,1342.5259835379463,1320.7290910993304,12.691037573242204,1
2022-07-08,INFY.NS,1374.4276002803076,1376.1966212108844,1360.7740012737456,1373.9285888671875,3652582,-0.0003630685334159067,1349.1616036551338,1320.7053397042412,15.372452635917206,0
2022-07-11,INFY.NS,1356.2832728913424,1360.7286382087686,1330.3370063413038,1336.460693359375,4702638,-0.014615368284908075,1350.6196463448662,1320.5476655505952,13.162861095781945,0
2022-07-12,INFY.NS,1326.163860792882,1332.3328420632538,1302.7577236881664,1305.116455078125,4710356,-0.01587089373870674,1345.3318917410713,1321.1567905970983,21.765116857319505,1
2022-07-13,INFY.NS,1315.458659703502,1324.5307883911123,1305.116410850875,1310.423583984375,5264025,-0.0038276198814654423,1339.687744140625,1321.3252708798364,25.221519686338244,0
2022-07-14,INFY.NS,1316.3657819014363,1318.134802576168,1282.798908069353,1296.27099609375,6157606,-0.015265351077920172,1333.5834786551338,1321.6125546409971,30.112173965262194,1
2022-07-15,INFY.NS,1311.8298621361157,1311.8298621361157,1279.7599080562986,1297.6319580078125,5620018,-0.010822976773210572,1325.638881138393,1323.0446602957588,31.37039986283697,1
2022-07-18,INFY.NS,1315.4586780241734,1355.0131375042863,1313.6896572029552,1351.656494140625,5835171,0.02751725821659477,1324.4983956473213,1327.4770449683779,30.045394496348937,0
2022-07-19,INFY.NS,1335.0090819172656,1348.8893717454062,1333.6935568698457,1346.43994140625,3418540,0.008562383315451354,1320.5714460100446,1330.5010928199404,23.61671469182127,1
2022-07-20,INFY.NS,1361.9532009641566,1384.2253192557744,1360.819184976676,1374.6995849609375,5079392,0.009358900135303792,1326.034144810268,1333.326404389881,31.131428317951613,1
2022-07-21,INFY.NS,1376.2419192424743,1392.9799523411634,1363.6316382423909,1390.6666259765625,5008061,0.010481229013884423,1338.2555977957588,1337.4585484095983,37.659118995580606,0
2022-07-22,INFY.NS,1391.6644179192049,1397.107694651614,1353.6975848594027,1366.53466796875,7020642,-0.018057334531861133,1346.2714669363838,1339.7849062965029,36.707313466652,0
2022-07-25,INFY.NS,1342.7655831599943,1376.3778601962863,1342.7655831599943,1364.0850830078125,7859626,0.01587730584935457,1355.959193638393,1342.4849388485864,29.565956391655778,0
2022-07-26,INFY.NS,1357.780137915972,1357.780137915972,1310.9225719330734,1316.501953125,7268273,-0.030401228916434955,1358.6549072265625,1341.471888950893,23.62489497154832,1
2022-07-27,INFY.NS,1316.3657591726785,1336.3244405660616,1310.9224824290286,1334.555419921875,4517285,0.013818090164110996,1356.2118966238838,1341.0787586030506,25.294411014734408,1
2022-07-28,INFY.NS,1357.5532673695334,1383.0005201751158,1351.6109791825677,1376.604736328125,6636841,0.014033680605039345,1360.5211530412946,1343.4180675688244,25.914064192455964,1
2022-07-29,INFY.NS,1390.5759062138168,1411.35099196503,1386.2212402192902,1405.90771484375,7009465,0.011025510050492548,1364.979457310268,1347.2110828218006,30.95429173175966,1
2022-08-01,INFY.NS,1418.8809307454735,1418.8809307454735,1395.202696952757,1407.132568359375,2983249,-0.008280019930866201,1367.3317347935267,1350.306408110119,33.732602259558085,0
2022-08-02,INFY.NS,1403.0498791316793,1403.458080558974,1386.538541149447,1400.37353515625,4374635,-0.001907518766963316,1372.1658586774554,1352.7083565848213,35.95106560965881,1
2022-08-03,INFY.NS,1405.2726932814403,1424.3241629773152,1397.017078561979,1420.7860107421875,6011955,0.011039364484143065,1380.2659912109375,1356.6028878348213,39.98793554055748,1
2022-08-04,INFY.NS,1440.2002467347777,1455.0331531114546,1428.814682376479,1451.44970703125,7402209,0.007811039000984124,1399.5442417689733,1361.2793433779761,36.50096383587684,1
2022-08-05,INFY.NS,1459.161245553542,1474.8559622239864,1453.6272690310873,1466.645751953125,5361971,0.005129320986553342,1418.4142892020088,1366.3748604910713,31.03878498140872,1
2022-08-08,INFY.NS,1466.963169953547,1471.499234177275,1447.9117002138908,1469.1405029296875,3763409,0.0014842451540275229,1431.6336844308037,1370.9087611607142,29.950737928747838,0
2022-08-10,INFY.NS,1470.7735479878663,1470.7735479878663,1440.744822354331,1453.7633056640625,4423829,-0.011565507380164111,1438.4701974051338,1376.4945998418898,28.527791923127,1
2022-08-11,INFY.NS,1478.7570605163432,1479.981775810349,1466.0560796284728,1469.6395263671875,3462090,-0.006165674127684057,1447.3997628348213,1384.3290318080358,26.81519959043438,0
2022-08-12,INFY.NS,1463.6065415227213,1464.241546222961,1442.6045418057784,1446.18798828125,3562286,-0.011901117374994231,1453.9446847098213,1390.7940034412202,17.342048446343043,1
2022-08-16,INFY.NS,1459.7053891087387,1459.7053891087387,1443.4662579077535,1448.31982421875,3004430,-0.007799906046068963,1457.8780866350446,1398.034423828125,10.233276660048585,1
2022-08-17,INFY.NS,1448.319962808223,1462.4271674367703,1437.9324195950876,1457.210693359375,4067324,0.006138650836458365,1458.7010846819196,1405.6334112258185,9.854776981785488,0
2022-08-18,INFY.NS,1446.187955002789,1449.9075054695088,1427.952999207405,1436.072509765625,4635706,-0.006994557797395401,1454.3334786551338,1409.6532214936756,12.234531485513156,1
2022-08-19,INFY.NS,1438.2045012665103,1455.9858500611736,1438.0229922596134,1448.9095458984375,4739884,0.007443339679788325,1451.4433419363838,1414.532726469494,10.406755906065356,0
2022-08-22,INFY.NS,1438.8395820332398,1450.633349099086,1427.9530278186126,1429.449951171875,3950555,-0.006525835804500341,1447.970005580357,1417.1398867652529,13.188896582975385,0
2022-08-23,INFY.NS,1404.3655261856406,1410.262409855025,1390.7573331024466,1399.28515625,5551574,-0.0036175552880732573,1437.9193812779017,1417.55029296875,19.309855167605782,0
2022-08-24,INFY.NS,1392.5716896119156,1402.5510307101115,1388.9428383034808,1394.8397216796875,2888426,0.0016286644951140107,1430.5839146205358,1418.8981526692708,24.6578140127234,0
2022-08-25,INFY.NS,1404.3654366095143,1405.0004412820567,1373.2933977181217,1377.28515625,4331088,-0.01928292996507575,1420.4361049107142,1419.5267275855654,30.147956294840885,1
2022-08-26,INFY.NS,1392.7078235409888,1401.5984429909956,1376.6500897106737,1380.3697509765625,3079136,-0.00885905310207598,1409.4588274274554,1422.5680512927827,28.468794693871587,0
2022-08-29,INFY.NS,1332.287622633787,1332.287622633787,1315.4587781060266,1326.1185302734375,8079050,-0.004630450854263567,1393.7511160714287,1422.166294642857,39.524307494974956,1
2022-08-30,INFY.NS,1336.4153079026626,1357.2812047129148,1329.9741184273807,1354.4234619140625,6725875,0.01347496837615658,1380.2531040736608,1421.1100434802827,33.17092854453796,0
2022-09-01,INFY.NS,1324.5762195682023,1331.8792168601256,1316.411303587629,1328.341064453125,8140604,0.002842301431434421,1365.8089773995537,1417.4163934616815,30.04431041133636,0
2022-09-02,INFY.NS,1340.8606195627042,1340.8606195627042,1313.644233509334,1318.1802978515625,5175653,-0.01691474966170491,1354.2225690569196,1413.1805710565477,30.616134323911325,1
2022-09-05,INFY.NS,1316.3657470530793,1330.8811515691712,1312.1471854668405,1325.7100830078125,3669352,0.0070985863736215925,1344.3469063895088,1409.6251685732886,26.15528584981915,0
2022-09-06,INFY.NS,1325.7102355622496,1333.6029433786189,1311.330822713805,1320.08544921875,3428442,-0.004242847488549484,1336.1755196707588,1404.8299037388392,22.87969602485762,1
2022-09-07,INFY.NS,1306.386475113744,1329.7472054847017,1304.6174543928623,1322.3988037109375,3600574,0.012256961398654573,1327.8939557756696,1398.6846226283483,12.230158483756814,1
2022-09-08,INFY.NS,1338.1390526321622,1343.6730292773457,1327.7968032291676,1338.95556640625,4061475,0.0006101860434322158,1329.727818080357,1392.6041376023065,12.865499061362922,1
2022-09-09,INFY.NS,1349.93282010479,1378.963633440377,1342.6751167708933,1371.388427734375,4816910,0.015893833611601176,1332.1513846261162,1387.9492768787202,18.608878908372176,1
2022-09-12,INFY.NS,1384.2254749088493,1402.4604318892673,1380.006912812304,1393.660400390625,5494819,0.006816032252546878,1341.4827183314733,1385.0872337704614,29.543939606433582,1
2022-09-13,INFY.NS,1407.903829396252,1408.901741513863,1398.287394069123,1401.5986328125,4947158,-0.0044784284637223865,1353.399623325893,1381.847191220238,34.91393753683724,0
2022-09-14,INFY.NS,1358.097606026967,1359.8666267473366,1335.4172852850338,1338.5018310546875,14332197,-0.014428841406771769,1355.227015904018,1376.7192789713542,33.53047427849361,0
2022-09-15,INFY.NS,1338.138952185551,1338.3203504578364,1296.45256607429,1299.8546142578125,12784100,-0.02861013638771192,1352.3368966238838,1369.6495070684523,37.679481288105265,0
2022-09-16,INFY.NS,1292.7782765113873,1292.7782765113873,1241.3846477911488,1249.2774658203125,20464045,-0.033649088541666566,1341.8909912109375,1359.7479248046875,53.97468257103252,1
2022-09-19,INFY.NS,1262.840313282475,1275.541293444799,1252.498064430117,1261.298095703125,6595241,-0.001221229290139981,1330.7970668247767,1351.4253336588542,62.0546400782011,0
2022-09-20,INFY.NS,1277.3102899424389,1282.3907705057266,1256.5804984348931,1259.71044921875,7219797,-0.01377882951563947,1314.8430698939733,1342.4158528645833,64.19840162484053,0
2022-09-21,INFY.NS,1251.8629984379054,1259.9372147231684,1241.430050958142,1249.4588623046875,7917054,-0.0019204466752494552,1294.2428501674108,1333.8448486328125,57.47600698420107,0
2022-09-22,INFY.NS,1239.5703320849489,1255.5372570833497,1233.809552280041,1241.0218505859375,9168498,0.0011709851901240624,1271.3033098493304,1326.3085007440477,35.22452136453872,0
2022-09-23,INFY.NS,1240.6136148834153,1265.3805708345333,1235.623944037449,1238.7537841796875,10426200,-0.0014991216293418971,1257.0535888671875,1318.8758370535713,20.684333704579334,1
2022-09-26,INFY.NS,1233.8093614155043,1269.5988607267132,1229.273297586771,1252.180419921875,9414587,0.014889705882353032,1250.2429896763392,1312.918468656994,8.506665391780228,1
2022-09-27,INFY.NS,1264.1556500846286,1275.994821592784,1250.13925642009,1264.2464599609375,8561254,7.183441082020884e-05,1252.3814174107142,1307.3887881324404,9.977766683944106,1
2022-09-28,INFY.NS,1251.046475907764,1275.4051179200892,1249.2320502719297,1265.2896728515625,7022098,0.011385026230511179,1252.9516427176338,1304.492175874256,10.662823081831517,1
2022-09-29,INFY.NS,1274.5433714005803,1279.034030767962,1263.7475161988737,1268.873291015625,6119965,-0.004448715133738088,1254.2606201171875,1300.4183582124256,12.096819436145497,1
2022-09-30,INFY.NS,1260.0733324380312,1287.607332969342,1248.324969500773,1282.300048828125,8120130,0.01763922449425129,1258.9522181919642,1298.2259288969494,15.743111084446806,0
2022-10-03,INFY.NS,1280.9846139293722,1280.9846139293722,1257.3970785454037,1264.427978515625,4943169,-0.01292492917847029,1262.2959507533483,1295.666294642857,13.646094167953551,1
2022-10-04,INFY.NS,1287.970231265926,1299.3557985318942,1282.799161545888,1296.770263671875,6631341,0.006832481211386037,1270.584019252232,1294.2882080078125,14.552751196773817,1
2022-10-06,INFY.NS,1310.922383952672,1324.3491765425556,1310.1058703537112,1320.130615234375,6180672,0.007024238348832357,1280.2911900111608,1294.2903587704614,21.320037368931132,0
2022-10-07,INFY.NS,1312.1474027075965,1322.5803514308293,1306.5227268238814,1316.54736328125,3994466,0.0033532517494408503,1287.7627476283483,1294.01171875,23.782246479581307,1
2022-10-10,INFY.NS,1294.0029457542655,1329.066742368926,1294.0029457542655,1326.934814453125,5274677,0.02544960875623334,1296.5691964285713,1293.4393019903273,25.429996827233225,0
2022-10-11,INFY.NS,1326.9348942612842,1342.3575126771138,1288.3329432818086,1291.689697265625,12824774,-0.026561361185154807,1299.8286830357142,1289.6441243489583,22.592347512088768,1
2022-10-12,INFY.NS,1303.664798259727,1307.3843486042715,1282.3907023211864,1296.1348876953125,5481467,-0.0057759560390570975,1301.8050885881696,1285.0000523158483,21.375737223624956,0
2022-10-13,INFY.NS,1298.2216523105023,1304.5267376311374,1283.7062459953604,1288.151611328125,4821514,-0.007756796356350438,1305.1941789899554,1279.5978131975446,15.54831394276097,1
2022-10-14,INFY.NS,1347.2110338811046,1355.37594923796,1331.1080063717516,1337.45849609375,14990688,-0.007239057239057122,1311.0067836216517,1279.548130580357,19.078869635599016,1
2022-10-17,INFY.NS,1339.8625996229894,1356.2831290703418,1338.5924795607286,1351.70166015625,4286396,0.008836025825776398,1315.5169328962054,1282.0170375279017,24.54403575532054,1
2022-10-18,INFY.NS,1369.8913885102745,1370.753196410842,1358.3244247993434,1364.1759033203125,4692004,-0.004172217766970175,1322.321010044643,1287.4883916945685,30.70565502208914,0
2022-10-19,INFY.NS,1364.4481050975749,1365.3099129941174,1343.854418021596,1347.6192626953125,3553171,-0.012333809061253292,1325.2759312220983,1291.5989234561011,32.18337299475173,1
2022-10-20,INFY.NS,1338.139027990448,1364.4482021000908,1337.413213372677,1361.6358642578125,4583939,0.017559338585805107,1335.2682407924108,1296.4525146484375,30.848292359696817,0
2022-10-21,INFY.NS,1361.0915509372185,1366.2626201422445,1352.9719290790936,1361.27294921875,3594485,0.00013327412208724793,1344.5736781529017,1301.7769949776787,26.609491519263923,1
2022-10-24,INFY.NS,1377.602772050084,1380.5966188815137,1370.7986753820724,1377.0130615234375,982837,-0.0004280700784079678,1357.2681710379463,1308.2527669270833,12.84006201247147,1
2022-10-25,INFY.NS,1386.3117494742835,1390.6664148723564,1379.9159661790572,1384.6788330078125,3914341,-0.001177885469909796,1364.0139334542412,1315.2015787760417,13.099536563664126,1
2022-10-27,INFY.NS,1403.9386622242373,1407.6988621560834,1387.1551861000603,1397.65625,6760137,-0.004474848077966726,1370.5788748604912,1322.1289992559523,16.87261760083906,0
2022-10-28,INFY.NS,1399.5363917556376,1401.3247453776469,1382.1109714126776,1387.843017578125,3053981,-0.00835517693315853,1373.9598911830358,1328.0145496186756,17.725429133696633,1
2022-10-31,INFY.NS,1403.4343037022636,1418.2459346568946,1403.4343037022636,1410.2210693359375,4542336,0.004835827096266913,1382.9030064174108,1334.9160446893602,18.010803189027822,1
2022-11-01,INFY.NS,1424.3447111160303,1444.4756121674843,1418.887736075427,1442.641357421875,4542692,0.012845658893561318,1394.4752197265625,1343.1907145182292,26.221176518455334,0
2022-11-02,INFY.NS,1441.7243350182016,1442.412180597886,1416.9618941495685,1424.5740966796875,2938906,-0.011895643239106165,1403.5182407924108,1349.9656691778273,23.651703973342848,0
2022-11-03,INFY.NS,1411.2297190433037,1415.9529473175023,1395.546863646527,1403.8927001953125,3174027,-0.005199025182778245,1407.358189174107,1356.6068464006696,20.618833913848686,0
2022-11-04,INFY.NS,1394.4461881478994,1394.4461881478994,1376.7456980540148,1388.53076171875,4509682,-0.004242133170449752,1407.9084647042412,1360.9763939267114,19.953350086960775,0
2022-11-07,INFY.NS,1395.3176762956068,1401.2790045132888,1367.528670745416,1382.523681640625,4898592,-0.009169234269968015,1405.7466692243304,1363.9474923270088,21.967335087667198,1
2022-11-09,INFY.NS,1402.2876797188958,1402.2876797188958,1376.6998049643528,1385.9627685546875,3334755,-0.011641627748937221,1405.478062220982,1367.2529878162202,22.23263292439373,0
2022-11-10,INFY.NS,1361.934227104186,1386.6966675969895,1361.934227104186,1377.4794921875,3435763,0.011414108533249173,1400.8006940569196,1369.659877232143,24.406348891688484,1
2022-11-11,INFY.NS,1418.4750969869554,1443.0999449630117,1418.4750969869554,1439.981689453125,7214098,0.015161769502935045,1400.4207414899554,1376.721400669643,23.655576999525515,1
2022-11-14,INFY.NS,1444.613253594111,1459.516573917289,1438.468432811522,1453.922119140625,4908813,0.006443846145917651,1404.613316127232,1384.2350783575148,30.31360257941748,1
2022-11-15,INFY.NS,1447.089492665349,1465.4320412606671,1442.4121651643493,1461.901123046875,3497614,0.010235462600343272,1412.9002336774554,1392.5088646298364,37.22487860962719,1
2022-11-16,INFY.NS,1464.7902529771134,1475.658191787474,1461.442715110839,1469.9720458984375,4497697,0.003537566495129521,1424.534702845982,1398.8190336681548,40.8859062958867,0
2022-11-17,INFY.NS,1464.8358035943602,1469.9718064752024,1451.7667384557692,1455.8480224609375,3469515,-0.006135691871654693,1435.0096086774554,1403.7783842540923,37.58873173164191,1
2022-11-18,INFY.NS,1459.79176825668,1465.5697161746532,1444.934347830517,1461.3509521484375,3126064,0.0010680865077213038,1445.7793491908483,1408.4057675316221,31.500897325598462,0
2022-11-21,INFY.NS,1450.9871057683945,1456.2605878409026,1434.433024869714,1438.239013671875,3071764,-0.00878580660423479,1454.4592808314733,1412.7209937686011,11.679304302674954,1
2022-11-22,INFY.NS,1438.972931127563,1456.3983522183364,1432.5530391467516,1453.69287109375,3399329,0.010229476627230649,1456.4180210658483,1417.1046607607886,9.853653997327184,0
2022-11-23,INFY.NS,1457.2238001205214,1460.0668727709146,1448.4193991579357,1451.9503173828125,3245067,-0.00361885575659195,1456.1363351004463,1421.422630673363,9.964456863368556,1
2022-11-24,INFY.NS,1457.3154109383324,1500.420397920146,1453.4176195623174,1494.7342529296875,5282215,0.025676556845893723,1460.8267822265625,1427.0284016927083,17.78719963193086,1
2022-11-25,INFY.NS,1496.2018175218022,1507.757601566357,1480.0603960028975,1500.099609375,4563255,0.0026051243940164253,1465.1307198660713,1432.5246291387648,23.192523129399785,0
2022-11-28,INFY.NS,1493.0835100335044,1516.4702603442256,1485.74649032818,1488.86474609375,3825766,-0.0028255378291999794,1469.8473946707588,1436.8678908575148,24.319968325140888,1
2022-11-29,INFY.NS,1486.846847301808,1502.9424774251793,1481.2066035401367,1494.04638671875,3131710,0.004842152660179457,1474.5181710379463,1441.9251941499256,25.525979489900266,1
2022-11-30,INFY.NS,1485.7006074148594,1509.3625410366662,1479.4642077611848,1499.45751953125,11868134,0.00925954532678547,1483.263671875,1446.174548921131,21.133942380898638,1
2022-12-01,INFY.NS,1518.9462914993808,1533.9872026204164,1515.369584352362,1519.771728515625,5407928,0.000543427388357108,1492.7035086495537,1449.847423735119,20.4714982185565,0
2022-12-02,INFY.NS,1518.7630705374709,1524.0824545757985,1498.5403653057654,1502.1630859375,4283343,-0.010929936948029914,1499.8767613002233,1453.5421375093006,9.857024270242825,1
2022-12-05,INFY.NS,1502.2545242879537,1508.5368239309553,1488.772797697745,1503.8594970703125,3824966,0.0010683760683759852,1501.1803676060267,1458.3024611700148,9.665114509190209,0
2022-12-06,INFY.NS,1490.3319598752034,1491.2490872351268,1474.328132226153,1479.2347412109375,4822398,-0.007446138822115303,1498.199672154018,1462.6216982886904,12.771956863444014,0
2022-12-07,INFY.NS,1474.740816480458,1489.2314737623112,1464.3772323790536,1472.447998046875,4898087,-0.001554726368159392,1495.8544224330358,1466.90380859375,15.896770079293281,1
2022-12-08,INFY.NS,1472.4480939167222,1489.3232610774244,1466.0282018846967,1485.884033203125,4206837,0.009124898420468668,1494.6883719308037,1471.6619640531994,16.34454927266259,0
2022-12-09,INFY.NS,1493.0835061100497,1493.0835061100497,1431.7276565946954,1439.2481689453125,8880658,-0.03605648106380542,1486.0870361328125,1474.6033296130952,26.25470193199649,0
2022-12-12,INFY.NS,1421.5473714407533,1436.1755076749384,1403.2507258609144,1418.9793701171875,8037679,-0.0018064831149194125,1471.6881277901787,1473.6032191685267,31.763020028933823,1
2022-12-13,INFY.NS,1418.9793012308687,1446.768302956747,1413.430748287342,1441.8616943359375,6135067,0.01612595270785124,1463.0736432756696,1473.0289132254463,30.262089326732738,1
2022-12-14,INFY.NS,1450.895617363601,1456.8569457535275,1442.641470362165,1448.5111083984375,4976020,-0.001643473821705008,1455.1667306082588,1472.3912934802827,24.514318874544273,0
2022-12-15,INFY.NS,1439.2479055439524,1439.8898498673827,1408.0196764387892,1412.8345947265625,6443866,-0.01835216206717852,1445.6809953962054,1469.6704624720983,26.421573778638827,0
2022-12-16,INFY.NS,1398.6192710071691,1421.0888920823663,1386.7425160776045,1396.05126953125,9630453,-0.0018360975922131098,1434.7671770368304,1466.822998046875,29.158916892035617,0
2022-12-19,INFY.NS,1382.9822609021824,1391.1906185589476,1371.151406638808,1382.4320068359375,6222740,-0.000397874999413156,1419.988316127232,1463.064953031994,24.82803708523114,0
2022-12-20,INFY.NS,1376.608161274371,1390.3650716135553,1359.5954040399706,1382.3861083984375,7396259,0.004197234395819397,1411.8651646205358,1460.4052908761162,26.707282139688836,1
2022-12-21,INFY.NS,1389.4481290747046,1394.9508939423272,1377.8464440879927,1384.4498291015625,6236361,-0.0035973275061881795,1406.932373046875,1457.1080031622023,28.31470521518991,1
2022-12-22,INFY.NS,1395.4093535025568,1403.159035330933,1386.467361260263,1395.913818359375,6302640,0.00036151746837012063,1400.3683907645088,1454.4395984468006,23.840040570445336,0
2022-12-23,INFY.NS,1383.6701502561066,1384.7707703774545,1369.2712939559335,1373.031494140625,6283822,-0.007688722715823889,1389.5855887276787,1448.6442289806548,13.075346546644928,1
2022-12-26,INFY.NS,1376.149769399726,1384.7707900126975,1372.34366800658,1377.892333984375,4115459,0.0012662608557563618,1384.5938371930804,1442.8248349144346,8.636945512955691,1
2022-12-27,INFY.NS,1384.8164781367202,1395.363443276997,1373.3982867447278,1389.3104248046875,4860076,0.003245156841297793,1383.630859375,1438.0841529482886,7.4393450174282485,0
2022-12-28,INFY.NS,1380.36834007092,1398.573295419047,1374.3153220044476,1384.9998779296875,5029860,0.003355291282998732,1383.9976981026787,1432.8914620535713,7.433685666812023,1
2022-12-29,INFY.NS,1379.3595010203696,1395.2258485730229,1376.6081190369514,1391.78662109375,4624745,0.009009340976146906,1385.3406284877233,1427.7642764136904,7.926789612976013,0
2022-12-30,INFY.NS,1401.370592109832,1403.5717201426935,1379.4054368384104,1383.21142578125,5060544,-0.012958147138825298,1385.1637137276787,1421.2614048549108,7.963718250111161,1
2023-01-02,INFY.NS,1388.5308744976214,1399.9949669224698,1379.4055017090532,1397.7021484375,3801140,0.00660501981505942,1385.419189453125,1416.287074497768,8.38367034437496,0
2023-01-03,INFY.NS,1393.896125248884,1405.6354013294997,1389.53976988402,1396.3724365234375,4551130,0.001776539320038254,1388.7536097935267,1411.1686430431548,7.192654630958988,0
2023-01-04,INFY.NS,1394.9506886748184,1394.9506886748184,1367.528558728868,1370.9219970703125,7059590,-0.017225477430555452,1387.757847377232,1406.0108933221727,9.160276418880777,0
2023-01-05,INFY.NS,1381.1022918875108,1381.1022918875108,1347.48954741884,1352.9464111328125,9868404,-0.020386528152247493,1382.56298828125,1400.3203415643602,15.937291980148538,0
2023-01-06,INFY.NS,1348.1773465478836,1352.7629837810398,1326.62485155205,1328.4591064453125,6443714,-0.014625850340136097,1374.4857352120537,1392.8239164806548,25.783008398667228,1
2023-01-09,INFY.NS,1328.1837010555696,1365.9235115565782,1328.1837010555696,1361.4295654296875,11498717,0.025031073900165964,1370.1490129743304,1389.1182686941963,24.92680595676992,0
2023-01-10,INFY.NS,1359.1826856249468,1360.9252499203978,1333.5490218618731,1347.9478759765625,7158624,-0.008265856950067423,1365.111363002232,1385.735816592262,25.405682980402602,1
2023-01-11,INFY.NS,1348.1773211820307,1370.1883794870434,1342.6745566057775,1349.32373046875,6173092,0.0008503401360543301,1358.200160435268,1381.3292468843006,21.312865306654253,1
2023-01-12,INFY.NS,1359.1370254896133,1361.9343090878735,1334.420484661856,1357.89892578125,6591385,-0.0009109454640287415,1352.7039446149554,1377.014381045387,13.272394456405934,1
2023-01-13,INFY.NS,1360.5586764335903,1393.4835768048276,1346.3431998682242,1379.038818359375,11610426,0.01358275996903445,1353.863490513393,1375.4050583612352,15.325115772661768,1
2023-01-16,INFY.NS,1384.8624058326163,1401.370699412078,1377.8005694719036,1399.077880859375,6073063,0.010264900662251672,1360.4537004743304,1375.5491827101935,22.907928136844095,1
2023-01-17,INFY.NS,1400.4533892015468,1414.3936794008594,1397.702007297418,1411.91748046875,5922644,0.008185985592665356,1372.3763253348213,1376.9532528831846,25.094696479606263,1
2023-01-18,INFY.NS,1416.732580138559,1423.24416242099,1412.0093515411083,1417.3287353515625,5843098,0.0004207958660379699,1380.3619210379463,1378.6171875,29.53236132103684,0
2023-01-19,INFY.NS,1412.2843147760473,1421.1346153807065,1399.673814730397,1411.3671875,6165284,-0.0006493928074197304,1389.4218226841517,1379.8989664713542,27.595427451683747,0
2023-01-20,INFY.NS,1410.541847819042,1416.9617391940312,1397.7020650690638,1399.1236572265625,6496429,-0.008094896730738002,1396.536097935268,1380.0518159412202,21.217225333754445,1
2023-01-23,INFY.NS,1407.7906002862817,1424.574076980102,1401.4623986498889,1419.7132568359375,4855020,0.008469055374592839,1405.3667166573662,1382.2747570219494,14.139275905093424,1
2023-01-24,INFY.NS,1430.7187486357643,1438.7895145635266,1421.3181927553053,1423.2900390625,5200802,-0.005192292042267443,1411.6883196149554,1384.4365525018602,9.555655814729198,0
2023-01-25,INFY.NS,1418.7960730383943,1427.0502195525155,1411.2297720671163,1415.1275634765625,4158617,-0.002585649644473271,1413.9811314174108,1385.6659400576636,7.787486536087285,0
2023-01-27,INFY.NS,1417.8788751387417,1422.4186107141427,1382.47778201832,1393.2540283203125,6209955,-0.017367383949506706,1411.3149239676338,1386.0589948381696,11.101525358417561,1
2023-01-30,INFY.NS,1402.104482387963,1416.0447747672706,1394.0337160921315,1411.2757568359375,6964719,0.006541077760734892,1410.4502127511162,1386.987048921131,10.78629315372411,0
2023-01-31,INFY.NS,1420.53866769089,1420.53866769089,1387.6137712822178,1406.6441650390625,9448126,-0.009781150607053313,1409.7754952566963,1388.1028936476935,10.8667932298651,1
2023-02-01,INFY.NS,1414.393818239772,1426.1789947825198,1401.4165552146444,1422.5562744140625,6194199,0.005770992540428978,1413.123011997768,1389.2864234561011,10.64556836380576,1
2023-02-02,INFY.NS,1423.3818135852407,1455.435373433011,1423.3818135852407,1452.5006103515625,6916834,0.020457474226804138,1417.806919642857,1391.959193638393,18.40995991314892,1
2023-02-03,INFY.NS,1465.1109512577386,1471.668434244157,1442.6413310350065,1466.853515625,7040194,0.0011893736551251935,1424.0302734375,1396.5273611886162,26.261355625440086,0
2023-02-06,INFY.NS,1465.569600374364,1465.569600374364,1432.186140277909,1439.75244140625,4570612,-0.017615784990026577,1427.5481131417412,1400.6609816778273,26.518090502557282,0
2023-02-07,INFY.NS,1438.972940534242,1445.4387337102248,1426.2248468410608,1432.919921875,4336238,-0.0042064853957537165,1433.2146693638392,1405.6353062220983,21.784007141367702,1
2023-02-08,INFY.NS,1435.7629765999538,1470.1552548640857,1435.7629765999538,1458.691162109375,7983338,0.015969338869370797,1439.9882986886162,1410.266810825893,21.18890913863156,1
2023-02-09,INFY.NS,1463.9187005529932,1485.5170954490195,1454.6099470732718,1482.9949951171875,6904911,0.013030979491544354,1450.8955601283483,1416.6976260230654,20.811797323347484,0
2023-02-10,INFY.NS,1479.2806324268656,1482.3530988577234,1464.1480299444947,1475.245361328125,4786762,-0.0027278604277543145,1458.422572544643,1422.6938941592261,18.220829377555802,0
2023-02-13,INFY.NS,1464.652428439592,1464.652428439592,1436.2214796095184,1437.55126953125,4001199,-0.018503474532326453,1456.2869524274554,1426.4868629092261,19.83518456137147,1
2023-02-14,INFY.NS,1453.3716512253498,1463.7352349511611,1447.3645343194853,1461.213134765625,5043736,0.005395373945586477,1455.4811837332588,1430.399925595238,19.445125575163928,1
2023-02-15,INFY.NS,1452.7296857900087,1466.4865956933231,1445.3926671749075,1464.6982421875,3465747,0.008238667189472805,1459.0448695591517,1433.5247047061011,18.336390441338143,1
2023-02-16,INFY.NS,1467.4038134282823,1480.6562593366962,1465.4319671631831,1469.0546875,4290289,0.0011250305175783608,1464.2069789341517,1436.2455240885417,14.425043257105951,0
2023-02-17,INFY.NS,1461.901041196995,1462.8181685754123,1444.934184696277,1452.54638671875,2857734,-0.0063989656034347635,1463.3291538783483,1437.9225551060267,14.992455744948726,1
2023-02-20,INFY.NS,1453.6009151504752,1470.1551082186377,1451.3539979762904,1460.4793701171875,2417716,0.004732010619297283,1460.1126360212054,1440.26123046875,12.2310835003986,0
2023-02-21,INFY.NS,1466.2115851689005,1468.9171782738615,1445.3928371814657,1448.602783203125,2723288,-0.012009727752728818,1456.3065534319196,1442.6173793247767,10.798687462729095,0
2023-02-22,INFY.NS,1433.47013701294,1444.4756658959568,1426.4083007612826,1432.36962890625,3656244,-0.0007677230786148922,1455.5663190569196,1443.2200637090773,12.36291469509765,0
2023-02-23,INFY.NS,1439.7524657040512,1439.7524657040512,1419.850845363736,1422.189453125,4766854,-0.012198633443883552,1449.9915073939733,1443.1676548549108,17.231893563958046,0
2023-02-24,INFY.NS,1430.7187958678808,1438.9729427671186,1416.9618843691512,1422.1436767578125,2790986,-0.005993574093549644,1443.9122837611608,1443.5017554873511,18.628579467251914,0
2023-02-27,INFY.NS,1412.3763505337108,1412.3763505337108,1377.5255055205412,1384.2205810546875,4920268,-0.019935033228490252,1431.7931256975446,1443.0715913318452,25.77138205723859,0
2023-02-28,INFY.NS,1389.9983063812856,1397.7021991611691,1358.5409027983055,1364.27294921875,9679811,-0.018507473746143522,1419.1826346261162,1440.8333623976935,34.15672162282754,1
2023-03-01,INFY.NS,1368.7210658416525,1376.4707482224333,1358.7243539750916,1372.068603515625,5125043,0.002445741325617756,1406.552525111607,1439.1869070870537,32.6541566852195,0
2023-03-02,INFY.NS,1361.9342350192826,1365.235871380038,1345.701124272383,1350.149169921875,4644499,-0.008653182212752542,1392.4877232142858,1435.7389497302827,32.726511671621054,1
2023-03-03,INFY.NS,1363.538974306564,1366.3362572732274,1350.9284742919583,1356.7064208984375,4615015,-0.00501089703842248,1381.6786934988838,1431.1773216610864,29.71541891351082,1
2023-03-06,INFY.NS,1370.6928275102962,1394.400548877502,1369.4088267341433,1382.523681640625,6561742,0.00863129498665152,1376.0121547154017,1427.1616152808779,23.919522898719844,0
2023-03-08,INFY.NS,1367.024237409992,1372.02253676298,1358.3573166463943,1368.9959716796875,4137080,0.0014423550188335358,1368.4196254185267,1423.792259579613,12.586007076564904,0
2023-03-09,INFY.NS,1371.105492034302,1374.177846498556,1352.3960702873087,1357.7154541015625,5104656,-0.009765869957148761,1364.6331787109375,1420.2110944475446,10.916304920233575,0
2023-03-10,INFY.NS,1339.0060106489143,1352.1209773156488,1336.850783639018,1349.598876953125,3699580,0.00791099234803072,1362.5368826729912,1415.0162237258185,12.316205741325913,0
2023-03-13,INFY.NS,1342.8578170068272,1355.78940216574,1309.6578518193462,1316.16943359375,8798403,-0.019874318096136535,1354.5512869698662,1407.0721493675596,20.50541393524172,0
2023-03-14,INFY.NS,1321.580474595621,1328.3213380398463,1294.0666548608056,1302.32080078125,7402784,-0.014573213046495713,1347.7186628069196,1398.837646484375,28.591035268256103,0
2023-03-15,INFY.NS,1318.829266229014,1323.2773119475332,1299.4319983717653,1302.0,7556182,-0.012760761881736644,1339.9034598214287,1392.382824125744,32.87997956121133,0
2023-03-16,INFY.NS,1300.3032376058477,1300.3032376058477,1282.786015172728,1287.738525390625,7323117,-0.009662909275191204,1326.3627232142858,1384.1221284412202,31.905575732355004,1
2023-03-17,INFY.NS,1311.4920976074493,1323.32306269695,1294.4335514559468,1302.9627685546875,9090018,-0.0065035306490384675,1316.929408482143,1376.4204392206102,26.504234228977523,0
2023-03-20,INFY.NS,1302.0456322126888,1302.0456322126888,1270.0837669911443,1287.3258056640625,8221829,-0.011305154123985292,1306.873744419643,1367.7666829427083,21.291249050424327,0
2023-03-21,INFY.NS,1283.0611764780233,1288.5639406373286,1274.8070302390654,1275.448974609375,8536755,-0.005932844051554609,1296.2809012276787,1359.333472842262,13.518657700630575,0
2023-03-22,INFY.NS,1286.7296413869892,1290.6274325316042,1267.6075589859763,1274.119140625,8356487,-0.009800427655024818,1290.273716517857,1350.4591761997767,12.513397304020488,0
2023-03-23,INFY.NS,1269.258358749589,1269.258358749589,1256.4644769231124,1260.637451171875,7607718,-0.006792082571909846,1284.3189522879463,1341.5084461030506,15.40818039062869,1
2023-03-24,INFY.NS,1272.972797414035,1283.015297395886,1263.3429599696206,1266.23193359375,7559127,-0.005295371459609137,1279.209228515625,1333.5971272786458,14.469669401562987,1
2023-03-27,INFY.NS,1271.3679168983217,1280.0806276002395,1260.2247960834827,1273.8441162109375,4170193,0.0019476654080250993,1277.2243129185267,1326.5330636160713,14.05159712695763,0
2023-03-28,INFY.NS,1276.7330397726337,1282.144113859987,1261.8297194219722,1263.4346923828125,6633366,-0.010415918579336995,1271.5774448939733,1318.9754929315477,9.029211828718156,1
2023-03-29,INFY.NS,1264.7186272999518,1274.715337897841,1251.466181751986,1268.8916015625,8813966,0.003299527794144305,1268.9439871651787,1313.4836367652529,5.77086342006183,1
2023-03-31,INFY.NS,1287.6467834969517,1311.4461931539086,1278.3838197671578,1309.6119384765625,8711975,0.01705836978053758,1273.8244105747767,1310.8807314918154,16.55624183047671,0
2023-04-03,INFY.NS,1316.0777246615953,1316.0777246615953,1288.7014961247696,1293.9290771484375,5242764,-0.016829285305966956,1276.6544015066963,1307.1598016648065,18.224085129336025,1
2023-04-05,INFY.NS,1283.9785067762718,1309.1995131593774,1283.9785067762718,1305.576904296875,7506334,0.016821463448660822,1283.0743233816963,1305.0373128255208,19.511382849761457,0
2023-04-06,INFY.NS,1298.6522809308383,1310.0246820529576,1293.4704891987503,1304.0633544921875,6948465,0.004166683908236548,1288.4788120814733,1302.5305001395088,19.307072152908848,1
2023-04-10,INFY.NS,1305.9434783219242,1315.160653204444,1297.7352331131715,1309.291015625,4993788,0.0025633094836364774,1293.5426548549108,1299.0432303292412,19.476713353734603,0
2023-04-11,INFY.NS,1310.483299665465,1314.5644716127188,1273.8898958181142,1289.61865234375,6942255,-0.015921337820208183,1297.2832205636162,1295.2633579799108,14.64593087470383,1
2023-04-12,INFY.NS,1295.946912669283,1312.8678683565352,1283.9783553609143,1309.93310546875,5831169,0.010792257508958816,1303.1462925502233,1292.9880080450148,8.168292496877854,0
2023-04-13,INFY.NS,1292.920253602577,1294.1125639133095,1268.3870975225138,1274.0732421875,11267238,-0.014577087304930058,1298.0693359375,1289.3915492466517,13.05970440517698,0
2023-04-17,INFY.NS,1146.6844649704483,1156.6352751470652,1087.071182308468,1154.021484375,53171705,0.006398464118671736,1278.0825369698662,1281.6702183314733,56.21339125900328,1
2023-04-18,INFY.NS,1164.7056569058248,1164.7056569058248,1149.2520857902414,1154.984130859375,12430884,-0.00834676640300358,1256.5692836216517,1274.6541864304315,70.84867560028462,0
2023-04-19,INFY.NS,1150.3987451220048,1150.3987451220048,1127.5164610086156,1130.0843505859375,11307230,-0.01765856805929746,1231.7151402064733,1266.4677269345239,81.17456642812428,0
2023-04-20,INFY.NS,1128.7086346529145,1135.266117885482,1120.1794170940875,1122.013671875,8621249,-0.005931524374289246,1204.9612339564733,1258.5760672433037,82.20082787342376,1
2023-04-21,INFY.NS,1126.324198126057,1131.047426880891,1118.8954881773257,1125.6363525390625,8691352,-0.0006106994665823705,1181.535191127232,1250.1319521949404,77.27220130150627,0
2023-04-24,INFY.NS,1126.2324115928468,1128.0666663348547,1117.061137882807,1124.67333984375,8313774,-0.0013843250585301341,1155.0695103236608,1242.3865966796875,54.268128254130026,0
2023-04-25,INFY.NS,1124.3521987449235,1133.1108094759409,1114.3096993227584,1123.3892822265625,6808576,-0.0008564189401113546,1133.5432303292412,1235.1456589471727,14.538810171494971,1
2023-04-26,INFY.NS,1126.2324867816417,1130.8181239428047,1119.3999321931217,1125.81982421875,5680192,-0.00036640974908379754,1129.5144217354912,1228.0837867373511,11.510394068015023,1
2023-04-27,INFY.NS,1128.0666511252507,1144.3915628906238,1123.847887666319,1142.969970703125,8020704,0.013211382113821184,1127.7981131417412,1222.4805733816963,7.149134428356066,1
2023-04-28,INFY.NS,1151.6368776414,1154.6634429645403,1141.7777576955154,1148.931396484375,10118277,-0.0023492484563066816,1130.4905482700892,1216.8948335193452,10.780422635457615,1
2023-05-02,INFY.NS,1150.5823426028023,1173.6939106744755,1150.5823426028023,1171.58447265625,8886401,0.01825347850023274,1137.5720912388392,1212.0253266834077,18.08830425765361,0
2023-05-03,INFY.NS,1161.0834380362487,1167.0447669045234,1157.5066183244755,1163.972412109375,5549783,0.0024881709431773835,1143.0486711774554,1207.289027622768,19.611582863596546,1
2023-05-04,INFY.NS,1163.788693033167,1170.0711048738815,1157.8732664731897,1168.007568359375,4505401,0.003625121425791169,1149.2392752511162,1202.4850260416667,19.683808023477685,0
2023-05-05,INFY.NS,1173.0058612365624,1173.0058612365624,1150.3069596997327,1154.7550048828125,5373791,-0.01555904958097154,1153.7200927734375,1195.1108863467261,16.053923944801838,1
2023-05-08,INFY.NS,1157.8275786908769,1165.027119198115,1151.178404252146,1160.716552734375,5260842,0.002495167757849247,1158.7053397042412,1188.7674328031994,10.351549819444505,1
2023-05-09,INFY.NS,1161.083344621019,1166.5861092874693,1156.2225243840412,1165.393798828125,4969897,0.003712441683945541,1161.9087437220983,1182.0920468284971,7.8339918381999,0
2023-05-10,INFY.NS,1170.6215279475311,1170.6215279475311,1154.8010790515318,1158.561279296875,6515734,-0.010302431966889904,1163.2844412667412,1175.1633765811011,5.741293979224036,0
2023-05-11,INFY.NS,1164.9810367298412,1170.1628287388498,1149.2064908153254,1152.003662109375,6888461,-0.011139558680623964,1160.4871826171875,1167.6735026041667,5.793208739523374,0
2023-05-12,INFY.NS,1149.481568475018,1151.9119783998672,1136.3667142373067,1142.0069580078125,8292212,-0.00650259270979171,1157.3492606026787,1160.6443743024554,8.773194021315543,1
2023-05-15,INFY.NS,1146.3175788639087,1163.7429997559711,1142.419787348579,1154.0672607421875,5534710,0.00676050164559053,1155.3577880859375,1153.222191220238,7.429937857155258,1
2023-05-16,INFY.NS,1160.1662364323145,1168.3744824143912,1158.1026996481462,1159.5242919921875,5236469,-0.0005533210844861669,1156.0391148158483,1147.7674793061756,7.582554800194632,0
2023-05-17,INFY.NS,1156.1307625392042,1156.4517347340925,1139.48487806171,1143.566162109375,10465667,-0.010867802187214188,1153.5890590122767,1147.2696068173364,8.53080236007199,0
2023-05-18,INFY.NS,1154.2965053260136,1155.2595338626716,1139.4848756551935,1142.74072265625,6948732,-0.010011104266923058,1150.3529052734375,1146.6865873790923,7.5462266052139535,1
2023-05-19,INFY.NS,1151.9579766677468,1167.778425157087,1148.9773124596102,1163.7430419921875,11094136,0.010230464620359819,1151.0931570870537,1148.2893822079614,8.657903555602445,1
2023-05-22,INFY.NS,1167.4572849700612,1188.2302430762331,1164.9810857591126,1185.662353515625,7625947,0.015593776988620744,1155.9015415736608,1151.3202718098958,15.716828330343322,1
2023-05-23,INFY.NS,1191.5317535922914,1205.2428740172338,1189.5600194436024,1192.3114013671875,7436031,0.000654323959513144,1163.087890625,1154.4952741350446,19.378791265604022,0
2023-05-24,INFY.NS,1188.8722389198845,1196.851202152626,1184.2866021300276,1191.0274658203125,4824077,0.0018128330613440033,1168.367919921875,1157.654994419643,21.43720456929952,1
2023-05-25,INFY.NS,1187.2215654124593,1198.685659323356,1182.406645969883,1196.2552490234375,4334121,0.007609096628765958,1173.615199497768,1161.1248023623511,23.324087003578747,1
2023-05-26,INFY.NS,1197.7683455717138,1213.7721734013032,1197.7683455717138,1208.2694091796875,5521606,0.008767190790103404,1182.8585205078125,1165.0509730747767,22.22601675570573,0
2023-05-29,INFY.NS,1222.255654468869,1222.255654468869,1201.2993155421436,1205.4722900390625,4419365,-0.01373146801852973,1191.8201729910713,1168.0272739955358,14.740767089313513,1
2023-05-30,INFY.NS,1206.0224833077132,1216.4777576450638,1200.6573106206852,1214.1390380859375,6274719,0.0067300194569867,1199.0196010044642,1171.1323997860864,10.414136179912457,0
2023-05-31,INFY.NS,1210.4705525350664,1220.7882355808035,1205.24297124017,1209.049072265625,17800782,-0.0011743204049569295,1202.360560825893,1172.9164283389136,9.080799706378166,1
2023-06-01,INFY.NS,1212.9468193268542,1219.3208096161989,1208.865535454334,1210.1495361328125,4277841,-0.0023061878307196614,1204.9088657924108,1175.1153390066963,8.256220512769238,0
2023-06-02,INFY.NS,1216.6559956163696,1220.2808910223432,1204.6196046796233,1207.3614501953125,10909311,-0.007639419404125347,1207.2422921316963,1176.9893333798364,5.54074030304514,1
2023-06-05,INFY.NS,1212.008539400872,1217.0740205048828,1205.7812402951347,1212.4732666015625,5002553,0.0003834355828220741,1209.5591517857142,1179.7378220331102,2.9797070796050322,0
2023-06-06,INFY.NS,1197.6949566393228,1197.6949566393228,1183.195490212996,1188.772216796875,10008100,-0.007449926872435494,1206.7738385881696,1181.0738060360864,8.459702207751217,1
2023-06-07,INFY.NS,1199.460719013535,1202.713808913998,1192.025084955334,1198.02001953125,5397578,-0.0012011226874273065,1205.709228515625,1182.6274355933779,9.095795052959359,0
2023-06-08,INFY.NS,1195.464131149108,1200.8550117245732,1190.72393668932,1192.3040771484375,5034942,-0.002643369983533469,1202.5899483816963,1184.2342354910713,9.459809368944752,0
2023-06-09,INFY.NS,1192.0253388838628,1192.0253388838628,1174.8304314613663,1176.642822265625,5339073,-0.012904521503411164,1197.960484095982,1185.4075288318452,13.028414172537609,1
2023-06-12,INFY.NS,1183.6602050671725,1204.2940478285252,1183.1954778567024,1200.80859375,4785588,0.014487594167157438,1196.6260637555804,1188.2076067243304,12.010491598582114,1
2023-06-13,INFY.NS,1208.1978299633267,1214.332206477655,1205.548907543366,1212.798583984375,4846587,0.0038079475951284486,1197.402797154018,1191.0043364025298,12.958845986251527,0
2023-06-14,INFY.NS,1214.19280628768,1214.5180926556236,1201.970457495657,1208.66259765625,3457981,-0.0045546379477723045,1196.8584158761162,1193.3442557198662,12.282641795930958,0
2023-06-15,INFY.NS,1202.6676036275371,1202.6676036275371,1192.164835863856,1196.0220947265625,6161155,-0.005525640568458111,1197.8941127232142,1195.8421572730654,11.78264174343876,1
2023-06-16,INFY.NS,1196.2077995523568,1209.6848882031022,1190.677591317118,1200.52978515625,8536287,0.0036130725827991767,1198.252650669643,1198.594017392113,11.825219865201271,1
2023-06-19,INFY.NS,1202.714111328125,1207.826111028515,1196.2544479993342,1202.714111328125,4451787,0.0,1199.7397984095983,1200.4497825985864,11.604975905683208,1
2023-06-20,INFY.NS,1202.7140333935445,1212.93803213182,1200.018592852604,1211.450927734375,4009180,0.007264315621377388,1204.7123849051338,1201.6778099423364,6.306699116894517,0
2023-06-21,INFY.NS,1208.2441733725773,1211.8226634951286,1203.6434195847064,1207.6865234375,4041529,-0.00046153745026612336,1205.6949462890625,1202.4099586123511,6.130451981987403,0
2023-06-22,INFY.NS,1198.4386511646271,1198.4386511646271,1183.6603019700608,1191.1424560546875,6676607,-0.00608808394392927,1202.6012137276787,1202.4154343377977,7.300795440754525,0
2023-06-23,INFY.NS,1186.4019726655229,1189.0974130017955,1174.2261432389498,1175.759765625,7239467,-0.008970152853516178,1197.9008091517858,1201.4394589378721,11.894508699999275,1
2023-06-26,INFY.NS,1180.6394991230177,1184.1249532633135,1173.2038636237187,1180.732421875,3403244,7.870544061192062e-05,1195.7165701729912,1200.128173828125,13.581259622882888,1
2023-06-27,INFY.NS,1189.701756795174,1191.5606657901665,1184.3108753261756,1188.9117431640625,3240024,-0.0006640434265136745,1194.056849888393,1199.339576357887,13.604898687908417,1
2023-06-28,INFY.NS,1198.996091881142,1205.2233905407331,1191.0028072936905,1202.1097412109375,5662358,0.0025968802991762105,1193.9705113002233,1198.7667526971727,13.542576763696683,1
2023-06-30,INFY.NS,1215.9121063481953,1244.4464222893582,1212.426652618648,1241.2862548828125,12821692,0.020868406854525515,1198.232700892857,1200.3018566313244,22.009312890989257,0
2023-07-03,INFY.NS,1236.1742236402893,1251.0454924961125,1234.7335240863706,1239.6131591796875,7732412,0.002781918174342171,1202.7936488560267,1201.7048863002233,27.030263800242295,1
2023-07-04,INFY.NS,1249.4653576957428,1251.0453844917572,1237.4753755240906,1250.25537109375,5797775,0.0006322811538081717,1211.2383510044642,1203.7474539620537,31.62668912514188,1
2023-07-05,INFY.NS,1262.059704711734,1262.152627465157,1246.3984198903297,1252.2540283203125,5414936,-0.007769582021209657,1222.1661028180804,1205.6417759486608,30.520840522939316,0
2023-07-06,INFY.NS,1247.839131240485,1252.3933673295787,1242.8200544623764,1249.0938720703125,5963897,0.0010055309201437296,1231.9320242745537,1208.5142357235864,25.592552707479328,0
2023-07-07,INFY.NS,1239.8922016871068,1250.8598092744526,1231.8523982272873,1236.3602294921875,6295647,-0.0028486123149362094,1238.7103794642858,1210.3399600074404,17.21004670527886,0
2023-07-10,INFY.NS,1242.26226225529,1247.2348203575657,1226.229174648363,1235.38427734375,3940315,-0.005536660913334936,1243.4638846261162,1212.3913981119792,6.957008469716364,1
2023-07-11,INFY.NS,1239.38090160913,1255.5999486675075,1233.3859662223854,1253.462158203125,6126128,0.011361524593216541,1245.2032993861608,1216.0494617280506,7.793632639916181,0
2023-07-12,INFY.NS,1255.6928743826677,1256.52940602109,1233.3859691382677,1239.2415771484375,8102770,-0.013101370223445838,1245.1502162388392,1217.879603794643,7.839185737092746,1
2023-07-13,INFY.NS,1240.728739413603,1279.67290266319,1236.9644035943056,1268.7982177734375,9977644,0.02262338049258108,1247.7991943359375,1220.5462530226935,11.921708308091002,1
2023-07-14,INFY.NS,1283.2513703020002,1329.1199269059089,1283.2513703020002,1325.3555908203125,12833381,0.03281057904376407,1258.2422746930804,1226.103062220982,31.844691792856942,0
2023-07-17,INFY.NS,1325.3555019679611,1356.027498224912,1314.5274486018602,1322.567138671875,11569884,-0.0021038606562132213,1268.7384556361608,1232.1290166945685,39.512260812110185,1
2023-07-18,INFY.NS,1332.8376271158952,1373.6871031492155,1328.1903550548216,1371.131103515625,16743977,0.028730788822785867,1287.9914376395088,1240.2528889973958,51.97511604331167,0
2023-07-19,INFY.NS,1381.169320827392,1393.0663832409173,1357.6540777205,1370.8988037109375,13687062,-0.007436102845306477,1307.3506556919642,1248.261683872768,54.300305241000416,0
2023-07-20,INFY.NS,1367.2274100444115,1367.2274100444115,1339.0648965954,1347.244140625,8347221,-0.014615907545886887,1320.748081752232,1254.72802734375,50.20328956487848,0
2023-07-21,INFY.NS,1227.0655747810806,1254.7633595078023,1212.9379141908755,1237.661376953125,45548305,0.008635074106723898,1320.5223388671875,1256.1554013206846,50.632590297660954,1
2023-07-24,INFY.NS,1246.398337830829,1254.670504599167,1240.1245206940966,1242.3087158203125,8859789,-0.003281151688338922,1316.7381243024554,1258.5918898809523,55.86247901409162,0
2023-07-25,INFY.NS,1242.680420080667,1248.117705135712,1230.82987755559,1240.44970703125,6801982,-0.0017950818354990148,1304.6087123325892,1261.67236328125,62.50267035230703,1
2023-07-26,INFY.NS,1248.2572943766568,1254.7634753600048,1244.9112811341215,1253.694580078125,5528885,0.004355901404272144,1294.769775390625,1265.146751767113,64.5905228247158,1
2023-07-27,INFY.NS,1262.7567654377913,1267.5899965472738,1252.0216348505492,1257.6912841796875,9191861,-0.004011446540417146,1278.5640869140625,1268.4219680059523,55.88232507852353,0
2023-07-28,INFY.NS,1258.3417870049511,1267.6363307852569,1241.7510490488623,1245.93359375,6122735,-0.00986074958575806,1260.7119140625,1270.5088181268602,38.82686820276005,1
2023-07-31,INFY.NS,1253.6017380725946,1261.7344648256142,1239.1951935386742,1260.0614013671875,7902180,0.00515288316728455,1248.2572370256696,1271.4028727213542,8.868654904283607,1
2023-08-01,INFY.NS,1265.916782772956,1272.4229630074722,1261.2695111768735,1268.8909912109375,6064652,0.0023494501996147534,1252.7186104910713,1272.7970551990327,10.376823756045928,0
2023-08-02,INFY.NS,1272.70190182213,1275.1648651116004,1253.322687629451,1261.130126953125,7419145,-0.009092290073926642,1255.4073835100446,1273.3149007161458,9.642372004910074,1
2023-08-03,INFY.NS,1254.7633233616784,1270.1458376352905,1253.833869048077,1268.0545654296875,6503741,0.01059262876157398,1259.3509347098213,1274.0673072451636,8.012594042026176,1
2023-08-04,INFY.NS,1272.3302261741662,1288.1309519095748,1265.9169677427412,1281.113525390625,5712345,0.006903317264472853,1263.2679268973213,1275.592052641369,10.95008516356545,1
2023-08-07,INFY.NS,1289.9897857158628,1296.5888892705716,1279.8587100541772,1294.72998046875,3729093,0.0036745986715365215,1268.5591692243304,1278.3715645926338,15.717333021887091,0
2023-08-08,INFY.NS,1294.5903959167065,1295.2410820003909,1286.736552484306,1292.1273193359375,4161877,-0.0019025914208369097,1275.1582728794642,1281.0736142113096,14.264823837594653,1
2023-08-09,INFY.NS,1286.3649014591272,1297.518354361952,1284.970719846274,1296.03125,4090828,0.007514468507270579,1280.2968226841517,1283.1007138206846,14.398171067043606,0
2023-08-10,INFY.NS,1293.428738571801,1297.332515182076,1287.8520120932285,1291.1051025390625,3873025,-0.0017964932767028411,1283.4702671595983,1285.5704055059523,13.904883155511934,0
2023-08-11,INFY.NS,1293.800550711213,1298.3083819497344,1270.610708350301,1275.072021484375,5783517,-0.014475592251481678,1285.4619663783483,1285.8691580636162,10.830168196149955,1
2023-08-14,INFY.NS,1275.071982593474,1296.5888744198694,1269.2628926543166,1295.2412109375,4304135,0.015818109580764246,1289.3457728794642,1284.4351399739583,8.070353201015969,1
2023-08-16,INFY.NS,1311.274398380743,1319.7788159280838,1306.2553216018096,1318.43115234375,7735313,0.005457861429952996,1294.6768624441963,1284.2381882440477,12.715013389483952,0
2023-08-17,INFY.NS,1319.825280033983,1319.825280033983,1306.812918118155,1311.971435546875,5618346,-0.005950669839348615,1297.139927455357,1281.4210611979167,14.298379893677224,0
2023-08-18,INFY.NS,1304.6750735005544,1309.3223454207798,1288.3632171358356,1290.8262939453125,5134103,-0.010614734531628964,1296.954066685268,1277.6080845424108,14.382604793422956,1
2023-08-21,INFY.NS,1291.709264831686,1307.742353385992,1289.2927060601864,1306.2552490234375,3032722,0.011261035735968788,1298.4146379743304,1275.6562325613838,14.786725165290415,0
2023-08-22,INFY.NS,1305.6044938755165,1306.8593480283198,1298.1224543541218,1304.7215576171875,2890714,-0.000676266252506608,1300.3598458426338,1278.849574497768,14.558757606269465,1
2023-08-23,INFY.NS,1316.107520023971,1316.665170010188,1306.48768902064,1308.6253662109375,2559125,-0.005685062731726596,1305.1531808035713,1282.0075102306548,9.484697184404828,1
2023-08-24,INFY.NS,1321.2193112047876,1324.5189194126233,1314.6666128884629,1323.171142578125,5171963,0.0014772955229950429,1309.1431710379463,1285.9466262090773,10.446024199583238,0
2023-08-25,INFY.NS,1313.3191091316864,1322.1489262136051,1311.832004735964,1319.918212890625,4307172,0.005024752714747001,1309.3556082589287,1289.100132533482,10.678916554358258,0
2023-08-28,INFY.NS,1319.9182535183484,1324.2867575475643,1311.83204511479,1315.7822265625,3133464,-0.003133547812391754,1309.9000069754463,1291.8663678850446,10.928707100501361,1
2023-08-29,INFY.NS,1323.5431263001694,1323.914930768979,1315.4569180328365,1317.64111328125,3074444,-0.004459252518214433,1313.7306954520088,1295.2810116722471,7.188170977166592,1
2023-08-30,INFY.NS,1326.331539526786,1335.3007979273286,1323.5431760940037,1333.9066162109375,3070887,0.005711299519314923,1317.6808907645088,1298.7974504743304,9.5914544439112,1
2023-08-31,INFY.NS,1333.906412438649,1342.9685922108208,1327.8649592572012,1334.1851806640625,9792735,0.00020898634477942317,1321.8899797712054,1301.9066975911458,9.419910187991459,1
2023-09-01,INFY.NS,1330.002812639452,1343.991147630047,1327.4468128773617,1341.9927978515625,3582133,0.009015007410635312,1326.6567557198662,1305.757300967262,10.012712743928272,1
2023-09-04,INFY.NS,1341.2027322887438,1366.2980017078678,1333.4882151949037,1361.74365234375,4609014,0.01531529839635307,1332.1671142578125,1310.2186860584077,16.370292993502744,1
2023-09-05,INFY.NS,1361.650630132572,1375.6389635594269,1353.750268114738,1374.570068359375,5496840,0.00948807127239771,1339.9745221819196,1314.6689976283483,21.71483578317291,0
2023-09-06,INFY.NS,1377.3584299899496,1378.2878843440208,1360.070601695981,1373.2222900390625,5075786,-0.0030029510553163043,1348.1802455357142,1318.406726655506,21.901347707287346,0
2023-09-07,INFY.NS,1366.855613248634,1369.4581309432017,1358.9088462312309,1362.7659912109375,4411743,-0.0029919927152924244,1354.6266566685267,1321.770472935268,17.640984718201437,1
2023-09-08,INFY.NS,1360.256376815844,1370.7127377582274,1357.189132222567,1365.926025390625,3125838,0.00416807351276876,1359.2008579799108,1325.0987955729167,15.379198529514015,1
2023-09-11,INFY.NS,1365.9261069950462,1373.7800644251438,1361.1859124430616,1372.2928466796875,4182226,0.004661115745600416,1364.644810267857,1328.964878627232,11.234457600107161,1
2023-09-12,INFY.NS,1377.916150314902,1397.8994199484737,1372.8970738547118,1395.2039794921875,6793161,0.012546357899451667,1372.2464076450892,1334.6854480561756,11.354422073845356,0
2023-09-13,INFY.NS,1398.8288435447748,1398.8288435447748,1383.632287105664,1392.64794921875,4804686,-0.004418620873131134,1376.6613071986608,1339.3238641648065,12.53669990448909,1
2023-09-14,INFY.NS,1398.8288446904617,1405.846270656975,1393.3915592483722,1400.6412353515625,6444213,0.001295648619186065,1380.3857596261162,1343.2386300223213,15.36541527867085,1
2023-09-15,INFY.NS,1410.9119103107828,1411.2837147970909,1402.546819933446,1404.96337890625,8657816,-0.004216089864336392,1384.920200892857,1347.6668178013392,17.44224703538311,0
2023-09-18,INFY.NS,1398.7360111511314,1398.7360111511314,1383.0282084042435,1386.5601806640625,3991916,-0.00870488097110506,1388.319370814732,1352.225574311756,14.470613461858031,0
2023-09-20,INFY.NS,1372.060626309963,1389.6273382680863,1372.060626309963,1385.1195068359375,4169337,0.009517713922813448,1391.0612967354912,1355.9810151599702,10.89756876318406,1
2023-09-21,INFY.NS,1381.6804443744052,1398.4106230981856,1371.8746553500082,1395.80810546875,6779195,0.010224984475872442,1394.420619419643,1360.3184698195685,7.115993290575799,0
2023-09-22,INFY.NS,1386.6529684238076,1400.641188325793,1380.4255561991947,1390.6031494140625,5455613,0.0028487163552861003,1393.7633579799108,1364.2221737816221,7.242923432660001,0
2023-09-25,INFY.NS,1384.7475392640083,1384.7475392640083,1367.7385927513728,1370.1551513671875,4217863,-0.010537941020336925,1390.5501011439733,1366.459507533482,11.536809101140117,0
2023-09-26,INFY.NS,1374.8024497360157,1375.4995405113143,1356.0739215478982,1357.6075439453125,3996528,-0.012507182973091778,1384.4024309430804,1368.2542375837054,15.902892442968202,1
2023-09-27,INFY.NS,1353.2855237091,1365.926080084956,1347.7553157505324,1363.509521484375,3863586,0.007554945054945161,1378.4804513113838,1370.5269659133185,14.638329330411711,0
2023-09-28,INFY.NS,1364.3463706060295,1368.7147616522336,1333.767292906175,1337.9033203125,5814602,-0.019381478826218997,1371.5294712611608,1371.4918329148065,20.529218127631893,0
2023-09-29,INFY.NS,1331.0715313315343,1344.734578140231,1316.107339220012,1334.1851806640625,6068968,0.0023392051135024123,1364.253138950893,1371.5050978887648,23.69242027752744,0
2023-10-03,INFY.NS,1334.7430734406207,1335.626009761539,1320.10416623551,1332.837646484375,4181867,-0.0014275608498450745,1355.257359095982,1371.440929594494,21.574419807673895,1
2023-10-04,INFY.NS,1324.4725985168332,1347.6624417880482,1318.152262838638,1342.45751953125,4510406,0.013578930235745655,1348.3794119698662,1371.4630591982886,15.144313802062685,1
2023-10-05,INFY.NS,1349.567632602421,1371.5492493100492,1347.8945694925442,1360.2098388671875,7384621,0.007885641302944293,1346.9586530412946,1371.3900204613096,13.087829753585723,1
2023-10-06,INFY.NS,1365.8333416160965,1379.775158645182,1360.07076929426,1374.38427734375,3598672,0.006260599640608979,1349.3553292410713,1371.3811732700892,16.46362312899163,0
2023-10-09,INFY.NS,1361.5576066054282,1385.8163407845495,1359.0480119573135,1371.36328125,3567552,0.00720180666392725,1350.477294921875,1371.2926490420386,17.80216496125039,1
2023-10-10,INFY.NS,1379.217465679009,1391.393296146582,1365.4614945887647,1389.673828125,5688951,0.007581373283177841,1357.873081752232,1372.573974609375,21.97302210147481,0
2023-10-11,INFY.NS,1391.3931210472035,1411.1440254040865,1376.9400609460672,1388.9765625,7220129,-0.001736790638568594,1365.7004220145088,1373.671619233631,21.887291857853484,0
2023-10-12,INFY.NS,1386.6529740945282,1398.2711535251433,1349.567722660248,1362.1153564453125,11081662,-0.017695572077244873,1369.8829520089287,1373.186976841518,16.75687445367394,0
2023-10-13,INFY.NS,1305.8833450003033,1336.555338156894,1301.2360733099106,1330.1885986328125,17973439,0.01861211702068501,1368.1302490234375,1370.0910063244048,20.35821135647706,1
2023-10-16,INFY.NS,1331.0715019814445,1341.7602266052431,1329.119670611463,1332.9769287109375,4850745,0.001431498403095977,1364.2398332868304,1367.2495291573662,24.33727014113132,1
2023-10-17,INFY.NS,1338.6467739103207,1350.8226045344618,1336.6020195003289,1340.6915283203125,3923764,0.0015274786820864469,1359.4265834263392,1364.3947812034971,25.30894970022098,0
2023-10-18,INFY.NS,1340.2730783681973,1351.4265297831892,1336.8805475377155,1338.9254150390625,4264837,-0.0010055139888175443,1354.7926025390625,1361.2501162574404,25.725325744080838,0
2023-10-19,INFY.NS,1325.49490296724,1338.0890555260446,1325.49490296724,1332.5123291015625,6795691,0.005294193224442686,1346.626674107143,1358.6764090401787,21.5394532730847,0
2023-10-20,INFY.NS,1329.1199647760116,1337.0203282030018,1324.705055802105,1326.56396484375,3928622,-0.0019230769230769201,1337.7105887276787,1355.8880498976935,11.805447121724418,0
2023-10-23,INFY.NS,1325.0302081269804,1331.304025507751,1306.1158332337493,1309.2760009765625,2636516,-0.011889696592417696,1330.162109375,1351.7674734933037,10.410633985837567,0
2023-10-25,INFY.NS,1317.1372877323818,1320.4796048766234,1281.643355327688,1289.88134765625,6940777,-0.020693317492405296,1324.4039306640625,1346.9711972191221,18.442390067516918,0
2023-10-26,INFY.NS,1275.7591696776635,1293.600262701033,1273.923205151914,1279.901611328125,6357656,0.003247040467291423,1316.821742466518,1342.6734095982142,24.30796712376325,1
2023-10-27,INFY.NS,1283.8557413785777,1303.956418417084,1283.8557413785777,1299.5784912109375,4634358,0.012246508175036109,1310.948451450893,1339.910121372768,22.47723959852563,0
2023-10-30,INFY.NS,1299.5785105468342,1299.5785105468342,1283.3378978736482,1296.4716796875,2667696,-0.0023906449930654124,1304.8836321149554,1336.7178431919642,19.151805806284365,0
2023-10-31,INFY.NS,1299.2019618287502,1300.3318125956307,1283.2438397267852,1288.327880859375,3451595,-0.008369815693680832,1298.571568080357,1334.3571079799108,15.452092251377609,0
2023-11-01,INFY.NS,1292.7057061877338,1296.8481472235055,1272.5579091746342,1274.91162109375,3090672,-0.013764993075229463,1291.192661830357,1331.5345575241815,11.745097859647927,1
2023-11-02,INFY.NS,1289.8342181571022,1295.7656185619023,1281.972842805629,1289.9754638671875,3758060,0.00010950687157850112,1288.4354422433037,1329.4935012090773,8.650072635942037,1
2023-11-03,INFY.NS,1299.2962891749294,1310.5469878192453,1297.1308279223888,1307.7696533203125,3349045,0.006521502613359906,1290.9909144810267,1327.8416980561756,11.364788798779633,1
2023-11-06,INFY.NS,1312.3358100714709,1324.9046103571086,1309.4172299003549,1321.185791015625,2736381,0.006743686239631123,1296.8886544363838,1325.983410063244,14.833661691688752,1
2023-11-07,INFY.NS,1318.078766511828,1323.6335500133118,1313.2300966352614,1322.127197265625,2272209,0.0030714634486608,1300.109898158482,1323.4949776785713,17.68869252540769,0
2023-11-08,INFY.NS,1322.7862570767434,1322.7862570767434,1305.3216665728671,1309.60546875,3550635,-0.009964412811387914,1301.9861537388392,1320.5541294642858,17.93332996474564,0
2023-11-09,INFY.NS,1314.2187005328617,1315.725053279232,1289.8813406007866,1294.3533935546875,5498051,-0.015115678212552932,1302.8469412667412,1316.0150611514136,17.301974191539525,0
2023-11-10,INFY.NS,1289.787197322235,1292.8000179692494,1281.3609534085294,1288.7515869140625,2943649,-0.00080293122022187,1304.8240792410713,1311.242443266369,14.065816984931395,1
2023-11-13,INFY.NS,1299.1079216804326,1301.5557594451382,1290.6345575452056,1293.1766357421875,3462092,-0.004565660665491746,1305.2813895089287,1307.9596470424108,13.544992171106705,1
2023-11-15,INFY.NS,1317.1372799012984,1331.2595523805833,1311.4883709095843,1327.96435546875,8551860,0.008220157255182218,1308.1663469587054,1307.8537307012648,16.077238097293083,1
2023-11-16,INFY.NS,1333.2366316222942,1368.3540614057245,1328.058465108388,1360.3514404296875,6673907,0.020337581614750362,1313.761439732143,1309.1572788783483,25.447685304177387,0
2023-11-17,INFY.NS,1356.726715350655,1366.0944431282535,1351.0778065575678,1353.4315185546875,4901251,-0.0024287844845126733,1318.2334856305804,1309.7639450799852,29.578266280881845,0
2023-11-20,INFY.NS,1357.6210280094697,1367.0358756378291,1349.7596532252571,1352.5369873046875,3584210,-0.003744815821125246,1324.3665597098213,1310.4121151878721,31.854430317932973,1
2023-11-21,INFY.NS,1357.621085267004,1365.152963687348,1352.6782900536532,1354.796630859375,3793135,-0.00208044382801664,1333.0013078962054,1311.4732724144346,30.527352049967114,1
2023-11-22,INFY.NS,1352.1604184890853,1373.5791976051314,1352.1604184890853,1372.49658203125,3108786,0.01503975657332769,1344.964878627232,1313.6605398995537,26.430616838075018,0
2023-11-23,INFY.NS,1382.0056146017555,1382.0056146017555,1362.9875519464238,1364.4468994140625,3186928,-0.01270524157222964,1355.1463448660713,1316.2877255394346,13.924536425896365,0
2023-11-24,INFY.NS,1360.9635301203575,1367.6480498608116,1349.948087939533,1353.2904052734375,2973195,-0.005638009158292024,1358.7643519810267,1319.3072044735864,7.486770819753508,1
2023-11-28,INFY.NS,1359.504127646951,1360.445612499892,1343.5460053605395,1358.2801513671875,3755373,-0.000900310822801248,1358.4684535435267,1323.039515904018,7.454452060552326,1
2023-11-29,INFY.NS,1366.1886628376049,1375.226894544369,1364.964801471109,1374.1912841796875,3875778,0.005857625348362225,1361.4341343470983,1326.592506045387,9.07085978899259,0
2023-11-30,INFY.NS,1368.21286477539,1375.179875684024,1364.729416784748,1370.001708984375,10120867,0.0013074312155942527,1363.9290945870537,1330.0939360119048,8.605747181852182,0
2023-12-01,INFY.NS,1374.4736205469867,1374.4736205469867,1361.5282051305396,1367.318359375,3489187,-0.005205819206002062,1365.7179129464287,1333.8553873697917,7.638056379661872,1
2023-12-04,INFY.NS,1374.9915161431222,1385.7715867334168,1364.4940519087752,1378.663330078125,5511948,0.002670426611287234,1366.598876953125,1338.7959449404761,8.815140560779666,0
2023-12-05,INFY.NS,1380.0285133783032,1381.06412370853,1357.621128395019,1368.871826171875,5123039,-0.008084388908107878,1367.2310093470983,1342.5529145740327,8.793732331568519,1
2023-12-06,INFY.NS,1371.5081438440814,1390.5732132882845,1366.1417258233223,1388.03125,5269178,0.012047399229878035,1372.1939871651787,1346.3748953683037,9.397427816841525,0
2023-12-07,INFY.NS,1386.6659544767813,1386.6659544767813,1376.262615719604,1380.1226806640625,4424453,-0.004718709500001893,1375.3143484933037,1349.1814139229912,7.427232186307316,1
2023-12-08,INFY.NS,1384.359451550866,1407.237466186765,1380.4522661411922,1403.895263671875,6323433,0.014111806076899689,1379.5577741350446,1353.0751313709077,13.041877922352434,0
2023-12-11,INFY.NS,1402.812373706227,1410.3442522227704,1395.2804951896835,1401.400146484375,3862018,-0.001006711409395994,1384.0432652064733,1357.4463065011162,14.522837854388888,0
2023-12-12,INFY.NS,1391.0436957618062,1402.8122549476082,1381.7700941088613,1389.6785888671875,6103494,-0.000981354431049088,1387.237583705357,1361.9856015159971,12.557107011917266,0
2023-12-13,INFY.NS,1389.6316388053183,1389.6787590187653,1349.2890359623275,1364.2115478515625,8549258,-0.018292682926829243,1385.1730433872767,1365.5789329892114,15.126851588338386,1
2023-12-14,INFY.NS,1377.7689770027378,1422.5836336750658,1375.838887054938,1413.5924072265625,12489858,0.026001042861159996,1391.5616978236608,1371.3130173456102,16.47804627186881,1
2023-12-15,INFY.NS,1433.9286284897844,1495.5958896794918,1431.9985384663394,1486.039794921875,18395389,0.03634153429726427,1405.5629185267858,1378.8404192243304,39.095105309249924,0
2023-12-18,INFY.NS,1476.2012123244117,1499.7854551895782,1468.9989447357254,1472.8118896484375,6467243,-0.0022959760821747366,1418.804234095982,1384.1956787109375,44.38178099031894,0
2023-12-19,INFY.NS,1478.2254196692145,1481.8501135515992,1452.9465730697686,1467.115966796875,4221721,-0.0075153983448786,1427.8357631138392,1389.6092238653273,47.18619396583574,0
2023-12-20,INFY.NS,1473.470877793026,1490.8412269194432,1440.4717885612556,1446.497314453125,6592367,-0.01830613943337794,1434.2782156808037,1394.0835251581102,46.04001287314231,0
2023-12-21,INFY.NS,1432.2338260213533,1456.1475641627426,1432.2338260213533,1446.1207275390625,5319038,0.009695973705834126,1442.3413783482142,1398.4322916666667,41.66155890415467,1
2023-12-22,INFY.NS,1445.1320854708788,1474.3652352440706,1433.8813877884545,1471.4466552734375,6741060,0.018209110480018456,1457.660679408482,1403.1441999162946,24.201214771779846,0
2023-12-26,INFY.NS,1445.1792254261095,1457.4185283124546,1433.8814073771755,1453.60546875,6878067,0.005830587082654772,1463.3768310546875,1407.3898460751489,15.054922624992155,1
2023-12-27,INFY.NS,1453.6526019531718,1478.131207944611,1453.6526019531718,1475.40087890625,4225849,0.014961124084156372,1461.8569859095983,1413.2046305338542,12.745603569485128,0
2023-12-28,INFY.NS,1477.1424666659373,1477.1424666659373,1464.0088002487887,1471.211181640625,5702253,-0.004015377771041804,1461.6283133370537,1418.582298642113,12.528816690147513,0
2023-12-29,INFY.NS,1450.875341361868,1468.1985714635211,1449.8867362525718,1452.6170654296875,4388990,0.0012004643115545205,1459.5570417131696,1422.316859654018,12.668100168700972,1
2024-01-01,INFY.NS,1448.945315866922,1465.8920447074709,1445.4147473584744,1460.5726318359375,2808451,0.008024675494436194,1461.5678013392858,1426.6297607421875,11.292013686510662,0
2024-01-02,INFY.NS,1455.5355811804557,1458.5012814497022,1433.8814295846275,1444.6143798828125,5396313,-0.007503218360890874,1461.3526088169642,1430.310523623512,11.644309725624824,0
2024-01-03,INFY.NS,1431.0099267639569,1431.0099267639569,1400.9295302013422,1402.8125,7550363,-0.01970456405408848,1451.5477294921875,1431.460484095982,24.03346503780384,1
2024-01-04,INFY.NS,1416.8875744672805,1430.821596173285,1405.5427510177758,1424.18408203125,7056038,0.0051496729136839454,1447.3446742466517,1434.0944010416667,26.097636700392712,1
2024-01-05,INFY.NS,1418.582205079393,1449.6040828896844,1418.1114626851406,1442.87255859375,8895403,0.017122979145926656,1442.6977713448662,1436.7058919270833,22.979023407357538,0
2024-01-08,INFY.NS,1439.4832774397032,1446.120791889042,1424.7020106289667,1433.6932373046875,4440136,-0.004022304548972607,1437.3380650111608,1439.256870814732,19.30110101883971,1
2024-01-09,INFY.NS,1451.675429581847,1462.1258878294154,1436.5645526388157,1439.812744140625,4412074,-0.008171720206519658,1435.5088762555804,1440.9672270275298,18.18630283902499,0
2024-01-10,INFY.NS,1435.7171978317997,1445.602788218323,1416.9346220683428,1430.9627685546875,4096845,-0.0033115360631552427,1431.2788957868304,1442.3749709356398,14.443428573752152,0
2024-01-11,INFY.NS,1435.6702550988025,1435.7643805973064,1399.6113397659765,1406.7666015625,11296088,-0.020132515411286665,1425.8720703125,1443.188685825893,15.652778634517544,1
2024-01-12,INFY.NS,1470.5994024363956,1523.3225564289935,1464.385625129882,1518.3797607421875,26754401,0.03249039692701657,1442.3816789899554,1450.530029296875,35.562188788905104,1
2024-01-15,INFY.NS,1548.6954842465418,1567.525181565214,1540.2692406673768,1555.4271240234375,13228305,0.004346651646737842,1461.1306849888392,1457.2840634300596,54.12248324382696,0
2024-01-16,INFY.NS,1548.5542635934448,1552.0377114243083,1529.9128183588118,1536.07958984375,6500917,-0.008055690422334411,1474.4459751674108,1459.6669108072917,60.02549409290566,1
2024-01-17,INFY.NS,1525.4408120839046,1551.0962739751476,1525.4408120839046,1544.223388671875,9209876,0.012312884537494148,1490.2359967912946,1463.0674583798364,62.02309779223532,1
2024-01-18,INFY.NS,1546.5301524412396,1552.5085584102292,1532.9727472598277,1546.4830322265625,6375464,-3.0468345284247283e-05,1505.474609375,1466.8468424479167,60.65875225598882,1
2024-01-19,INFY.NS,1554.9563105966838,1568.0429726211407,1547.9422946366542,1562.111572265625,4522736,0.004601583735941431,1524.2101527622767,1472.352283296131,53.65863147783971,0
2024-01-23,INFY.NS,1553.5442072103745,1576.7047127157934,1541.8697714896578,1546.0594482421875,9401255,-0.0048178603051322105,1544.109130859375,1477.1112699962798,14.071905117646992,1
2024-01-24,INFY.NS,1562.7707540892902,1581.6945769350064,1548.7426065821935,1577.36376953125,8999681,0.009337911785061466,1552.5354178292412,1482.1549421037946,13.753577738904436,0
2024-01-25,INFY.NS,1575.0570668097866,1582.2124437614616,1560.9819139785684,1571.432373046875,8865304,-0.00230130948223566,1554.8218819754463,1487.7657470703125,15.530094051341653,0
2024-01-29,INFY.NS,1567.7136826985916,1581.0827229768895,1551.1905759055196,1559.6639404296875,4253785,-0.005134701800297884,1558.1910749162946,1491.7782738095239,13.164438940297844,0
2024-01-30,INFY.NS,1565.171396519599,1591.1093493392334,1551.8023580167996,1554.8150634765625,4995943,-0.006616740547434911,1559.7041713169642,1495.7594110398065,11.832791195597284,1
2024-01-31,INFY.NS,1551.8023522623284,1569.6905638157846,1542.2462583680392,1563.712158203125,6763779,0.007674821425185748,1562.1654750279017,1501.0496535528273,10.319471992316547,0
2024-02-01,INFY.NS,1562.4411142962754,1578.8699777539653,1553.7793853545777,1560.08740234375,5760011,-0.0015064324223095515,1561.8763078962054,1505.7884521484375,10.34955047625814,1
2024-02-02,INFY.NS,1568.5608388941694,1617.941672001784,1567.5722338568344,1594.2633056640625,7858483,0.016386018401436886,1568.7625732421875,1512.9145914713542,13.598279257300568,0
2024-02-05,INFY.NS,1595.5815235195898,1601.230432881512,1583.4363454059862,1588.4732666015625,3634135,-0.004454963167502525,1570.349644252232,1521.755580357143,15.310010270653395,1
2024-02-06,INFY.NS,1588.0494991796102,1631.5931715300217,1575.9984476716934,1628.2508544921875,7694265,0.025314925846672564,1578.4665701729912,1531.4730457124256,26.759935624338265,0
2024-02-07,INFY.NS,1627.8272320398985,1627.8272320398985,1588.143624421415,1594.639892578125,4613877,-0.020387507229612474,1583.463134765625,1538.7000616164435,25.91602720316315,0
2024-02-08,INFY.NS,1598.6413316478238,1606.502707436946,1584.330807394356,1593.0865478515625,5919715,-0.0034746904676458057,1588.9304896763392,1546.2902192615327,22.702779193937328,0
2024-02-09,INFY.NS,1586.1194941932167,1593.8397389846994,1562.6766131725003,1571.667724609375,4600004,-0.009111400267602567,1590.0669991629463,1552.5690278552827,21.39117550745444,1
2024-02-12,INFY.NS,1572.6093402312206,1593.8868768043424,1572.6093402312206,1581.788818359375,3555808,0.005837100094295992,1593.167201450893,1559.751220703125,17.54977497451219,1
2024-02-13,INFY.NS,1584.518924068217,1590.2619583832927,1566.1599704025425,1585.978271484375,2696481,0.0009210034629381915,1591.9836251395088,1568.2851097470239,17.741856861479476,0
2024-02-14,INFY.NS,1563.0531172122069,1571.7618521594686,1539.7984871618105,1568.7020263671875,3768579,0.003614022513230885,1589.1591622488838,1570.681408110119,19.84316842705203,1
2024-02-15,INFY.NS,1578.870044759722,1588.9910065851047,1564.3711555313787,1578.258056640625,4834391,-0.00038761145740162027,1582.017333984375,1571.7685953776042,9.9677958418192,1
2024-02-16,INFY.NS,1590.1678309849335,1608.997527029752,1589.1792259716428,1602.07763671875,4880654,0.007489653294293894,1583.079868861607,1574.9113595145088,11.770907791740347,0
2024-02-19,INFY.NS,1605.2316136506747,1611.3512649637123,1588.943880338882,1600.288818359375,3690993,-0.0030791788856304896,1584.1087646484375,1577.5811418805804,13.037954556329916,0
2024-02-20,INFY.NS,1586.4020799433968,1595.110815397092,1571.1029500923107,1586.637451171875,3706389,0.0001483679525222517,1586.2472970145088,1579.4932570684523,11.828856577544334,0
2024-02-21,INFY.NS,1576.0457659509111,1576.0457659509111,1549.0251945486225,1558.6754150390625,4300508,-0.011021476207810611,1582.9453822544642,1579.3296305338542,15.830051820109459,1
2024-02-22,INFY.NS,1567.5722005233338,1586.0252797181995,1548.1776365233488,1582.9654541015625,5841277,0.009819805156719217,1582.5149797712054,1581.0870593843006,15.774708161479406,0
2024-02-23,INFY.NS,1597.6998249586602,1599.064932049705,1574.0685776987198,1578.7288818359375,5373072,-0.01187390949561728,1583.9473876953125,1581.152064732143,14.732180275877015,0
2024-02-26,INFY.NS,1576.9400103998594,1576.9400103998594,1548.742584990576,1563.006103515625,2782438,-0.008836041188847255,1581.7685372488838,1580.7508138020833,16.70907929068754,1
2024-02-27,INFY.NS,1563.8063128021718,1573.315286661556,1556.0861831168934,1566.254150390625,5159088,0.0015653073967114121,1576.6508963448662,1581.0646333240327,14.832761733228166,1
2024-02-28,INFY.NS,1572.2796869156691,1589.0381630824766,1564.7949283890164,1573.45654296875,3188916,0.0007485029940121618,1572.8177141462054,1581.9523228236608,10.556707660368177,1
2024-02-29,INFY.NS,1567.5721783829442,1583.8127910418666,1556.5568522895687,1575.951416015625,7814722,0.005345360008446,1571.2911376953125,1582.535144624256,8.86177527439841,0
2024-03-01,INFY.NS,1571.3381567596207,1574.1154909938598,1554.3914300839626,1557.8748779296875,6387291,-0.008568034049206103,1571.1767752511162,1582.4297863188244,9.054781266108758,0
2024-03-04,INFY.NS,1560.8406106080845,1567.0543875331723,1538.0567235736469,1541.39892578125,4445156,-0.012455906576687702,1565.2386997767858,1579.9124348958333,12.863751204460211,0
2024-03-05,INFY.NS,1538.386193843857,1541.5401450012134,1508.2586796437324,1512.495361328125,4596579,-0.0168298653610771,1555.7767682756696,1576.2944394066221,22.233736658883988,1
2024-03-06,INFY.NS,1509.0119027331225,1525.3466412368125,1483.7800637991031,1522.8988037109375,6420684,0.009202645090249486,1550.047154017857,1571.2776750837054,25.04972449617081,0
2024-03-07,INFY.NS,1522.004404894455,1533.16097752347,1510.3299696204092,1521.8631591796875,6348359,-9.280243494261576e-05,1543.7055838448662,1567.8121163504463,25.868560170609143,0
2024-03-11,INFY.NS,1514.0489306330928,1519.3683431830998,1495.0779873422402,1506.940673828125,6752895,-0.004694865972393334,1534.2033168247767,1563.7099318731398,25.329764842647627,1
2024-03-12,INFY.NS,1506.375688833194,1529.9128089712128,1504.1632225256892,1518.56787109375,4614222,0.008093719482421885,1526.0056675502233,1561.1813674200148,17.704684519742884,0
2024-03-13,INFY.NS,1518.520747606164,1529.4419475146146,1505.010464684069,1517.1085205078125,5688997,-0.0009300018459265009,1520.1819022042412,1558.101353236607,10.853832497555521,1
2024-03-14,INFY.NS,1519.9331026141767,1560.746446205705,1513.9075768353332,1556.556884765625,8803799,0.024095654005072967,1522.3473249162946,1556.7003348214287,16.05712696141745,0
2024-03-15,INFY.NS,1545.0706272548478,1549.4956746136215,1523.6518488178438,1538.3861083984375,11809997,-0.004326351649236089,1526.0460030691963,1555.2567196800596,16.388043436317087,0
2024-03-18,INFY.NS,1534.6203153666463,1537.1152732206572,1505.2930391151203,1508.8707275390625,4958904,-0.016779126126342074,1524.0419921875,1551.9525611514136,17.64643785801805,0
2024-03-19,INFY.NS,1499.173324716635,1505.4342217324486,1466.833344252129,1470.0814208984375,6870411,-0.019405297131801863,1516.6446010044642,1545.667027064732,27.056505012114123,0
2024-03-20,INFY.NS,1471.540913554951,1482.7916122525826,1461.5140762832607,1463.9619140625,4759059,-0.005150383127399167,1510.5047781808037,1539.175269717262,33.689128096620315,0
2024-03-21,INFY.NS,1472.4822954464405,1484.6744782005846,1453.087730653012,1463.7264404296875,11062497,-0.005946322780131168,1502.6702880859375,1533.3223644438244,37.6459136374092,0
2024-03-22,INFY.NS,1431.9983895472185,1439.4361424981196,1410.5324900051585,1420.559326171875,14673890,-0.007988181731796776,1488.8775460379463,1526.7454078311011,47.79358091511697,0
2024-03-26,INFY.NS,1404.6953849138222,1419.2412797585116,1400.8353200453062,1405.307373046875,8351081,0.000435673199773746,1467.270472935268,1518.2854992094494,46.26153896926496,0
2024-03-27,INFY.NS,1408.4612802603947,1411.2857346994197,1394.8568706833632,1397.022216796875,6857402,-0.008121674073571157,1447.0756312779017,1509.632800874256,40.5449183067801,1
2024-03-28,INFY.NS,1400.1292712489603,1423.3368966751368,1400.1292712489603,1410.3914794921875,12499530,0.007329471966594169,1433.0071672712054,1502.3654378255208,31.635907122492537,0
2024-04-01,INFY.NS,1435.7644049013911,1440.4247089660323,1405.4486385196594,1407.9434814453125,6580002,-0.01937708119877047,1424.1303187779017,1494.8268345424108,28.009173222740696,0
2024-04-02,INFY.NS,1397.9637802788536,1405.7781506375063,1394.1978408148962,1396.080810546875,7279400,-0.0013469374232306798,1414.4330182756696,1486.38037109375,23.270289274813752,0
2024-04-03,INFY.NS,1392.4560485461666,1407.613931160152,1388.690109266799,1394.009521484375,8736248,0.001115635168399292,1404.4734584263392,1477.7164713541667,9.504087755486792,1
2024-04-04,INFY.NS,1403.3302528566012,1408.1318024819914,1382.0997240670574,1399.7054443359375,11186915,-0.002583004615830862,1401.4943324497767,1470.184593563988,6.3746709788782,0
2024-04-05,INFY.NS,1393.4447725803975,1399.7055552251502,1389.6788329794124,1392.55029296875,5072482,-0.0006419196722027984,1399.6718924386162,1463.0965634300596,6.904420456209817,0
2024-04-08,INFY.NS,1396.2220500141934,1403.706808694374,1387.8428117589144,1390.2906494140625,6610887,-0.004248178575944014,1398.710239955357,1457.2772914341517,7.7517701441471365,1
2024-04-09,INFY.NS,1402.812483387176,1425.2198696967855,1400.2705201600338,1407.378662109375,9423230,0.003255017171770362,1398.2798374720983,1451.776332310268,7.046667103986428,1
2024-04-10,INFY.NS,1412.5568699403643,1421.5009766373323,1397.681477232349,1418.6295166015625,6744595,0.004299045787412832,1399.8064139229912,1446.8604445684523,10.019509966848204,0
2024-04-12,INFY.NS,1415.993212241118,1418.6294157880386,1392.926833451286,1397.86962890625,12275616,-0.012799202127659582,1400.0619594029017,1441.6665852864583,9.931073885314497,0
2024-04-15,INFY.NS,1393.3975389714133,1404.6482366428452,1375.556447534576,1382.240966796875,8531224,-0.008006740260768579,1398.3807373046875,1435.174827938988,11.922860322333158,0
2024-04-16,INFY.NS,1366.094545486242,1370.001730679685,1330.3652406637968,1331.6832275390625,16173541,-0.025189558117246724,1388.6632777622767,1426.3450520833333,27.80505772368077,1
2024-04-18,INFY.NS,1337.944238819632,1360.163260643533,1325.1400664912285,1336.2025146484375,22107945,-0.0013017913009072668,1380.6135951450892,1415.8519868396577,33.96608224320264,0
2024-04-19,INFY.NS,1303.9564344137511,1343.3575498977525,1298.0721544750609,1328.67041015625,20603621,0.018953068592057736,1371.8107038225446,1405.8655250186011,38.695782017588364,1
2024-04-22,INFY.NS,1336.814417739945,1352.7725406478596,1330.365269231601,1348.9124755859375,5859087,0.009049915744061079,1363.4583914620537,1398.2484654017858,35.951593898434496,1
2024-04-23,INFY.NS,1358.5627927933492,1362.187486891906,1349.147943224442,1357.9979248046875,4856174,-0.0004157834968380732,1354.7967354910713,1392.911156063988,26.507534403344206,0
2024-04-24,INFY.NS,1359.7865843478146,1359.7865843478146,1343.54597104933,1347.0294189453125,4268213,-0.00938174089180379,1347.5338483537946,1387.3429420107886,18.491920006008392,1
2024-04-25,INFY.NS,1336.9084594402714,1360.351454707475,1336.9084594402714,1354.27880859375,9089398,0.012992923360475361,1343.5392543247767,1382.1311500186011,11.408473319361725,0
2024-04-26,INFY.NS,1355.4557017420498,1360.8222343797577,1343.4988900371166,1346.5587158203125,8062444,-0.006563833779519864,1345.6643240792412,1378.6073114304315,10.1477411872597,1
2024-04-29,INFY.NS,1346.2762368329832,1355.549954695784,1344.6757585333085,1350.79541015625,5055957,0.00335679498725898,1347.7490234375,1376.0115036737352,9.347373195593798,0
2024-04-30,INFY.NS,1350.7483107051714,1352.4901496742034,1334.6019369629423,1337.4263916015625,6936588,-0.009862621332211103,1348.9998779296875,1373.173607235863,6.530072721732553,0
2024-05-02,INFY.NS,1330.3181204493865,1340.6744540126867,1329.2353898641163,1331.6832275390625,10076354,0.0010261508647381966,1346.5385567801338,1369.4255952380952,9.249352477150488,1
2024-05-03,INFY.NS,1338.8855920418562,1341.4276701119534,1321.0915052605797,1333.425048828125,8842345,-0.004078424061165388,1343.0281459263392,1365.8770984468006,8.828827897174278,1
2024-05-06,INFY.NS,1336.9084732924218,1361.1045877183944,1334.1781442699464,1342.4632568359375,6445422,0.004154946770466516,1342.3758370535713,1363.3238816034227,8.650814779364023,1
2024-05-07,INFY.NS,1341.568810540377,1358.892155017695,1332.7659500503703,1356.632568359375,6080661,0.011228464541397956,1342.7120884486608,1361.5440266927083,9.217752610369677,0
2024-05-08,INFY.NS,1351.2660079049356,1355.502689344108,1342.1806569443534,1343.78125,6234983,-0.005539070664953888,1342.3153076171875,1358.8809698195685,9.083375824409545,1
2024-05-09,INFY.NS,1344.0166358308118,1365.1058028380908,1341.474557983215,1355.314453125,6088406,0.008406010009842195,1342.9608851841517,1357.1078345889136,9.909545484870543,0
2024-05-10,INFY.NS,1351.077822320893,1351.9250667078657,1330.3180362931507,1341.521728515625,8777481,-0.007072941060384186,1343.545933314732,1354.7855050223213,9.645716957934313,0
2024-05-13,INFY.NS,1341.6159637564915,1341.6159637564915,1328.623426347066,1340.1566162109375,3735954,-0.0010877535635964507,1344.7564174107142,1351.5844552176338,8.354099928369408,1
2024-05-14,INFY.NS,1342.933967170194,1349.8538575959403,1335.0725919265954,1341.3333740234375,3463230,-0.0011918628807410022,1345.8861781529017,1347.9036865234375,6.989619808612303,0
2024-05-15,INFY.NS,1342.5573572737128,1348.0180152167325,1335.5433413149956,1336.861328125,4327544,-0.00424267098746495,1345.085902622768,1344.9985293433779,7.728487903300096,1
2024-05-16,INFY.NS,1350.0421774524657,1370.566593499511,1343.4989036055658,1368.3070068359375,9249145,0.013529080563940308,1346.7536795479912,1344.3350074404761,11.141521318687083,0
2024-05-17,INFY.NS,1371.7434327729238,1371.7434327729238,1355.0320766083944,1359.78662109375,7542860,-0.008716507324553844,1349.0401611328125,1345.6732642764136,12.036245437717712,0
2024-05-21,INFY.NS,1346.323283787107,1360.163064579575,1344.8169310704366,1350.23046875,6752663,0.0029021149748687984,1348.3138776506696,1346.3412620907739,11.744395143834545,1
2024-05-22,INFY.NS,1345.1465142625411,1374.520796372084,1344.4404006067602,1369.6722412109375,7173285,0.018232755085301824,1352.3353794642858,1348.2937302362352,13.689557881883632,1
2024-05-23,INFY.NS,1369.5779588477037,1391.6558474322132,1365.153026044568,1386.2423095703125,8641428,0.01216750796473781,1358.9190499441963,1350.0713413783483,17.427796695347794,0
2024-05-24,INFY.NS,1382.3350849297278,1389.160849864678,1374.5678351761635,1379.369384765625,5277938,-0.002145427831815172,1364.3527657645088,1351.0890299479167,16.954114099206482,1
2024-05-27,INFY.NS,1385.7245266295347,1393.0210346021652,1374.8033247785525,1385.2537841796875,5821844,-0.0003397085357160918,1371.2659737723213,1352.9092378162202,13.361500800952772,0
2024-05-28,INFY.NS,1389.1609456307224,1389.6316880724814,1374.8504213721912,1381.2054443359375,6186922,-0.0057268391541002005,1373.108607700893,1354.1914585658483,13.768615962364683,0
2024-05-29,INFY.NS,1379.6518879829937,1379.7460134801906,1365.1529986668554,1366.04736328125,7401634,-0.009860838679844854,1374.0029994419642,1355.1194893973213,12.937252429850732,0
2024-05-30,INFY.NS,1358.3743695494225,1365.011768697552,1338.3678167520543,1343.9224853515625,9663150,-0.010639102534490323,1373.1018589564733,1354.7922072637648,14.934605986446382,1
2024-05-31,INFY.NS,1353.8619835736356,1379.742614221291,1344.4507812144127,1351.0770263671875,37113815,-0.0020570466120165094,1370.4453996930804,1355.4422374906994,17.137620788786514,0
2024-06-03,INFY.NS,1382.8636553906256,1382.8636553906256,1348.29206400586,1350.11669921875,10589244,-0.023680538601345596,1365.2845982142858,1356.3200218563989,17.026767533222415,0
2024-06-04,INFY.NS,1353.09357909204,1358.8555105856897,1304.4532506211224,1338.3526611328125,13736134,-0.010894233914788859,1359.4250662667412,1356.5546700613838,18.37604462353049,1
2024-06-05,INFY.NS,1344.594729280313,1380.9428896837226,1344.594729280313,1373.3563232421875,9233424,0.021390530050098427,1357.7254289899554,1358.0257684616815,15.983376676080137,1
2024-06-06,INFY.NS,1387.6171483700416,1415.8026912541518,1380.4627967662166,1413.833984375,12660930,0.018893421745150588,1362.3866489955358,1360.7496454148065,25.747427195038696,1
2024-06-07,INFY.NS,1422.2368434730788,1478.607696455328,1418.6356360706318,1472.749755859375,24075302,0.035516526391585035,1377.629847935268,1366.8910028366815,49.18961403441247,0
2024-06-10,INFY.NS,1464.7790697698574,1469.1005184048513,1437.8900560410068,1440.2427978515625,6810606,-0.016750834596612578,1391.389892578125,1370.9352097284227,51.60189301757572,0
2024-06-11,INFY.NS,1440.530920339611,1446.6768867495505,1434.67286293827,1436.4014892578125,4853054,-0.002866603571983654,1403.5791015625,1375.4532935732886,50.55922454878137,0
2024-06-12,INFY.NS,1447.205207418443,1448.8857708643502,1423.9173996680136,1426.2701416015625,9564320,-0.014465858545537549,1414.4581647600446,1379.5539376395088,45.02885712359129,1
2024-06-13,INFY.NS,1435.6813586014816,1445.284578391458,1430.2555159747842,1434.6729736328125,7307565,-0.0007023737980769051,1428.2182094029017,1383.9986804780506,30.1573840005363,0
2024-06-14,INFY.NS,1444.0360586769375,1444.0360586769375,1427.0864701658527,1429.8233642578125,4237727,-0.009842340385978334,1436.2849295479912,1388.4254441034227,18.23025420483589,1
2024-06-18,INFY.NS,1437.6019330325926,1447.2051523581276,1436.0654413858667,1438.7542724609375,5420939,0.0008015705890949198,1439.844970703125,1391.7800757998511,15.315506707881543,1
2024-06-19,INFY.NS,1445.2845473689924,1455.51199967115,1437.313828223679,1451.382568359375,5493456,0.004219252881021562,1436.792515345982,1396.1417875744048,8.088648031470203,1
2024-06-20,INFY.NS,1456.1361637531038,1457.2885031581282,1439.618556511379,1455.2718505859375,7927010,-0.0005935661709950159,1438.9395228794642,1401.1437581380208,10.722804778932627,1
2024-06-21,INFY.NS,1483.6975056622882,1495.94161129154,1463.2425999556383,1471.885498046875,17301941,-0.007961196652508096,1444.0086669921875,1406.0110560825892,16.273666687733925,0
2024-06-24,INFY.NS,1464.0588504809766,1468.428244941943,1455.271881344855,1466.5556640625,5564989,0.0017054052032834087,1449.7637416294642,1409.8355015345983,16.077204203837145,1
2024-06-25,INFY.NS,1465.4513439015984,1482.641130817365,1460.0255012602715,1480.7684326171875,4551525,0.010452130518921948,1456.3488071986608,1414.664027622768,18.169924484948872,0
2024-06-26,INFY.NS,1479.8561366420593,1487.3946405637594,1474.0942048965353,1479.5679931640625,4851004,-0.0001947104660123119,1463.4551827566963,1419.1551804315477,15.614653339183954,1
2024-06-27,INFY.NS,1477.4072265440695,1515.7721579895249,1471.261259972567,1510.9224853515625,14757754,0.022685186728029876,1473.764927455357,1425.3321823846727,19.840524141891798,0
2024-06-28,INFY.NS,1510.1542645475977,1525.4713521019703,1502.1835458139797,1504.5843505859375,8197544,-0.0036883079380825878,1481.3651820591517,1431.9291817801338,20.02664118307064,1
2024-07-01,INFY.NS,1497.6220524294586,1536.4190819140294,1497.6220524294586,1527.68017578125,6801771,0.02007056673813719,1491.709228515625,1440.6795479910713,22.809426994498327,1
2024-07-02,INFY.NS,1532.86600586883,1568.9742086490014,1523.550928895523,1556.7301025390625,10493173,0.015568286189963742,1503.8298863002233,1450.4725516183037,31.4324172155089,1
2024-07-03,INFY.NS,1560.5232067482063,1571.086748455425,1542.2770892539197,1562.8280029296875,7269965,0.0014769381009615676,1517.5830775669642,1460.6016613188244,33.404938118784244,1
2024-07-04,INFY.NS,1563.5962185483268,1594.13450474685,1563.4042010408868,1585.155517578125,8008311,0.013788277800910975,1532.4955182756696,1472.3541782924108,37.303685464415345,0
2024-07-05,INFY.NS,1585.9236853770542,1599.7523453204356,1568.5418810019864,1582.0823974609375,7065022,-0.002422113971520282,1547.1404331752233,1482.2935151599702,32.928231659567196,1
2024-07-08,INFY.NS,1577.904975049744,1599.8963711842514,1574.9280004454815,1595.718994140625,5880533,0.011289665330017325,1559.2542201450892,1490.9547061011904,32.981157850631526,0
2024-07-09,INFY.NS,1594.0384684368903,1600.61665051487,1585.491579421059,1591.3975830078125,5191182,-0.0016567262844462236,1571.6561104910713,1496.6046026320685,24.132597554771657,0
2024-07-10,INFY.NS,1591.2535253565572,1607.5789990626895,1572.575309683498,1582.8507080078125,9852770,-0.005280627640313885,1579.5376150948662,1503.3954554966517,14.438969057527311,1
2024-07-11,INFY.NS,1590.2932550444575,1598.9361531696993,1576.896809841057,1587.1241455078125,8857679,-0.0019927831087709767,1583.8796212332588,1510.5727248418898,10.458685849952317,1
2024-07-12,INFY.NS,1613.3409533828683,1651.5137527263023,1600.5206781808122,1643.8311767578125,17078316,0.0188988095238096,1595.4515032087054,1520.9327741350446,21.870695262865517,0
2024-07-15,INFY.NS,1657.7076984616265,1659.4363248574064,1635.092186939841,1639.317626953125,6942230,-0.011093675637488861,1603.1889474051338,1530.677757626488,26.674323050118563,1
2024-07-16,INFY.NS,1650.4092519603355,1668.943512173137,1632.547287437264,1657.563720703125,6886281,0.004334966454103135,1613.9719935825892,1541.5225365048364,31.53391821435484,1
2024-07-18,INFY.NS,1650.7934479826547,1695.3524103380762,1650.7934479826547,1688.2940673828125,11248896,0.022716724158304166,1627.1970040457588,1553.4053838820685,40.68705842725808,1
2024-07-19,INFY.NS,1770.8336868455729,1770.8336868455729,1715.5671113876276,1721.8092041015625,29819116,-0.027684408258202273,1645.8272356305804,1566.2828427269346,50.28732691775255,1
2024-07-22,INFY.NS,1728.7235038558324,1750.6668359793866,1721.8091157912577,1738.9989013671875,8462126,0.005943921910262878,1668.1341203962054,1579.7936546688989,52.28866671386581,1
2024-07-23,INFY.NS,1738.1828177182376,1766.9444146897588,1712.4942042519597,1764.0155029296875,7113056,0.014861891941470907,1693.4043143136162,1593.7046072823662,49.269958022158875,0
2024-07-24,INFY.NS,1764.5915628208677,1769.249100779416,1747.4017766683005,1761.182373046875,6002845,-0.001931999362244926,1710.1687709263392,1607.7344505673364,49.55504148741291,0
2024-07-25,INFY.NS,1747.7859434479678,1758.2534761150766,1740.1033678723722,1752.4434814453125,5815599,0.0026648217505150784,1726.3296072823662,1620.6713576543898,40.15235764348375,1
2024-07-26,INFY.NS,1752.923709894062,1808.2862957121283,1752.923709894062,1804.3489990234373,11369047,0.02933686665261837,1747.2989327566963,1636.1371198381696,36.40870088467977,0
2024-07-29,INFY.NS,1818.4656425678857,1827.4926924499405,1790.040135957272,1796.8583984375,4635931,-0.011882129430762136,1762.8081229073662,1649.7531156994048,29.5645695823279,1
2024-07-30,INFY.NS,1796.8583403917328,1805.357166029777,1786.1987904104494,1802.6683349609373,2721265,0.0032334182604165976,1774.3594273158483,1663.9475911458333,26.515025219922787,0
2024-07-31,INFY.NS,1802.524276915124,1810.350924152097,1791.048476651269,1794.1214599609375,5004209,-0.004661694192861103,1782.2340785435267,1676.6352713448662,22.07706045376647,0
2024-08-01,INFY.NS,1782.4535340253058,1793.785379837503,1771.889992657827,1779.0924072265625,7475014,-0.0018856742880432095,1784.3879220145088,1687.2239525204614,20.6956513107617,0
2024-08-02,INFY.NS,1769.8734206834515,1785.7187334567975,1744.0887987976405,1748.9383544921875,7400938,-0.011828566917050917,1782.6387765066963,1696.0863502139136,23.333158321859027,0
2024-08-05,INFY.NS,1714.1266318965754,1726.178719359178,1650.3613476722037,1682.3880615234375,10736703,-0.018515884289144465,1772.630859375,1700.7164713541667,44.166274533939294,0
2024-08-06,INFY.NS,1690.3586573166167,1725.6504891423297,1675.6177387613052,1681.6197509765625,7690163,-0.005169853333923167,1755.098109654018,1705.4563453311011,52.960927605401906,1
2024-08-07,INFY.NS,1724.7382902879888,1726.5629255103806,1692.183351452448,1720.5609130859375,5094329,-0.002422035404196747,1744.1984688895088,1711.4011986142114,50.73861146911457,0
2024-08-08,INFY.NS,1709.3251315403352,1709.3251315403352,1658.572136260406,1673.9853515625,6227910,-0.020674697473142056,1725.815185546875,1715.333949497768,49.31527995807354,1
2024-08-09,INFY.NS,1700.9702732851492,1710.0933319139192,1686.325363381071,1700.4901123046875,4258524,-0.0002822865208187204,1712.4392787388392,1720.935825892857,39.40217644980848,1
2024-08-12,INFY.NS,1702.698946723047,1731.9407043499043,1697.9452825491308,1726.082763671875,4315329,0.013733383105587603,1704.8664725167412,1727.5529029482886,27.86055287578318,1
2024-08-13,INFY.NS,1738.1827024097588,1738.1827024097588,1718.0640047615366,1726.130615234375,4176918,-0.006933728634323187,1701.6082240513392,1731.471923828125,22.70382545772115,1
2024-08-14,INFY.NS,1730.5002617824882,1752.5876680094568,1726.130749746865,1750.9071044921875,7450718,0.01179245283018875,1711.3966587611608,1736.7857084728423,27.334510937430867,1
2024-08-16,INFY.NS,1776.5955951852964,1787.9753867685558,1756.908995346757,1785.1904296875,7335657,0.0048378114442567954,1726.1924700055804,1742.8631708054315,35.37771687278237,1
2024-08-19,INFY.NS,1786.1988792940135,1793.449357119504,1775.827355039649,1790.8084716796875,2585989,0.0025806714129704843,1736.2278355189733,1747.7448091052827,42.71621553711957,1
2024-08-20,INFY.NS,1805.405353385153,1810.879141874375,1794.0735069359491,1797.914794921875,3870333,-0.0041489621426196895,1753.9320417131696,1751.368884858631,38.046314213554794,1
2024-08-21,INFY.NS,1800.6995713961778,1804.444850251852,1793.0169961955314,1798.394775390625,1966902,-0.0012799447737779966,1767.918422154018,1754.1972598121279,32.75335899755823,1
2024-08-22,INFY.NS,1809.2465931329773,1818.513723597305,1795.51394205871,1805.6453857421875,4300287,-0.001990445859872409,1779.2845110212054,1756.1796351841517,29.45471321008087,0
2024-08-23,INFY.NS,1803.67673695606,1807.902177209496,1783.3179574078772,1788.215576171875,5015935,-0.008572024280957222,1788.1537911551338,1757.4669305710565,17.838437704754124,1
2024-08-26,INFY.NS,1795.8021261828926,1813.8081635443525,1790.0401942272256,1801.7081298828125,3728589,0.0032887831091243506,1795.4110804966517,1759.8128662109375,7.494285037611611,1
2024-08-27,INFY.NS,1801.7079786991785,1827.2525181138,1799.5472543971127,1824.7076416015625,3830679,0.012765477632501576,1801.056396484375,1760.7823253813244,12.025843634663904,1
2024-08-28,INFY.NS,1831.237958279541,1873.588133022963,1822.1148997127973,1862.1602783203125,6514531,0.016886019591808327,1811.24951171875,1763.8919387090773,25.063561585501528,0
2024-08-29,INFY.NS,1856.3023384955795,1873.1079727033768,1844.6824662886909,1856.638427734375,7228284,0.00018105307084181465,1819.6386021205358,1766.4619431268602,29.322329025098245,1
2024-08-30,INFY.NS,1861.1039704725115,1872.6278340667684,1851.5007508106305,1866.5777587890625,13466759,0.0029411512754772538,1829.3790283203125,1769.9122430710565,32.26620216647168,1
2024-09-02,INFY.NS,1866.241657337013,1897.356112283312,1865.713550595146,1886.552490234375,5573739,0.010883281282202204,1840.9371861049108,1775.0293898809523,36.55367900107709,0
2024-09-03,INFY.NS,1888.9533893572925,1888.9533893572925,1859.6155051280512,1864.22509765625,4694322,-0.013091001525165315,1851.795689174107,1780.5192347935267,28.735685535724826,0
2024-09-04,INFY.NS,1844.8744872415468,1850.7324277310104,1824.6597803927025,1846.1708984375,4778310,0.0007027096991793524,1858.1475132533483,1788.3184175037202,19.12630270240744,1
2024-09-05,INFY.NS,1849.8201661965988,1863.0245930805456,1833.8307821972223,1856.4464111328125,4081810,0.003582102226638508,1862.6816231863838,1796.6434965587798,12.487689888628664,0
2024-09-06,INFY.NS,1845.7388167039,1859.6634851962024,1821.5866958391305,1826.3883056640625,5848106,-0.010483883670168179,1857.5713413783483,1801.682896205357,18.57320035127323,0
2024-09-09,INFY.NS,1815.008600298448,1844.6345108844123,1814.048278287708,1819.47412109375,4772612,0.002460330377810687,1852.2621547154017,1808.6109328497023,23.53365764220551,1
2024-09-10,INFY.NS,1829.317300201853,1858.2229673598688,1820.7704114285848,1836.4237060546875,6909600,0.003884731124584235,1847.9544328962054,1815.083961123512,23.23439590064125,0
2024-09-11,INFY.NS,1838.7284033553788,1849.5800883553493,1829.4133272673623,1834.3590087890625,5312946,-0.0023763131946745526,1840.4982212611608,1820.2399727957588,16.0461978879359,1
2024-09-12,INFY.NS,1848.619909793952,1878.774045014654,1834.9833838435984,1873.06005859375,8555092,0.013220753855519202,1841.7603585379463,1827.2366129557292,18.398552721254966,0
2024-09-13,INFY.NS,1873.05981264334,1880.886459614144,1858.8471187859725,1866.9617919921875,3843127,-0.0032556465148577554,1844.7304861886162,1832.7630266462054,20.75631723730909,1
2024-09-16,INFY.NS,1868.5464710616527,1874.548483367517,1856.3504289468576,1872.867919921875,1570181,0.0023127328793524577,1847.076416015625,1836.9381452287946,23.09717444500389,1
2024-09-17,INFY.NS,1870.4671897008432,1880.7425882881328,1865.0894099053755,1875.0767822265625,2793127,0.0024644070481966486,1854.0319126674108,1840.9509219215029,23.15975988064519,0
2024-09-18,INFY.NS,1861.8242226231127,1861.8242226231127,1806.6537722399733,1817.0732421875,6385468,-0.024036093145551284,1853.688929966518,1841.8632289341517,23.766663528414185,1
2024-09-19,INFY.NS,1834.791051102084,1848.5237015550497,1804.2528841458936,1819.041748046875,7976570,-0.008583703875026613,1851.2057931082588,1842.8464181082588,26.609219108191265,1
2024-09-20,INFY.NS,1829.4133034638185,1839.016522904573,1793.3052218119396,1830.133544921875,15242974,0.00039370078740152736,1850.6021554129463,1844.0125209263392,27.098518107536826,0
2024-09-23,INFY.NS,1833.2546020080952,1842.761812755645,1803.9167195535472,1821.2025146484373,3636672,-0.006574148155120611,1843.1939348493304,1845.5833275204614,27.02402462043888,1
2024-09-24,INFY.NS,1813.087822795001,1835.0792186672709,1797.1465020357018,1823.2672119140625,7277616,0.005614393848483942,1836.9518519810267,1846.6099504743304,25.629428086182376,0
2024-09-25,INFY.NS,1811.503436175212,1826.148347119212,1802.3324311332524,1820.098388671875,4268341,0.004744651500529423,1829.4133475167412,1846.3904622395833,20.564846406848527,1
2024-09-26,INFY.NS,1822.498942813643,1841.8493352545952,1817.8893508178403,1824.8516845703125,8952803,0.0012909427278115454,1822.2383335658483,1844.6138625372023,4.3353425353662605,1
2024-09-27,INFY.NS,1855.438133669678,1896.2518191297413,1827.7809300940016,1831.093994140625,14908931,-0.01312042643044388,1824.2412981305804,1843.3974609375,4.768519255312342,0
2024-09-30,INFY.NS,1805.40537191387,1825.8122145485347,1796.282312853667,1801.179931640625,6986955,-0.0023404385181184087,1821.6896100725446,1840.2832786923364,9.963652066571022,1
2024-10-01,INFY.NS,1800.603757202924,1833.2066423426224,1800.603757202924,1828.7891845703125,4029072,0.01565332031250006,1821.49755859375,1837.5326450892858,9.785124006522844,0
2024-10-03,INFY.NS,1814.528280610594,1835.991452228292,1806.3655442331449,1818.2735595703125,7503887,0.0020640510262304452,1821.079136439732,1835.3444766090029,9.862162457416263,1
2024-10-04,INFY.NS,1814.5764408447044,1876.565154203009,1811.1672509312864,1842.0416259765625,10001483,0.015135865601270991,1823.761195591518,1835.1478445870537,12.70077224859087,1
2024-10-07,INFY.NS,1846.8912352709824,1864.9453358766805,1840.025026708701,1857.5509033203125,6112575,0.0057716815401780116,1829.1115548270088,1835.200439453125,17.77545817735154,1
2024-10-08,INFY.NS,1861.007899519078,1880.2622839615103,1830.709695607808,1871.2353515625,5637391,0.0054956521388571595,1835.73779296875,1837.3360130673364,23.610449713069606,1
2024-10-09,INFY.NS,1875.07665925967,1898.5564839074104,1867.922190438456,1875.2686767578125,4857163,0.00010240514551464685,1842.0484619140625,1839.992896670387,27.7100286350969,0
2024-10-10,INFY.NS,1880.2143346978123,1886.07227503949,1838.1521871723023,1842.8577880859373,4782119,-0.019868238382449617,1848.00244140625,1840.299281529018,21.171298422373933,1
2024-10-11,INFY.NS,1841.8974879353768,1869.7468243014484,1834.310921135121,1858.3189697265625,4709431,0.008915524288809833,1852.220982142857,1841.4402320498511,19.587632909783217,1
2024-10-14,INFY.NS,1855.4860705732613,1891.354071794841,1854.477685639696,1881.1746826171875,3751378,0.013844680621067461,1861.2068568638392,1841.8266427176338,15.39870036929875,1
2024-10-15,INFY.NS,1882.2310163628915,1912.433094709219,1874.3083602991192,1881.558837890625,5353705,-0.0003571179448341044,1866.8521728515625,1842.521740141369,14.41370728926706,0
2024-10-16,INFY.NS,1877.42944464905,1881.798956487676,1840.312977195666,1843.9141845703125,3111512,-0.01785167489210367,1864.9040701729912,1841.1429908389136,16.631304369060587,1
2024-10-17,INFY.NS,1858.415027332384,1899.516854492198,1853.5654717255,1890.0096435546875,8162822,0.017000839832669278,1867.5861118861608,1841.8540794735864,19.146161349951957,0
2024-10-18,INFY.NS,1818.657760223304,1859.9995499352583,1795.0818094027522,1805.0211181640625,10526196,-0.007498190345371573,1857.550746372768,1841.2801688058037,29.860368596065957,0
2024-10-21,INFY.NS,1816.064897246326,1823.459446927408,1765.0718228709857,1779.236572265625,4654601,-0.02027918993233293,1848.4620012555804,1839.3846842447917,42.207502303868466,0
2024-10-22,INFY.NS,1784.470181434696,1803.2925852339904,1773.666559613223,1778.132080078125,4125240,-0.0035518113009180784,1837.0067313058037,1836.908424014137,49.36161636740902,1
2024-10-23,INFY.NS,1772.034052723245,1811.1671716222952,1770.833650303029,1799.067138671875,4311910,0.015255398679887597,1825.2770821707588,1835.8543584914435,46.80620882387352,0
2024-10-24,INFY.NS,1787.5431906883384,1809.246441971513,1786.1987165960795,1789.415771484375,2906475,0.0010475723360370882,1812.1137869698662,1834.2423851376489,40.92761557554573,0
2024-10-25,INFY.NS,1789.5118373771484,1801.9000136074253,1773.138418954866,1788.16748046875,4689120,-0.0007512422551888589,1804.1499720982142,1832.7218656994048,39.0909669372332,1
2024-10-28,INFY.NS,1785.9107053224764,1807.229923208772,1783.3178829165497,1791.3365478515625,7018940,0.0030381376363979025,1790.0538155691963,1831.1259068080358,9.746892091021943,0
2024-10-29,INFY.NS,1792.9391324904534,1798.378144066303,1776.4277753656768,1786.4317626953125,4621252,-0.0036294426716549743,1787.398193359375,1828.9991338820685,7.184987211888133,0
2024-10-30,INFY.NS,1779.3416136488445,1786.1404080241402,1744.7163014394891,1750.301025390625,5919715,-0.016320974025143372,1783.2645438058037,1826.5763288225446,15.80992646731502,0
2024-10-31,INFY.NS,1736.5092654474463,1736.5092654474463,1696.2992285309076,1706.740234375,7395236,-0.01714303036832672,1773.065708705357,1820.7644740513392,33.169355177920046,1
2024-11-01,INFY.NS,1713.7816813488191,1715.2385657478123,1701.6895882617994,1710.236572265625,371966,-0.0020685885032940532,1760.3756277901787,1815.6198556082588,38.17808203567455,1
2024-11-04,INFY.NS,1674.9314693544443,1716.2098616116575,1668.618303479812,1712.9561767578125,7336722,0.02270224668835184,1749.4528285435267,1809.4729294549852,39.40287061092717,0
2024-11-05,INFY.NS,1709.4110437798347,1717.6181118779048,1694.842199656711,1703.7777099609375,3160880,-0.0032954822887073555,1737.3971470424108,1802.1503964378721,38.48275211688255,1
2024-11-06,INFY.NS,1713.296194916247,1774.679548579323,1711.985022561022,1771.2801513671875,10421494,0.033843509734622954,1734.531947544643,1797.390625,34.31876723753585,0
2024-11-07,INFY.NS,1760.8390975998177,1773.22261567757,1735.6350435250165,1751.2237548828125,4550965,-0.0054606594833745935,1729.502232142857,1791.4837239583333,27.308747281793178,1
2024-11-08,INFY.NS,1765.7439982122546,1787.694367437014,1761.0334287500186,1777.3504638671875,4210960,0.006573130457577074,1733.3664376395088,1788.3643275669642,32.215278358631004,1
2024-11-11,INFY.NS,1776.427742360696,1814.306737413767,1770.163186757311,1806.6337890625,3804234,0.017003813879681515,1747.6369454520088,1785.9031284877233,39.70844429508547,1
2024-11-12,INFY.NS,1817.317558488208,1826.9330191433785,1807.507894006288,1815.083740234375,5012450,-0.0012291843235649742,1762.6151123046875,1782.7559407552083,42.896050956707526,0
2024-11-13,INFY.NS,1807.605094015565,1819.3572716489664,1802.943134866599,1814.6953125,4257495,0.003922437764702297,1777.1492745535713,1779.5719633556548,40.431158349470714,0
2024-11-14,INFY.NS,1811.975680567675,1822.0767695268305,1802.6516440521305,1810.9559326171875,4311431,-0.0005627823603946061,1792.46044921875,1778.0025227864583,25.58173353568917,0
2024-11-18,INFY.NS,1796.047127993138,1796.047127993138,1743.4050832115963,1759.3822021484375,4839244,-0.02041423372095423,1790.7607421875,1771.7821684337798,27.543580402594635,1
2024-11-19,INFY.NS,1773.0283689800722,1806.24528689049,1768.2206977377823,1772.2999267578125,4669769,-0.0004108463434675367,1793.7716238839287,1770.2240164620537,23.3311787437396,1
2024-11-21,INFY.NS,1789.0540816629436,1813.335488851637,1768.26917339711,1781.3326416015625,5436504,-0.004315934403840933,1794.3405064174108,1770.3238292875744,22.908774890862446,1
2024-11-22,INFY.NS,1800.80625185363,1859.0331371970144,1781.2840242640295,1847.572265625,6301486,0.02596948656926978,1800.1888602120537,1773.6305047898065,30.528523540542764,0
2024-11-25,INFY.NS,1860.927145784527,1864.1323391283013,1827.904430253904,1835.383056640625,12764638,-0.013726539054344986,1803.0887625558037,1775.3598342168898,33.040007247636886,1
2024-11-26,INFY.NS,1850.194581938472,1882.8773790978912,1842.7645663309447,1868.8427734375,6850495,0.01007904340498607,1810.8241141183037,1779.1420724051338,41.472643136567164,1
2024-11-27,INFY.NS,1874.621750796134,1885.5969943515,1856.7992214996743,1869.1827392578125,4447143,-0.0029013914599100013,1819.1422293526787,1782.9999418712798,46.97739746780553,0
2024-11-28,INFY.NS,1859.858636133864,1859.858636133864,1798.4266776839895,1803.282958984375,8468790,-0.030419342658802407,1825.4137660435267,1783.5688185918898,40.09610462168757,1
2024-11-29,INFY.NS,1797.8925063282472,1823.0480681141644,1791.9678666332622,1804.448486328125,5244346,0.0036464805191644845,1830.0064174107142,1784.4267578125,34.44077413670359,1
2024-12-02,INFY.NS,1805.5655210664468,1828.6814691911163,1782.4495729417774,1825.7677001953125,2868263,0.0111888374546128,1836.354282924107,1788.0204089936756,27.336678763437867,1
2024-12-03,INFY.NS,1832.760605927078,1845.144123534693,1817.3662175546283,1837.7139892578125,4715792,0.00270268976467278,1834.9459577287946,1794.2572544642858,26.913088641459936,0
2024-12-04,INFY.NS,1829.8468273930628,1858.935905488834,1821.1055208927776,1834.9459228515625,4705573,0.002786624203821632,1834.883510044643,1800.1957949683779,26.912412526218514,1
2024-12-05,INFY.NS,1845.386971128795,1893.8526842407528,1834.654541582606,1879.2352294921875,9050038,0.018342092413651322,1836.3681466238838,1808.1138450985864,29.28048871190936,0
2024-12-06,INFY.NS,1877.2442779990847,1882.2461532385448,1857.4306251975145,1867.1431884765625,3573331,-0.005380807197499494,1836.0767822265625,1815.8931535993304,28.907304653751318,1
2024-12-09,INFY.NS,1868.8912975545848,1874.7188352688952,1842.6673778401905,1868.357177734375,4274645,-0.00028579501702888794,1845.3730991908483,1820.515869140625,27.004419705135163,1
2024-12-10,INFY.NS,1883.2659588503625,1909.101352624084,1876.4671647750904,1892.54150390625,6174921,0.004925244367263852,1857.9578159877233,1827.2452857607886,25.221818891243206,1
2024-12-11,INFY.NS,1898.806057875605,1921.1449526741408,1895.89228898884,1917.4056396484373,5025612,0.009795408907448767,1871.0489501953123,1833.9145798456102,29.19770684053499,1
2024-12-12,INFY.NS,1918.425358927604,1941.347102009896,1913.9091120699152,1929.88623046875,6462130,0.005974103442602812,1884.2164132254463,1839.7837437220983,32.27994180910672,1
2024-12-13,INFY.NS,1913.132112410419,1948.777171484316,1897.6406217246504,1942.22119140625,5362693,0.015204950461670239,1899.5414515904017,1845.8379080636162,30.399954284795314,0
2024-12-16,INFY.NS,1938.0933607570853,1942.1240981650324,1920.756459296608,1923.1361083984373,3119221,-0.007717508692566393,1905.8130057198662,1851.0017554873511,30.03881311098837,0
2024-12-17,INFY.NS,1911.432497419917,1925.0300863243267,1901.7199339167669,1919.7852783203125,5811050,0.004369906293667352,1913.3333042689733,1856.184105282738,24.892994874121385,1
2024-12-18,INFY.NS,1910.266971091808,1927.8951783904936,1905.216367108079,1922.261962890625,3064095,0.006279222737103207,1921.0339878627233,1863.9402843656994,15.053972094139437,0
2024-12-19,INFY.NS,1878.4097533316565,1903.419603977101,1864.8121646312209,1890.259033203125,5323592,0.0063081443494700535,1920.7079206194196,1869.557384672619,15.781130125496539,0
2024-12-20,INFY.NS,1918.3768510152893,1923.038809987995,1856.313551468404,1866.9002685546875,11056720,-0.026833404726166347,1913.4928676060267,1873.6320335751489,25.865755480404662,1
2024-12-23,INFY.NS,1874.5732490554924,1884.2372017118128,1854.1282567360065,1868.988525390625,2781793,-0.002979197354747952,1904.7931954520088,1874.65185546875,29.428806466899356,0
2024-12-24,INFY.NS,1871.6594932162752,1886.1797274213889,1787.111585198432,1854.1768798828125,2360544,-0.009340701872764503,1892.2154366629463,1875.5467994326636,29.58063642530375,0
2024-12-26,INFY.NS,1854.1769374713,1864.5693327398988,1847.6209572676305,1852.5743408203125,3623321,-0.0008643170015765622,1882.1351841517858,1874.7721121651787,29.309078264153033,1
2024-12-27,INFY.NS,1854.5168074679773,1868.842837928016,1849.1748978049127,1861.655517578125,3937500,0.0038493639321039047,1873.8309326171875,1874.4136730375744,24.742997020657647,0
2024-12-30,INFY.NS,1860.635616070436,1860.927040380296,1832.2749799986573,1851.2144775390625,7789055,-0.005063397932406839,1863.6812918526787,1876.6961263020833,13.651180063763045,0
2022-05-02,RELIANCE.NS,1256.743356384579,1276.5363340584336,1254.9459860935513,1265.1383056640625,9467006,0.00667992334062074,1260.9261474609375,1217.5764683314733,17.471561011086962,0
2022-05-04,RELIANCE.NS,1267.2086090941275,1269.4836653281736,1217.7487926896629,1225.6431884765625,19247660,-0.03280077196388234,1256.6912841796875,1218.8526727585565,22.057062424427013,0
2022-05-05,RELIANCE.NS,1239.225089287073,1242.182673959599,1197.5915547447282,1201.64111328125,17210669,-0.030328611267421177,1253.1746651785713,1218.5287446521577,28.68455036999197,0
2022-05-06,RELIANCE.NS,1188.582409796725,1209.8769247815503,1180.0963532492094,1192.42724609375,19649948,0.003234808344238071,1243.099400111607,1217.5959647042412,36.103682558856335,0
2022-05-09,RELIANCE.NS,1171.6330736984112,1181.7116566675552,1140.7150367020854,1145.856689453125,18083752,-0.022000389732870627,1226.1956961495537,1215.2613176618304,49.71980096223669,0
2022-05-10,RELIANCE.NS,1135.2549338699698,1149.6332918929572,1118.4194240193035,1125.995361328125,19511677,-0.008156381677443909,1203.7570626395088,1212.132556733631,54.94513108947564,0
2022-05-11,RELIANCE.NS,1125.0855713281494,1130.6822844670523,1102.0164305530109,1114.4610595703125,16643899,-0.009443292162475069,1181.5947091238838,1209.45556640625,55.24856508042807,0
2022-05-12,RELIANCE.NS,1104.5416911448524,1107.885974171999,1078.378486557952,1091.755859375,20490321,-0.011575689602625987,1156.8257882254463,1204.770031156994,50.1853464082569,1
2022-05-13,RELIANCE.NS,1103.8592387327842,1127.5197990708434,1099.0132956252585,1104.1322021484375,19308778,0.0002472809993116987,1139.467075892857,1200.7919224330358,42.900891879062264,1
2022-05-16,RELIANCE.NS,1107.704062756325,1128.8848441001169,1099.6048242868326,1104.4052734375,13437911,-0.002978042086996097,1125.5762416294642,1197.8917643229167,34.29273799370071,1
2022-05-17,RELIANCE.NS,1107.9995890295822,1155.6848931734114,1106.589037590526,1150.79345703125,16551828,0.038622638875839166,1119.6285574776787,1197.4042445591517,22.26798075704903,1
2022-05-18,RELIANCE.NS,1155.5712773721964,1169.3808421611643,1141.2839062872033,1154.979736328125,17276788,-0.0005119035542459772,1120.931849888393,1197.2850748697917,24.238670011017124,0
2022-05-19,RELIANCE.NS,1130.2499303127915,1143.2177387581737,1122.0824507846328,1128.361572265625,14699118,-0.0016707437855306513,1121.2698800223213,1193.7977294921875,24.33735304465213,1
2022-05-20,RELIANCE.NS,1143.2177622581032,1203.2338502041005,1138.440180194292,1194.1563720703125,21793091,0.04455722391121222,1132.6549246651787,1191.761009579613,36.314796148392034,0
2022-05-23,RELIANCE.NS,1197.363959753279,1207.3970487902327,1179.846041628983,1186.1707763671875,15252755,-0.009348187988218636,1146.1427699497767,1187.9649018787202,36.125580882591855,1
2022-05-24,RELIANCE.NS,1186.2165955278977,1200.321873545451,1181.9849399100783,1190.243408203125,13527818,0.003394668975639571,1158.444370814732,1184.8675769624256,34.03678981412452,0
2022-05-25,RELIANCE.NS,1198.956737262974,1208.8304783808387,1183.713752995507,1188.491455078125,12714544,-0.008728657056250056,1170.4566824776787,1183.0691964285713,25.571964375322747,0
2022-05-26,RELIANCE.NS,1194.1334932703796,1198.9111951609143,1159.37061802393,1177.16162109375,17882023,-0.014212709276036364,1174.2235630580358,1178.9838402157739,24.091977273974475,0
2022-05-27,RELIANCE.NS,1179.868894988702,1185.3744993862058,1155.7760235250337,1171.701416015625,16521973,-0.006922361465555292,1176.6123744419642,1174.5799734933037,22.65182712834684,1
2022-05-30,RELIANCE.NS,1189.8562993151577,1216.7020315446362,1180.392124401247,1212.5159912109375,13853398,0.01904405759655346,1188.6344342912946,1171.220458984375,13.08849341216756,0
2022-05-31,RELIANCE.NS,1201.8687694825662,1218.8862574674567,1190.1750310186887,1197.887451171875,70620653,-0.0033126065106136976,1189.167445591518,1167.8056931268602,13.42255425292276,1
2022-06-01,RELIANCE.NS,1198.638243225424,1208.1480337988985,1190.402522676765,1198.2742919921875,9776989,-0.0003036372611115673,1190.896519252232,1164.6216924758185,13.747827288290928,1
2022-06-02,RELIANCE.NS,1198.501741229144,1243.2977103658052,1198.501741229144,1239.58935546875,22126569,0.03428248189065445,1197.9459402901787,1165.2857956659227,22.937312821640038,1
2022-06-03,RELIANCE.NS,1248.552949338414,1281.9280190654465,1247.6428306711036,1264.705810546875,23939791,0.012937265669846125,1208.833705357143,1168.2888764880952,33.402621917695186,0
2022-06-06,RELIANCE.NS,1264.9336309179137,1280.403966122388,1252.1021829834976,1259.2686767578125,11093152,-0.00447845959790817,1220.5632847377233,1171.4718017578125,34.81353926597303,1
2022-06-07,RELIANCE.NS,1260.337704653236,1269.9839758549958,1252.215840132052,1261.634521484375,12358255,0.0010289439301475478,1233.4108712332588,1176.9850318545386,30.043956738149856,0
2022-06-08,RELIANCE.NS,1261.6346065371608,1265.3884552322884,1235.949206752914,1239.4755859375,12479250,-0.017563738728189487,1237.262241908482,1182.3888520740327,28.61290320715993,1
2022-06-09,RELIANCE.NS,1233.082627965682,1275.3986973973456,1233.082627965682,1273.4649658203125,17278305,0.032749093157895384,1248.0590297154017,1189.9604666573662,25.352376825145452,0
2022-06-10,RELIANCE.NS,1261.24792684013,1269.4381532361936,1229.215044054509,1235.0164794921875,18093057,-0.020798010279915034,1253.3079136439733,1196.7824009486608,15.028808961411572,0
2022-06-13,RELIANCE.NS,1205.7819334162448,1216.156107684235,1190.4479609930536,1211.6514892578125,17620803,0.004867841919755736,1249.3167898995537,1201.902367001488,21.56674123823389,0
2022-06-14,RELIANCE.NS,1205.8047355842043,1215.72397128612,1189.151198531051,1195.817138671875,14714312,-0.008282930575397338,1239.475551060268,1206.2553129650298,28.101562286279925,0
2022-06-15,RELIANCE.NS,1191.0167974504632,1200.0032876716657,1175.933161306616,1181.3477783203125,11195535,-0.008118289474043146,1228.343994140625,1207.7102806454614,33.80797746149138,0
2022-06-16,RELIANCE.NS,1193.4965424947006,1209.8997420887065,1162.1006949883244,1164.830810546875,17111475,-0.024018278166024025,1214.514892578125,1208.1793794177827,37.51629194858098,1
2022-06-17,RELIANCE.NS,1164.830742811065,1194.3382305909047,1163.0562400137392,1178.4810791015625,24457187,0.0117187294160484,1205.8013916015625,1210.5660226004463,37.83463310960375,0
2022-06-20,RELIANCE.NS,1185.3063342518617,1190.8120593552974,1147.1308115234451,1157.118408203125,12066797,-0.023781131707634275,1189.180454799107,1208.8023100353423,27.223279224490746,1
2022-06-21,RELIANCE.NS,1164.8309161531756,1180.028288003995,1150.4070610668423,1175.7967529296875,11720049,0.009414101758842627,1180.720493861607,1208.3083089192708,18.365852975127986,0
2022-06-22,RELIANCE.NS,1163.966274425617,1164.057262227865,1137.985044485591,1140.078125,10617206,-0.020523059774567032,1170.4957275390625,1205.9194859095983,18.19836109403062,0
2022-06-23,RELIANCE.NS,1144.377961370299,1148.905326422505,1112.5043100555831,1121.581787109375,19446323,-0.019920144419442974,1159.8906773158483,1202.7333112444196,22.178112911893106,1
2022-06-24,RELIANCE.NS,1128.429884986889,1142.5351607614082,1122.9696539988313,1137.5528564453125,14240234,0.008084659560863662,1153.6342599051338,1200.847179594494,21.275118096048125,0
2022-06-27,RELIANCE.NS,1157.9829545073123,1157.9829545073123,1129.135125114688,1134.185791015625,15474529,-0.020550530039375525,1149.2563999720983,1199.0607212611608,21.735165411244285,1
2022-06-28,RELIANCE.NS,1129.38544140432,1152.9777615415514,1129.38544140432,1150.1339111328125,13572847,0.018371469090918142,1145.2068045479912,1196.0901460193452,17.637073106807584,1
2022-06-29,RELIANCE.NS,1140.8061704616557,1181.6663139665932,1137.985067118919,1173.999267578125,19205146,0.029096175998975245,1147.6183558872767,1194.952613467262,20.464638824566887,1
2022-06-30,RELIANCE.NS,1173.9308815535303,1190.2658381550734,1167.560773223342,1181.0518798828125,23112959,0.006065943439411505,1148.3690883091517,1194.1324986049108,21.728023096205234,0
2022-07-01,RELIANCE.NS,1171.610445710058,1179.391106293829,1076.103462886294,1095.9874267578125,81997149,-0.06454621434039362,1142.0704171316963,1187.2943115234375,29.5240791843108,1
2022-07-04,RELIANCE.NS,1082.450913964659,1111.1393942579136,1076.6039843933402,1098.2625732421875,41857728,0.014607276019210457,1138.7391008649554,1179.368443080357,33.29586325571925,1
2022-07-05,RELIANCE.NS,1102.4941121326235,1121.5590649917854,1099.8094906293034,1107.157958984375,17647327,0.004230269169174895,1134.39697265625,1172.1250755673364,35.392254012833696,0
2022-07-06,RELIANCE.NS,1101.1745026432604,1111.11648393539,1086.568674692882,1097.420654296875,23943726,-0.0034089495691869884,1129.144810267857,1164.3053676060267,38.0564863461841,0
2022-07-07,RELIANCE.NS,1103.8135967687947,1107.1578795789185,1080.6534724660446,1086.6141357421875,23301033,-0.015581852839062103,1120.070556640625,1157.0262509300596,39.75277408842793,1
2022-07-08,RELIANCE.NS,1100.2190253242577,1100.2190253242577,1084.0887905138443,1088.11572265625,19010108,-0.011000812010536359,1107.801478794643,1148.2000964936756,33.01714690784812,1
2022-07-11,RELIANCE.NS,1081.3359679020425,1105.1330060215998,1078.378383303484,1102.903564453125,13847467,0.019945324294471524,1096.6374337332588,1141.9090053013392,7.379125173954073,0
2022-07-12,RELIANCE.NS,1093.8487904297283,1110.0927598985188,1093.8487904297283,1101.333740234375,10778989,0.006842764621704407,1097.4011928013392,1136.6557791573662,7.57472134012283,0
2022-07-13,RELIANCE.NS,1104.4507905221294,1107.499363443423,1079.7436294761944,1081.8138427734375,14224132,-0.02049611258641074,1095.0513741629463,1131.22705078125,9.55536839930081,1
2022-07-14,RELIANCE.NS,1086.5686402982146,1107.4764556314449,1081.5407222618398,1090.73193359375,16970315,0.0038315971408789504,1092.704799107143,1126.9120105561756,7.972595361851126,1
2022-07-15,RELIANCE.NS,1098.8539355804724,1098.8539355804724,1084.3390956531612,1092.8477783203125,9603210,-0.005465837692966068,1092.0515311104912,1123.4842471168154,7.704625236176705,1
2022-07-18,RELIANCE.NS,1101.584037969047,1103.4040345430285,1088.525123257814,1102.15283203125,15160908,0.0005163419608473656,1094.2713448660713,1119.8495686848958,8.104993320106507,1
2022-07-19,RELIANCE.NS,1092.1652674583531,1113.4144080582162,1092.1652674583531,1108.9097900390625,16439888,0.015331491560500371,1097.2419259207588,1117.553920200893,9.208396802096631,1
2022-07-20,RELIANCE.NS,1155.730530749646,1156.8679986086788,1131.2735877067614,1138.89501953125,23924246,-0.014566986655164302,1102.3835623604912,1115.7966948009673,18.37860399800855,0
2022-07-21,RELIANCE.NS,1134.7998965175696,1137.5300117770723,1122.651100250388,1131.2962646484375,16523230,-0.0030874446498310947,1106.6639229910713,1115.3785109747023,21.34334528096092,1
2022-07-22,RELIANCE.NS,1137.5302440832468,1144.9469544125395,1135.2551876871248,1138.9407958984375,10969995,0.0012400125821072252,1114.824916294643,1116.2051304408483,21.17895056670971,0
2022-07-25,RELIANCE.NS,1122.7195298133436,1122.7195298133436,1093.3940142099802,1101.3111572265625,23110452,-0.019068317614765545,1116.3362339564733,1114.4793352399554,19.48268027352624,1
2022-07-26,RELIANCE.NS,1101.6295478483066,1112.003841391494,1097.1931707363617,1101.8115234375,11303288,0.0001651876436582553,1117.6167689732142,1112.9377034505208,17.912892293108705,0
2022-07-27,RELIANCE.NS,1101.1063409773997,1104.3141424256503,1092.938861823789,1100.76513671875,8655086,-0.00030987402937558006,1117.4185267857142,1110.5868094308037,18.119047647744434,1
2022-07-28,RELIANCE.NS,1108.4093537574902,1122.9469424061926,1101.5841851617515,1118.0101318359375,12496073,0.008661762051989938,1118.7185756138392,1107.9206601097471,17.729071383796292,1
2022-07-29,RELIANCE.NS,1126.018296934473,1145.3108414909532,1121.1497270683567,1141.8299560546875,15130683,0.014042097862229149,1119.1378522600446,1106.0529494512648,18.310908857733338,1
2022-08-01,RELIANCE.NS,1146.2434528105707,1177.4573222630406,1140.9880650198957,1171.587646484375,15700044,0.022110655124494474,1124.893763950893,1109.6529599144346,27.02769131155368,1
2022-08-02,RELIANCE.NS,1170.5185233262116,1186.5803984650074,1165.5360984864087,1176.046875,13917913,0.0047229937532972275,1130.1946323939733,1113.3569742838542,33.180325007215956,1
2022-08-03,RELIANCE.NS,1183.0311881851292,1187.581300270372,1168.220637135406,1185.9205322265625,14250977,0.0024423227978172183,1142.2816859654017,1117.1075730096727,36.180212206034746,0
2022-08-04,RELIANCE.NS,1187.5813052958538,1191.107684300821,1153.455464512121,1170.245361328125,14467127,-0.014597690187965699,1152.0579485212054,1120.575416201637,32.47858897150358,0
2022-08-05,RELIANCE.NS,1172.1109326876474,1173.384882192994,1149.7925649671015,1153.0003662109375,13942438,-0.016304400841044467,1159.5201241629463,1123.7366652715773,23.485100243990672,1
2022-08-08,RELIANCE.NS,1151.6352925910844,1175.546187127536,1151.6352925910844,1168.083984375,10165178,0.014282900055022968,1166.6735316685267,1127.544677734375,14.72730551831516,1
2022-08-10,RELIANCE.NS,1172.5204636099309,1178.4356336498447,1163.4884798945134,1175.068603515625,10724688,0.002173215721838222,1171.421909877232,1130.9811081659227,9.973343469183519,1
2022-08-11,RELIANCE.NS,1184.4418001629217,1187.5358669102814,1174.0220116644236,1178.981689453125,8198226,-0.0046098598589189126,1172.4782017299108,1134.6786295572917,10.37720266572138,1
2022-08-12,RELIANCE.NS,1178.6174856399732,1201.8458509440902,1174.9319985812028,1198.0465087890625,12650587,0.016484587566202275,1175.6210065569196,1140.2135184151787,14.247691934078698,1
2022-08-16,RELIANCE.NS,1204.052619235297,1209.1032840649636,1195.4529491751475,1206.3731689453125,6607378,0.001927282639432555,1178.5428118024554,1145.7202439081102,18.247543186152697,1
2022-08-17,RELIANCE.NS,1212.6070521185068,1218.0216687174443,1208.3071564277768,1212.67529296875,6595965,5.627614495891866e-05,1184.6042306082588,1151.4263160342261,21.744079633320535,1
2022-08-18,RELIANCE.NS,1214.281162605974,1218.3895770524823,1205.242530076721,1214.8746337890625,7410035,0.0004887428063322806,1193.4434116908483,1156.7940208798364,19.180742091177514,0
2022-08-19,RELIANCE.NS,1209.7159828214287,1215.0569809988342,1189.1507309375147,1193.213623046875,9460724,-0.0136415158672742,1197.0333600725446,1160.8084891183037,15.674519377852377,0
2022-08-22,RELIANCE.NS,1194.6517009933089,1201.1795211355932,1180.500282384016,1189.904052734375,9471680,-0.003974085714678476,1199.1527099609375,1163.2374906994048,12.981257843723162,1
2022-08-23,RELIANCE.NS,1184.1522321085429,1211.1768414672938,1182.9424687305054,1208.2552490234375,9678484,0.02035466071112829,1203.3346470424108,1166.9022042410713,9.700895972497415,0
2022-08-24,RELIANCE.NS,1205.1968562417935,1218.846089361482,1203.0284828486283,1205.0369873046875,10369622,-0.00013264964663493777,1204.333286830357,1170.0496419270833,9.421578797410215,0
2022-08-25,RELIANCE.NS,1209.2368579891631,1215.6049306697223,1197.2081689286076,1201.5220947265625,7871946,-0.006379861159235162,1203.6402762276787,1174.8215913318452,9.424937827809119,0
2022-08-26,RELIANCE.NS,1201.9554689456972,1209.715993824914,1190.0866510806784,1195.1080322265625,10742038,-0.005696913817565155,1201.1306675502233,1179.2642822265625,8.944806952768898,0
2022-08-29,RELIANCE.NS,1180.0436382797463,1211.9984634718255,1176.8710131510943,1185.818359375,19838975,0.004893650461665955,1196.979771205357,1183.3144356863838,8.216021126957722,1
2022-08-30,RELIANCE.NS,1193.282058957648,1207.5475818496643,1176.2090496696885,1204.215087890625,23139054,0.009162149762418519,1198.5514090401787,1187.41943359375,8.425097785281018,0
2022-09-01,RELIANCE.NS,1178.9710757031155,1189.150886984996,1164.385933490136,1168.81396484375,19909939,-0.008615233290017737,1195.538539341518,1188.7043863932292,13.975518867277057,0
2022-09-02,RELIANCE.NS,1168.8139049237643,1175.638520959865,1152.973478456532,1155.1646728515625,12999345,-0.011677848812974278,1187.9541713169642,1187.922340029762,19.311338152965522,1
2022-09-05,RELIANCE.NS,1155.3928563937116,1178.445978943139,1155.3928563937116,1173.10498046875,11327815,0.015329958097821979,1183.3924560546875,1187.782249813988,18.3511027433718,1
2022-09-06,RELIANCE.NS,1174.5658588505653,1189.6302455363334,1174.1093147173583,1185.4532470703125,10899618,0.009269287147850226,1181.0969063895088,1187.759998139881,16.629562305158775,0
2022-09-07,RELIANCE.NS,1175.478839783805,1184.563114237557,1173.1963605855797,1178.5601806640625,7488501,0.002621349509638394,1178.7329275948662,1188.1559419177827,15.43944415429027,1
2022-09-08,RELIANCE.NS,1181.5272442598816,1185.978096162653,1173.6527344300007,1180.2261962890625,7057077,-0.0011011578252976418,1177.934047154018,1189.4524100167412,15.153754501395774,0
2022-09-09,RELIANCE.NS,1191.4561604892992,1191.4561604892992,1170.4573041604865,1172.8768310546875,8314850,-0.015593800301457758,1173.4571533203125,1189.680640811012,9.767308880646004,1
2022-09-12,RELIANCE.NS,1173.447281793324,1192.3691689901582,1173.447281793324,1186.0009765625,7435419,0.0106981327273525,1175.9124407087054,1190.2012300037202,10.53558403542356,1
2022-09-13,RELIANCE.NS,1195.1081207827935,1200.449119404543,1187.3477160754526,1195.906982421875,8888657,0.000668442984521098,1181.7327706473213,1191.0071963355654,8.146260173746004,0
2022-09-14,RELIANCE.NS,1175.478658663779,1191.4560105895346,1174.4515854442564,1181.5728759765625,8678219,0.005184455938750146,1182.9424700055804,1190.2227376302083,7.228560530848431,0
2022-09-15,RELIANCE.NS,1179.1307346574977,1188.5116835520153,1167.1476896556203,1169.8638916015625,10365600,-0.007859046315697055,1180.7154192243304,1188.4842006138392,8.597862616315703,0
2022-09-16,RELIANCE.NS,1161.213264147553,1165.4359048168926,1137.133067391258,1140.8763427734375,20217708,-0.017513511085360218,1175.3320138113838,1185.0652029854912,17.431671519304913,1
2022-09-19,RELIANCE.NS,1140.876367867208,1151.6040077939597,1132.7278822878002,1142.3599853515625,7580254,0.0013004191568346513,1169.9225551060267,1181.6121244884673,21.140580904890783,1
2022-09-20,RELIANCE.NS,1151.4898271317024,1158.4514907194557,1138.822026415054,1142.54248046875,8411448,-0.007770235092080481,1165.589076450893,1179.1992129371279,23.420192306205603,1
2022-09-21,RELIANCE.NS,1139.7580348153278,1156.3060391967588,1138.95917313293,1145.6925048828125,9207309,0.005206780637827397,1159.8307233537946,1177.0939011346727,22.502407009101013,0
2022-09-22,RELIANCE.NS,1134.8504758314202,1142.6108798497348,1128.5052256188412,1134.8961181640625,10308170,4.021880733568443e-05,1151.1148856026787,1173.600609188988,17.4481479481042,0
2022-09-23,RELIANCE.NS,1134.3940554048254,1139.3926153234097,1112.071332278307,1113.6234130859375,9528051,-0.018309900532293942,1141.4078194754463,1169.247581845238,16.557770608702235,0
2022-09-26,RELIANCE.NS,1092.8757978119418,1103.7176650883043,1084.2480670791438,1085.2523193359375,12479523,-0.00697561286586025,1129.3204520089287,1163.710925874256,22.233306825420545,1
2022-09-27,RELIANCE.NS,1092.8528108642224,1107.4607728213189,1077.3776445528867,1093.8800048828125,16154822,0.0009399198212042668,1122.606689453125,1158.8905436197917,25.076164053763634,0
2022-09-28,RELIANCE.NS,1077.491757249726,1085.5489575446488,1062.3132660155625,1064.7554931640625,16997059,-0.01182028911123426,1111.5203334263392,1153.1256452287946,31.27592579355455,0
2022-09-29,RELIANCE.NS,1077.3320028920632,1080.7556609643932,1055.8766040342564,1061.4915771484375,14671827,-0.014703383637636853,1099.9416329520088,1146.3292875744048,32.84087879542969,1
2022-09-30,RELIANCE.NS,1054.96372509037,1096.5048940159172,1054.96372509037,1085.4349365234375,18613024,0.02888365799540389,1091.3334089006696,1142.3588576543898,26.043973167037542,0
2022-10-03,RELIANCE.NS,1091.7117072217247,1103.3294933419215,1078.7015883112226,1081.6688232421875,11852723,-0.009199208832426255,1083.7295096261162,1138.8590552920386,17.61008621166021,1
2022-10-04,RELIANCE.NS,1094.58754770497,1103.808747936222,1091.0953054950355,1101.6175537109375,8948850,0.0064225159702460295,1082.0143868582588,1135.4548921130952,14.528339849218154,1
2022-10-06,RELIANCE.NS,1108.8302224863316,1118.4165611455717,1103.8771842481965,1105.6802978515625,13352162,-0.0028407636903204792,1084.9326695033483,1131.6561802455358,17.10951233419008,1
2022-10-07,RELIANCE.NS,1102.2794760013117,1115.6320317027526,1102.2794760013117,1110.3594970703125,7714340,0.007330283512410454,1087.2868826729912,1128.4085286458333,19.511043821698692,0
2022-10-10,RELIANCE.NS,1097.8743645838504,1103.6262649687026,1090.1139598954956,1098.2396240234375,6329527,0.00033269693816522113,1092.0703299386162,1124.504406156994,17.01085164318676,0
2022-10-11,RELIANCE.NS,1101.982746487589,1101.982746487589,1073.2691292307711,1076.373291015625,9215177,-0.023239434150480624,1094.1962890625,1119.9089994884673,13.012259828914607,1
2022-10-12,RELIANCE.NS,1073.6800455545388,1087.2379927529598,1069.6171531804475,1084.2935791015625,7417103,0.009885192139844616,1094.033238002232,1115.0657900855654,13.14679746712764,1
2022-10-13,RELIANCE.NS,1082.5360411069073,1092.852778089425,1077.3776122421918,1087.7401123046875,7328492,0.004807296016176019,1094.9005650111608,1109.9149867466517,12.372608102537123,0
2022-10-14,RELIANCE.NS,1102.4393688537991,1103.0556611703817,1081.48615457156,1082.216552734375,9106089,-0.018343699155491597,1092.1289934430804,1105.1837332589287,12.78334564384206,1
2022-10-17,RELIANCE.NS,1075.0495620947684,1101.9827665257233,1069.845490552908,1099.586181640625,16729355,0.02282371009765006,1091.2584054129463,1101.8371756417412,11.882409233220807,1
2022-10-18,RELIANCE.NS,1105.6348686623294,1124.3512470169624,1104.7903646127031,1118.9874267578125,12415820,0.012076824342233283,1092.490966796875,1100.7948463076636,14.37916527711334,1
2022-10-19,RELIANCE.NS,1120.4709308445554,1153.955017958595,1114.6277458530562,1138.4569091796875,19247142,0.016052159712501592,1098.236293247768,1100.6089855375744,22.69112062547602,1
2022-10-20,RELIANCE.NS,1134.3942113183082,1149.9150215278255,1134.3942113183082,1141.5155029296875,8717053,0.006277616317438262,1107.5423235212054,1100.560081845238,25.423760079163674,0
2022-10-21,RELIANCE.NS,1144.7565172867282,1148.9106943491454,1126.177188586748,1128.2769775390625,8243452,-0.014395672353737817,1113.8256661551338,1099.7307710193452,24.122135259757254,1
2022-10-24,RELIANCE.NS,1122.9816380159375,1142.382770547029,1120.836206695688,1132.0430908203125,3370033,0.008069101486275944,1120.1546630859375,1099.5949125744048,21.84143418534346,0
2022-10-25,RELIANCE.NS,1140.785075413764,1140.785075413764,1112.9387816840604,1114.559326171875,12233241,-0.022989211383552532,1124.7750592912946,1099.6394798642114,14.747093691692081,1
2022-10-27,RELIANCE.NS,1122.0686333408069,1126.8391025996318,1110.5649536618178,1118.941650390625,12513059,-0.0027868018562034733,1127.5401262555804,1101.2437337239583,10.41545781512868,1
2022-10-28,RELIANCE.NS,1125.2640787350124,1157.218905475806,1122.730566891981,1153.178955078125,17609592,0.024807400209996628,1132.4246303013392,1104.0674932570685,13.342181138989707,1
2022-10-31,RELIANCE.NS,1159.957944449031,1169.065039404331,1155.9406944170405,1163.8837890625,12419943,0.003384471508002639,1136.0570417131696,1108.7878882998511,17.930477675891286,0
2022-11-01,RELIANCE.NS,1186.8910882247426,1186.8910882247426,1144.8935003477782,1154.867919921875,13963166,-0.026980713412184516,1137.9645298549108,1113.2343808128721,19.268268133419628,1
2022-11-02,RELIANCE.NS,1155.986348539346,1164.157654947125,1148.0890168960857,1162.08056640625,8981896,0.005271877020524018,1142.7936139787946,1116.8841727120537,20.623979230952116,1
2022-11-03,RELIANCE.NS,1154.8680356681098,1168.4259835133787,1152.676841200972,1166.4173583984375,6693449,0.010000556231211526,1147.7042236328125,1120.9198172433037,21.70176666355767,1
2022-11-04,RELIANCE.NS,1165.8467186255812,1186.8912175642852,1164.568612402097,1183.5816650390625,12575815,0.015212073877421125,1157.5645577566963,1124.8228701636904,19.72233635938929,1
2022-11-07,RELIANCE.NS,1182.7827614663586,1191.5931814379082,1175.0223567357784,1189.904052734375,11789748,0.00602079392769284,1167.7020438058037,1128.8335251581102,13.955625550708273,0
2022-11-09,RELIANCE.NS,1191.5931131291466,1196.9112902936065,1182.348970740701,1188.7171630859375,11254205,-0.002413533622778969,1172.7789306640625,1132.5648425874256,14.252769193123681,0
2022-11-10,RELIANCE.NS,1182.3262632089595,1185.316319375086,1170.0008998356418,1174.337646484375,5966242,-0.006756693962715977,1174.2723388671875,1136.1885579427083,13.702449613744472,1
2022-11-11,RELIANCE.NS,1186.8911590644095,1203.325056528256,1181.413233492101,1201.4078369140625,12310132,0.012230841673044425,1180.9208984375,1142.1425839378721,14.005493693725835,0
2022-11-14,RELIANCE.NS,1200.9285232071268,1206.0641314784764,1189.242152687652,1195.5875244140625,9043112,-0.004447391072701751,1185.7076067243304,1147.4422956194196,12.087782361790495,0
2022-11-15,RELIANCE.NS,1197.0710698465111,1198.942647092225,1182.3261805701843,1190.2236328125,7086433,-0.005720159150524887,1189.1085030691963,1152.3224632626489,8.602374033474721,0
2022-11-16,RELIANCE.NS,1191.4561277313169,1194.1723297469184,1178.3775455967132,1183.3990478515625,9716161,-0.006762380663647332,1189.0824148995537,1157.1406773158483,8.622182730158551,1
2022-11-17,RELIANCE.NS,1180.020863607493,1192.825591205946,1177.7612057960014,1186.45751953125,6661451,0.005454696711106561,1188.590053013393,1161.2774076915923,8.665739587284671,0
2022-11-18,RELIANCE.NS,1189.972415409292,1190.9996093948082,1173.698388022442,1185.818359375,5303197,-0.0034908843100057135,1188.1759381975446,1164.4598330543154,8.727694871856965,0
2022-11-21,RELIANCE.NS,1181.413258441568,1181.413258441568,1160.916588888564,1164.477294921875,6390268,-0.014335342352627362,1186.7673165457588,1165.6988990420386,11.642406806734263,1
2022-11-22,RELIANCE.NS,1161.7837868751285,1172.511425391076,1157.903584906397,1170.9365234375,6611488,0.007878175496827846,1182.414271763393,1167.0999000186011,10.9308432059761,0
2022-11-23,RELIANCE.NS,1175.4787957552544,1176.80266503484,1165.0934735308952,1167.28466796875,6413408,-0.0069708852393544065,1178.3710065569196,1168.9574090866815,10.470867283700525,1
2022-11-24,RELIANCE.NS,1171.3703518394527,1184.1522586948402,1163.2446877659072,1177.3504638671875,9389439,0.005105227410224232,1176.531982421875,1171.1149030412946,9.080354801065551,1
2022-11-25,RELIANCE.NS,1181.8696555369409,1198.257788225093,1178.719730929941,1194.9254150390625,7349922,0.011046699981640717,1178.1786063058037,1174.941859654018,11.305597759523978,1
2022-11-28,RELIANCE.NS,1190.954018527936,1242.1501079495758,1142.1545139312134,1235.9874267578125,31527484,0.03781288574477427,1185.2543073381696,1180.5154680524554,24.79838619199169,1
2022-11-29,RELIANCE.NS,1234.34401084029,1246.9889910362924,1229.8018737736188,1238.110107421875,11058913,0.0030510915502569556,1192.7245570591517,1184.5598086402529,31.865720290761853,1
2022-11-30,RELIANCE.NS,1238.247142030381,1253.288707028199,1231.7192011093234,1246.85205078125,26164986,0.006949265989630644,1204.4923793247767,1188.5106782459077,34.773196215262004,0
2022-12-01,RELIANCE.NS,1251.622529613266,1257.648284706288,1239.844994224955,1243.1773681640625,9485801,-0.0067473709120695,1214.8125,1192.7158900669642,33.86258926913383,0
2022-12-02,RELIANCE.NS,1246.235748845341,1254.4526976676975,1232.8147284105949,1242.6522216796875,11589592,-0.0028754809585375394,1225.5792933872767,1196.5526355561756,27.642775182561547,0
2022-12-05,RELIANCE.NS,1238.0187806031995,1240.1871538032583,1222.4979714298172,1224.529296875,14828536,-0.010896025116539044,1232.319126674107,1199.3198707217261,17.990011790897928,1
2022-12-06,RELIANCE.NS,1216.609222468136,1231.1714227767875,1214.737524331434,1228.0672607421875,8594245,0.00941801037050048,1237.053676060268,1201.438232421875,8.21299919079521,0
2022-12-07,RELIANCE.NS,1225.693478313524,1230.258436618436,1206.132596960368,1209.9443359375,8462111,-0.012849168780512664,1233.3332345145088,1202.3925316220239,13.175784426345169,0
2022-12-08,RELIANCE.NS,1214.2811762641966,1216.5636555928045,1205.1969012915213,1209.373779296875,7757008,-0.0040414008412939855,1229.2280447823662,1203.3761800130208,15.678417606652815,0
2022-12-09,RELIANCE.NS,1207.8899658959556,1214.2809794282305,1187.7356151104486,1191.0452880859375,12655763,-0.013945539979317155,1221.255650111607,1204.1717819940477,19.049411433940435,1
2022-12-12,RELIANCE.NS,1180.272120443367,1197.3906539089487,1180.0437880026634,1192.871337890625,9479842,0.01067484119045801,1214.0690743582588,1203.7652820405506,18.889414215171286,1
2022-12-13,RELIANCE.NS,1192.8713067918438,1201.9555809304147,1189.9497141999725,1198.3037109375,8333348,0.004554057185151256,1207.7335728236608,1203.8946242559523,14.671060694895255,0
2022-12-14,RELIANCE.NS,1204.0782660411908,1204.6717371538757,1191.9126515922892,1193.9669189453125,7268947,-0.00839758293214834,1203.3675188337054,1204.0728759765625,13.325586616073819,0
2022-12-15,RELIANCE.NS,1188.0324923462415,1193.7386297598832,1173.6528618480468,1177.008056640625,8688551,-0.00927957423440867,1196.0733468191963,1203.768543061756,11.385201880050758,0
2022-12-16,RELIANCE.NS,1173.6527911334736,1195.4733287956508,1167.7867851451592,1171.1876220703125,15837349,-0.0021004244882170653,1190.5366734095983,1203.0414050874256,12.845548004025714,1
2022-12-19,RELIANCE.NS,1178.2177795852808,1188.7172073020977,1171.689838827475,1186.5716552734375,7729933,0.007090264493459898,1187.2792271205358,1203.0772763206846,9.803543045511022,1
2022-12-20,RELIANCE.NS,1179.541792973625,1198.7602374146063,1171.3704856304953,1196.843017578125,7467588,0.014667750398977922,1188.1074741908483,1204.6185012090773,10.40142344206071,0
2022-12-21,RELIANCE.NS,1196.477661489117,1201.9555872542346,1175.9809916475376,1179.8155517578125,8527550,-0.013925968087500403,1186.2423618861608,1205.0413120814733,10.573935964184706,0
2022-12-22,RELIANCE.NS,1185.9781586267084,1189.013856887232,1171.7126347696108,1176.7569580078125,7451122,-0.007775185868155837,1183.1642543247767,1205.4923735119048,9.565757099580956,0
2022-12-23,RELIANCE.NS,1170.137785137051,1182.554553491853,1137.703712598857,1142.245849609375,10257115,-0.0238364540329831,1175.7755301339287,1203.8207252139136,16.95330753717312,1
2022-12-26,RELIANCE.NS,1147.9749955940688,1160.414465093403,1137.772242230335,1152.2203369140625,5990242,0.0036981130567193057,1172.2344273158483,1201.7871500651042,19.105147476347216,1
2022-12-27,RELIANCE.NS,1154.9364624540497,1163.518549950611,1148.2031310835505,1161.64697265625,5763271,0.005810285171828077,1170.8714773995537,1198.2471284412202,19.527907074170148,0
2022-12-28,RELIANCE.NS,1158.5885450524734,1163.9751864269276,1151.056351446895,1161.532958984375,7459393,0.0025413801512842345,1167.2945207868304,1194.600597563244,18.435404971767813,0
2022-12-29,RELIANCE.NS,1153.566904464591,1163.5641454874342,1152.882148696241,1161.0078125,6930648,0.006450348052298286,1162.1752057756696,1190.5127766927083,13.052089705053767,1
2022-12-30,RELIANCE.NS,1161.82959814601,1176.3917984159748,1160.003663100012,1162.7882080078125,7289476,0.0008250864527225999,1159.7427280970983,1186.6847214471727,10.566595208346568,1
2023-01-02,RELIANCE.NS,1164.066351583663,1177.3048023328713,1163.244668797144,1175.8896484375,5316175,0.010156892549769151,1159.6188267299108,1183.5055512927827,10.3364175125735,0
2023-01-03,RELIANCE.NS,1170.9366586985077,1174.565828259546,1163.0621480210025,1167.28466796875,7658932,-0.003118862751992815,1163.19580078125,1180.7796165829614,7.169736702349811,0
2023-01-04,RELIANCE.NS,1167.26185070999,1169.1107276232435,1147.6325061253483,1149.7095947265625,9264891,-0.015037119539845647,1162.837123325893,1177.0482991536458,7.841631912606124,0
2023-01-05,RELIANCE.NS,1151.969321148222,1157.858149023016,1143.0676158255733,1147.6553955078125,13637099,-0.003744826846698996,1160.8383265904017,1174.0821591331846,9.747215230635453,1
2023-01-06,RELIANCE.NS,1153.4072395784428,1163.1306272948216,1149.5955006159752,1158.0863037109375,6349597,0.004056732064734398,1160.345947265625,1171.6398983909971,9.793222847834265,1
2023-01-09,RELIANCE.NS,1161.9207528429104,1187.8041821914996,1161.0306065888913,1185.4302978515625,10722753,0.020233346337201183,1163.8348737444196,1171.3725179036458,13.656632121383034,0
2023-01-10,RELIANCE.NS,1189.6302560157692,1189.6302560157692,1162.240505708343,1167.9010009765625,8047142,-0.018265553460266613,1164.5652727399554,1170.1834542410713,13.72786162061041,0
2023-01-11,RELIANCE.NS,1165.207642347734,1167.7183330231771,1150.873534164056,1153.178955078125,11509553,-0.010323213504996286,1161.3208879743304,1168.034656343006,13.281877537035353,0
2023-01-12,RELIANCE.NS,1152.5855061360771,1156.077627831873,1125.2641003718309,1128.2769775390625,17688773,-0.021090434043810283,1155.7483607700892,1164.9065638950892,17.783004781677484,0
2023-01-13,RELIANCE.NS,1122.2513519945564,1128.8705782042637,1111.386784310048,1126.451171875,20618583,0.003742316614704268,1152.4257289341517,1162.4990931919642,20.98408508051124,0
2023-01-16,RELIANCE.NS,1128.7791493112115,1131.951774613395,1107.917221092014,1115.723388671875,13623855,-0.01156626665836559,1147.864013671875,1159.8579392206102,25.234341470793684,1
2023-01-17,RELIANCE.NS,1122.0685460066525,1133.4809401269406,1118.6905304756872,1131.563720703125,10751000,0.008462205566910382,1144.0750732421875,1157.238513764881,25.434044726684924,0
2023-01-18,RELIANCE.NS,1129.144552646858,1137.1788121810373,1123.1416187933949,1129.6922607421875,13448286,0.00048506463946137714,1136.1124965122767,1154.0408586774554,17.954275640333307,0
2023-01-19,RELIANCE.NS,1128.8705038207283,1132.6366004638107,1121.4524163802744,1128.4825439453125,11940054,-0.0003436708409890879,1130.4812883649554,1151.5964297340029,11.253663894656865,0
2023-01-20,RELIANCE.NS,1129.8291140692525,1129.8291140692525,1112.596474928504,1115.0615234375,14930286,-0.013070640902998788,1125.0359409877233,1148.6585518973213,6.768704037802604,0
2023-01-23,RELIANCE.NS,1117.960272105855,1125.811961602633,1107.004299933337,1109.4237060546875,10954118,-0.007635840256727111,1122.3426164899554,1147.0955926804315,8.730709305219227,0
2023-01-24,RELIANCE.NS,1113.851719292168,1115.51790607312,1089.8171651533376,1102.873046875,16488755,-0.009856493666988854,1118.9743129185267,1144.7457217261904,11.106434627638086,0
2023-01-25,RELIANCE.NS,1101.2753294802071,1102.302402806859,1086.461976225218,1087.6259765625,12385018,-0.01239413301317619,1114.9603969029017,1141.220912388393,16.327310312263602,0
2023-01-27,RELIANCE.NS,1088.470529311336,1089.817098907081,1055.260297818003,1066.9923095703125,25830975,-0.019732477051640933,1105.7359095982142,1136.7189767020088,22.468923913890546,1
2023-01-30,RELIANCE.NS,1064.4132886312711,1082.764407064242,1050.3987961919847,1077.218017578125,21772103,0.012029846943492649,1098.2395891462054,1132.7289864676338,21.89031335998841,0
2023-01-31,RELIANCE.NS,1087.3749062182635,1089.9541811505658,1068.6585300710096,1074.5245361328125,22691594,-0.011817791648459848,1090.5313023158483,1128.5259544735864,18.739257088728387,0
2023-02-01,RELIANCE.NS,1086.43914786492,1086.43914786492,1052.2246622437708,1068.156494140625,19347800,-0.016828051308924386,1083.8305838448662,1123.3958042689733,16.790679129773906,0
2023-02-02,RELIANCE.NS,1058.1590377354637,1071.85391093282,1054.963591472129,1062.2447509765625,13662663,0.003861152336649244,1077.0907331194196,1118.3939034598213,14.050638155119266,1
2023-02-03,RELIANCE.NS,1072.3105805967243,1072.3105805967243,1046.7467660021257,1063.1806640625,24699575,-0.008514246431424432,1071.4203927176338,1114.2734781901042,9.02049141370927,0
2023-02-06,RELIANCE.NS,1056.7896118119152,1059.528634971871,1052.5899131464937,1055.1690673828125,14837879,-0.0015334598400566846,1066.78369140625,1109.8693673270088,7.518945250688786,0
2023-02-07,RELIANCE.NS,1055.4201633910932,1062.4501695052957,1046.7466710224398,1052.635498046875,15135435,-0.00263844243345795,1064.7327183314733,1104.847900390625,9.218546939176532,1
2023-02-08,RELIANCE.NS,1055.8766387784026,1077.2863960062462,1053.137736379797,1073.6572265625,21160332,0.01683964502204412,1064.2240339006696,1099.5253731863838,8.483734210780801,1
2023-02-09,RELIANCE.NS,1074.341987106508,1082.284961068636,1065.463103759131,1075.52880859375,13172763,0.0011046961782052692,1064.3675013950892,1095.126697358631,8.692870461171811,0
2023-02-10,RELIANCE.NS,1075.00402903085,1075.00402903085,1059.6656668626474,1066.6729736328125,10790445,-0.007749789929204465,1064.1555698939733,1091.0073649088542,8.60271577868789,0
2023-02-13,RELIANCE.NS,1068.293381324993,1072.7670546240695,1056.127767130611,1060.6014404296875,10352493,-0.0072002139391384905,1063.9208112444196,1087.7847202845983,8.685573657530258,1
2023-02-14,RELIANCE.NS,1063.6143185684562,1087.329254712915,1060.738368480938,1085.5946044921875,14321920,0.020665654401226127,1067.122802734375,1085.8391694568452,11.902880519340457,1
2023-02-15,RELIANCE.NS,1084.6358877756606,1112.5735854842064,1083.2664969637603,1110.1768798828125,33503591,0.023547987296944937,1074.9810616629463,1085.5750499906994,18.83510695693588,0
2023-02-16,RELIANCE.NS,1118.165755531408,1124.716518210531,1107.027213083921,1109.3096923828125,17264487,-0.007920170247376809,1083.0773751395088,1084.5153343563989,19.7857109841124,1
2023-02-17,RELIANCE.NS,1104.7217922905263,1117.2754874405753,1100.4306882070916,1113.9429931640625,11809520,0.008347079724404625,1088.832484654018,1083.765369233631,22.289550365727216,0
2023-02-20,RELIANCE.NS,1116.1341329085612,1118.3025060122343,1100.202422672568,1102.1654052734375,8836937,-0.01251527681419642,1092.6377127511162,1082.512172154018,21.910290514080053,1
2023-02-21,RELIANCE.NS,1106.547846833629,1116.9558691842672,1101.22954869757,1111.158447265625,13311592,0.004166652571950918,1098.9927804129463,1082.3263113839287,19.435820525679606,0
2023-02-22,RELIANCE.NS,1107.4380609994969,1109.2868172204337,1084.2023673241313,1085.9598388671875,11024335,-0.01939451323618463,1102.6154087611608,1081.208984375,12.045782412796045,0
2023-02-23,RELIANCE.NS,1085.5490279902117,1093.1953270218976,1077.9483712962124,1080.7557373046875,9851910,-0.004415545094631524,1101.9241420200892,1080.1557791573662,13.262715621179225,1
2023-02-24,RELIANCE.NS,1082.810002251087,1093.8344379808216,1080.9840672539892,1088.1510009765625,9434053,0.004932535453469985,1098.777587890625,1080.1807803199404,13.58727263309392,0
2023-02-27,RELIANCE.NS,1087.3750050988056,1090.8672478016565,1073.543202799622,1080.91552734375,11199715,-0.005940432440295619,1094.7212785993304,1080.8437906901042,14.14588474972783,0
2023-02-28,RELIANCE.NS,1075.5516247048563,1080.5274845520237,1056.1734344203933,1060.2362060546875,21994038,-0.014239594175102028,1087.0488804408483,1080.035132998512,16.372346579933467,1
2023-03-01,RELIANCE.NS,1070.0279421357468,1070.712697848546,1060.5555887311154,1069.9822998046875,11551145,-4.265527026163195e-05,1082.4512939453125,1079.818836030506,15.932757847223149,0
2023-03-02,RELIANCE.NS,1066.8326656493814,1073.5203549354069,1059.802538079039,1061.833984375,9333535,-0.0046855345128926085,1075.4049421037946,1079.5177641369048,11.376378436262982,1
2023-03-03,RELIANCE.NS,1072.3789987479977,1092.6018137297042,1068.909698230002,1088.927001953125,14643807,0.015431114582108664,1075.828822544643,1080.7883475167412,11.879355007999353,1
2023-03-06,RELIANCE.NS,1095.5918675399987,1106.8216933590495,1095.5918675399987,1099.5633544921875,10171916,0.0036249693611784717,1078.515625,1082.5208565848213,14.917750154955078,1
2023-03-08,RELIANCE.NS,1099.5632986303583,1104.265304210858,1088.7443751303776,1103.5120849609375,15782657,0.0035912314784404833,1080.7100655691963,1084.8229050409227,17.48098573021971,0
2023-03-09,RELIANCE.NS,1102.8958764013148,1103.3066574341256,1075.095225544964,1076.9896240234375,16235128,-0.023489300243290333,1080.1492222377233,1085.9826253255208,17.53618557278192,0
2023-03-10,RELIANCE.NS,1068.887018825526,1070.0281981219273,1056.8125666742676,1060.3048095703125,13334091,-0.008029107945050577,1080.1590227399554,1085.3467959449404,17.523216290196313,0
2023-03-13,RELIANCE.NS,1063.1805534779228,1070.027990166369,1038.5297089513683,1042.866455078125,12771592,-0.0191069130575662,1076.2853306361608,1083.7914457775298,22.451837840230205,0
2023-03-14,RELIANCE.NS,1040.812257084253,1052.2018311560978,1035.8136967949142,1038.9635009765625,16027522,-0.0017762628131124617,1073.0181187220983,1082.471947079613,26.2483808356639,0
2023-03-15,RELIANCE.NS,1042.6840329673732,1049.1662111592916,1016.800600298463,1021.205810546875,21728555,-0.02059897508871733,1063.3436628069196,1080.5959647042412,31.38503361733353,0
2023-03-16,RELIANCE.NS,1023.921951504309,1028.943333036388,1005.2968594074098,1016.1157836914062,18363159,-0.007623791834362239,1051.4225812639509,1077.2874494280134,31.18210815746151,0
2023-03-17,RELIANCE.NS,1024.720781814394,1028.007512952856,1010.0900587449328,1014.837646484375,34014213,-0.009644710544973777,1038.7548043387276,1072.7474859328497,23.578861531389396,0
2023-03-20,RELIANCE.NS,1011.140068022912,1013.422547157944,995.1626537042278,1004.8632202148438,19524589,-0.0062076936782274285,1028.4510323660713,1067.7738444010417,19.490768270949513,1
2023-03-21,RELIANCE.NS,1012.943003930346,1038.0732119172071,1012.0528577510236,1036.1102294921875,21400360,0.022871203485240313,1024.994663783482,1064.0675223214287,14.374254060294756,1
2023-03-22,RELIANCE.NS,1043.0946916431246,1046.0391051865406,1036.247254791225,1039.2601318359375,10920094,-0.0036761377829914762,1024.4794747488838,1061.072033110119,13.674549323628924,0
2023-03-23,RELIANCE.NS,1035.3343603002547,1036.2016854580306,1023.9447859117854,1026.1131591796875,16249370,-0.008906495789334194,1022.6437116350446,1057.0222574869792,12.187777489563006,0
2023-03-24,RELIANCE.NS,1024.9489888672188,1027.117362031003,1003.3795441878092,1005.7989501953124,12375945,-0.0186838943985604,1020.4427315848214,1053.2050723121279,13.778121285588652,1
2023-03-27,RELIANCE.NS,1012.28122236079,1028.9432703448797,1004.3838307288752,1021.4338989257812,14054323,0.009041634244331654,1021.2024623325893,1050.3802228655134,13.645752427795246,1
2023-03-28,RELIANCE.NS,1024.8349561252708,1030.0846702786253,1021.1829653124684,1026.2044677734375,12576424,0.0013363240978280344,1022.8262939453125,1047.430387951079,13.436832028838552,0
2023-03-29,RELIANCE.NS,1022.0959186617868,1024.7436572444662,1009.359714078918,1020.133056640625,18804065,-0.0019204283916246306,1025.0076991489955,1044.5359845842634,11.06467757115603,1
2023-03-31,RELIANCE.NS,1029.3999027039445,1069.7770709600843,1029.2629756900762,1064.116455078125,28171201,0.033725039494359677,1029.008588518415,1044.7207583472841,18.38813629581252,1
2023-04-03,RELIANCE.NS,1070.4846960590223,1072.3106311531849,1056.7896998650788,1064.299072265625,10293043,-0.005778339303840244,1032.5855800083705,1044.4501284644716,22.65502653749216,0
2023-04-05,RELIANCE.NS,1071.8540232011114,1071.8540232011114,1053.8453439607506,1061.74267578125,16262928,-0.009433511654566271,1037.6755109514509,1044.445780436198,24.85422025858951,1
2023-04-06,RELIANCE.NS,1058.2276581630158,1074.5930932267388,1058.2276581630158,1068.864013671875,18435046,0.010051103301649584,1046.684805733817,1043.4904000418526,22.711338640086353,0
2023-04-10,RELIANCE.NS,1072.7671126043012,1072.9496819536614,1059.779694186431,1061.2861328125,12961408,-0.010702210812493557,1052.3779820033483,1041.6676751999628,20.1805768109132,1
2023-04-11,RELIANCE.NS,1065.4631729553812,1068.6586196822263,1060.9210357303307,1066.535888671875,10542367,0.0010068069396695384,1058.139613560268,1039.9069039481026,16.963454685659645,1
2023-04-12,RELIANCE.NS,1066.535787256919,1080.8925957399235,1063.6599579243734,1071.23779296875,18179087,0.004408671296369951,1065.4402901785713,1039.6330072312128,3.6632760968391844,1
2023-04-13,RELIANCE.NS,1074.1365320735108,1079.9797173840186,1069.1151503508545,1075.27783203125,12378208,0.0010625278292472093,1067.0347726004463,1040.3460083007812,5.127468861345428,1
2023-04-17,RELIANCE.NS,1106.9814803229494,1106.9814803229494,1072.333391852291,1080.73291015625,17929479,-0.023711842188219544,1069.3824637276787,1042.149172828311,7.063037145567567,0
2023-04-18,RELIANCE.NS,1085.0923881243807,1085.0923881243807,1061.8110548039576,1068.36181640625,10405576,-0.015418568871402803,1070.3280552455358,1043.549092610677,6.2681113606339665,1
2023-04-19,RELIANCE.NS,1067.768405195298,1076.3733137885806,1064.64142217666,1073.6800537109375,12273475,0.005536451993593256,1071.0160609654017,1046.04786609468,6.344477034719866,0
2023-04-20,RELIANCE.NS,1074.638679040759,1076.8755157885284,1064.595795217696,1070.9638671875,7007330,-0.003419578994252391,1072.3985944475446,1048.659679594494,4.71638568520491,1
2023-04-21,RELIANCE.NS,1073.0637661728558,1077.7884724738817,1066.558646510675,1072.310546875,7647317,-0.0007019334000459467,1073.2235456194196,1051.396484375,3.9652319373263194,1
2023-04-24,RELIANCE.NS,1084.1794719407253,1086.8727319946267,1071.8539885727766,1076.4190673828125,12936186,-0.0071578597075089125,1073.9637276785713,1054.8039056687128,4.01603961813552,1
2023-04-25,RELIANCE.NS,1080.0709122812248,1086.735779878646,1072.9952636709509,1084.65869140625,9236126,0.004247664734656503,1075.3038504464287,1057.11573718843,5.727933323383143,0
2023-04-26,RELIANCE.NS,1086.0054116702795,1089.2466212621475,1074.6158376300252,1078.2906494140625,8617834,-0.00710379724936331,1074.9549560546875,1058.974333263579,5.4075488687400455,1
2023-04-27,RELIANCE.NS,1084.1794457664448,1088.2878596252956,1079.1579437194785,1085.115234375,9167125,0.0008631307411418811,1077.3483014787946,1061.783955891927,5.702551439131232,1
2023-04-28,RELIANCE.NS,1087.3748753991613,1106.5021527689444,1087.2607695641375,1104.949951171875,15565210,0.016162848866875034,1081.8154296875,1066.5054321289062,11.574562198759287,1
2023-05-02,RELIANCE.NS,1112.1170391794085,1116.4994278601828,1108.4194062766874,1114.3310546875,12981805,0.001990811605337105,1088.0107421875,1070.9291062127977,15.677261252093265,0
2023-05-03,RELIANCE.NS,1116.1342091904096,1116.1342091904096,1101.549188303151,1104.7674560546875,7061872,-0.010184037942862616,1092.6474434988838,1074.670200892857,15.046912505104004,1
2023-05-04,RELIANCE.NS,1105.2467632974383,1119.717677582049,1102.2567073883076,1117.503662109375,8635233,0.011089739611965906,1098.5166713169642,1079.306896391369,15.662024249766706,0
2023-05-05,RELIANCE.NS,1114.3083172243437,1123.5979821409155,1112.0258380416835,1114.650634765625,8746585,0.00030720181837465293,1102.801234654018,1081.7132859002977,15.338148573812525,1
2023-05-08,RELIANCE.NS,1118.4167001177036,1133.7778823916174,1115.746261129747,1128.4140625,9153782,0.0089388529170248,1109.9617222377233,1084.766380673363,13.588554586134302,1
2023-05-09,RELIANCE.NS,1129.8290394334551,1135.2158009724574,1124.4652198090143,1131.9061279296875,6464721,0.0018384095502394814,1116.6461356026787,1088.1074974423364,10.482781137561084,1
2023-05-10,RELIANCE.NS,1136.6766978121202,1141.173192717246,1132.659447469911,1139.6895751953125,10872255,0.0026506018720991536,1121.6089390345983,1091.4801432291667,12.118344599276933,0
2023-05-11,RELIANCE.NS,1140.762158669685,1145.5781493917782,1130.5365853892238,1132.24853515625,10557860,-0.007463101268509227,1124.1685791015625,1094.8593052455358,12.216769616093488,1
2023-05-12,RELIANCE.NS,1127.4553650769165,1135.4897449397138,1121.3839680276494,1134.097412109375,6955341,0.005891184022176719,1128.3585728236608,1098.0765206473213,9.080956050941076,1
2023-05-15,RELIANCE.NS,1136.631024460071,1143.318592964205,1128.9846046154787,1136.334228515625,6833343,-0.00026111898941619043,1131.0486537388392,1101.1763509114583,8.061315304019828,0
2023-05-16,RELIANCE.NS,1138.5026071786638,1141.0589403639667,1118.485181669263,1120.1514892578125,8717229,-0.01611864373883814,1131.8344900948662,1103.3131917317708,6.264173563693115,0
2023-05-17,RELIANCE.NS,1124.3510275803587,1125.2639949628326,1108.8302198375738,1113.5321044921875,8798967,-0.00962237132602077,1129.70849609375,1104.8750581287202,9.37263981832553,0
2023-05-18,RELIANCE.NS,1118.21139175125,1121.6123498838558,1107.9858169299096,1111.1357421875,10525531,-0.006327649329943467,1126.7412981305804,1106.9119117373511,11.587105035999365,1
2023-05-19,RELIANCE.NS,1111.1357155261294,1116.5679991928369,1104.1968724046772,1114.741943359375,8050447,0.0032455331809202455,1123.1773507254463,1108.8672398158483,10.746942254473568,1
2023-05-22,RELIANCE.NS,1111.5693019532655,1125.7207212869755,1110.3596592183865,1120.69921875,7434906,0.008213538085921665,1121.5274483816963,1111.2355898902529,9.981483806100085,0
2023-05-23,RELIANCE.NS,1123.2784399572938,1126.6336347127256,1119.0786204739588,1120.4937744140625,6092034,-0.0024790518932573686,1119.5840715680804,1113.530029296875,8.31071209852012,0
2023-05-24,RELIANCE.NS,1116.545095308795,1124.8076864197674,1110.861658447196,1113.9658203125,8112254,-0.002310049998994144,1116.3885846819196,1115.3179699125744,3.956569385907714,0
2023-05-25,RELIANCE.NS,1111.0672556833676,1117.9603357408223,1102.9187697829475,1113.8289794921875,11487863,0.0024856495362391355,1115.4853690011162,1116.70703125,3.665337313961177,1
2023-05-26,RELIANCE.NS,1122.0687058844728,1145.3500415058625,1118.7591533794464,1144.2088623046875,12626260,0.019731551467485817,1119.8677629743304,1119.8459937686011,11.309246751470779,1
2023-05-29,RELIANCE.NS,1150.8279550929285,1154.9364899661489,1144.5283465169668,1150.6453857421875,10010304,-0.00015864174130725107,1125.511997767857,1122.9664771670386,15.359071933234251,0
2023-05-30,RELIANCE.NS,1150.645307987406,1158.451475420254,1147.7921790871794,1150.3486328125,11342504,-0.00025783373281643824,1130.598667689732,1125.1283191499256,17.005643357534517,0
2023-05-31,RELIANCE.NS,1141.241490829393,1145.7379850828545,1123.438083146388,1127.5008544921875,27107927,-0.012040077799151372,1131.5703299386162,1125.7554524739583,16.533500842416498,0
2023-06-01,RELIANCE.NS,1132.1800927726736,1134.3484659204855,1122.068625138698,1124.4652099609375,14592692,-0.006814183415681294,1132.1376778738838,1126.6934407552083,16.153840423091573,0
2023-06-02,RELIANCE.NS,1128.003101699598,1133.412563645759,1118.8731857024295,1120.7904052734375,15800644,-0.006394216837961522,1133.1126185825892,1126.8499523344494,15.041996681665548,1
2023-06-05,RELIANCE.NS,1126.268543700321,1133.8235582589482,1122.274114564264,1130.8563232421875,10908682,0.004073433079106897,1135.5450962611608,1127.6216517857142,12.578973749372636,1
2023-06-06,RELIANCE.NS,1133.6865172838243,1135.6265579862757,1123.8946668621782,1131.8148193359375,7493309,-0.0016509836884813175,1133.7745186941963,1127.7835925874256,12.015913011238165,1
2023-06-07,RELIANCE.NS,1135.3071289198083,1141.241598708449,1128.733545665894,1140.3970947265625,10312545,0.004483338188492723,1132.3104771205358,1128.1879243396577,10.0872975172531,1
2023-06-08,RELIANCE.NS,1143.9805586437908,1148.9335976883085,1137.133121023714,1141.081787109375,12071109,-0.002533934263579047,1130.9866420200892,1128.2542201450892,7.635601588938858,0
2023-06-09,RELIANCE.NS,1144.4369244051345,1145.144501301207,1131.1984746215855,1133.001708984375,5877018,-0.009992001461070824,1131.7724783761162,1128.2900855654761,7.498905236563277,1
2023-06-12,RELIANCE.NS,1130.0574375493186,1136.311403822295,1125.2641468372988,1134.006103515625,6391969,0.003494217050479859,1133.135463169643,1128.2857375372023,6.782210741127766,1
2023-06-13,RELIANCE.NS,1138.959165682283,1151.946463788879,1134.9647365494957,1150.759521484375,11248016,0.010360648702469685,1137.4167654854912,1128.97265625,7.140149690365856,1
2023-06-14,RELIANCE.NS,1150.8278129732469,1166.3487415549168,1149.0018781974788,1164.9107666015625,13277380,0.01223723781225908,1142.2816859654017,1131.1040504092261,11.92405804537462,1
2023-06-15,RELIANCE.NS,1164.888030487722,1169.7954267696327,1157.4471223513988,1165.23046875,11813494,0.00029396667603714976,1147.0553501674108,1133.5658772786458,13.605606727115735,1
2023-06-16,RELIANCE.NS,1168.72265257123,1178.856942021871,1168.72265257123,1176.574462890625,24171579,0.006718283676731042,1152.2235456194196,1136.6820068359375,17.08190635007628,0
2023-06-19,RELIANCE.NS,1179.5873088461865,1179.5873088461865,1160.7111839901809,1164.8880615234375,6798554,-0.012461347466621236,1155.6244419642858,1139.0699172247023,16.862372589407137,1
2023-06-20,RELIANCE.NS,1162.9480481347905,1170.457299404325,1157.2189687814275,1167.3074951171875,6921096,0.0037486171367577077,1160.5252685546875,1141.2893589564733,13.920109139136086,1
2023-06-21,RELIANCE.NS,1167.2617442064677,1173.127750027222,1163.1533304634168,1170.59423828125,6961603,0.0028549672696142354,1165.7521449497767,1143.6750953311011,7.8474306804978315,0
2023-06-22,RELIANCE.NS,1166.8053921892115,1174.702723824018,1155.8494202932393,1157.4471435546875,7619166,-0.008020402285736469,1166.70751953125,1145.7456345331102,5.877898084802399,0
2023-06-23,RELIANCE.NS,1154.4343325060674,1156.4885999942844,1146.719569774206,1147.9749755859375,6628570,-0.005595257121388496,1164.288120814732,1147.3716343470983,9.25566102355986,0
2023-06-26,RELIANCE.NS,1144.436975506937,1148.2715353178476,1136.0831001245697,1139.2100830078125,12641159,-0.004567217427424668,1160.5709228515625,1147.1335972377233,13.199119930452097,1
2023-06-27,RELIANCE.NS,1139.666736088607,1145.578264166708,1135.1474200849475,1139.62109375,9689466,-4.004884687923251e-05,1155.2918701171875,1146.608630952381,13.121254150089271,1
2023-06-28,RELIANCE.NS,1147.1760589375283,1158.519990797568,1140.2600374666351,1154.708251953125,11354006,0.006565856179541212,1153.837611607143,1146.8162318638392,12.42613850441346,1
2023-06-30,RELIANCE.NS,1162.423070452648,1167.1021346662303,1156.511421596289,1164.1805419921875,11151555,0.0015119035265319344,1153.390904017857,1148.5628836495537,11.906546674474473,1
2023-07-03,RELIANCE.NS,1167.7413136446191,1196.934300105854,1166.5087289327182,1194.058349609375,12154387,0.022536700258226003,1156.742919921875,1151.8768426804315,18.84068942954814,0
2023-07-04,RELIANCE.NS,1198.3036177471888,1198.3036177471888,1174.6798459927943,1181.755615234375,8061643,-0.013809523953473544,1160.2155587332588,1154.7799479166667,21.09721120098863,0
2023-07-05,RELIANCE.NS,1190.9997357239995,1190.9997357239995,1175.8440646341217,1179.8155517578125,10248062,-0.009390584758936334,1164.7642124720983,1157.111339750744,21.44780492917528,1
2023-07-06,RELIANCE.NS,1175.958111582341,1207.1824197013011,1175.958111582341,1204.5804443359375,19117987,0.02433958528937992,1174.1028355189733,1160.5763695126489,22.663846547441306,0
2023-07-07,RELIANCE.NS,1202.8686056265724,1216.5406584496827,1199.6730384312104,1202.2294921875,13375267,-0.0005313243990930131,1183.0468924386162,1163.5207693917412,18.815086422912767,1
2023-07-10,RELIANCE.NS,1227.4736968882496,1258.1046546175523,1221.1284462814797,1248.541015625,33240016,0.017163152897009395,1196.4515729631696,1168.6378755115327,26.93401897922588,1
2023-07-11,RELIANCE.NS,1256.6894093813987,1264.495455649915,1249.7050458386786,1262.0760498046875,20069348,0.004286373691921489,1210.4366455078125,1174.7842726934523,32.271569046866446,1
2023-07-12,RELIANCE.NS,1262.806571231475,1279.103541836806,1260.683840337917,1263.468505859375,18733835,0.0005241773704539706,1220.3523821149554,1180.9491489955358,36.75278180186986,0
2023-07-13,RELIANCE.NS,1270.8408996155135,1277.733978890264,1249.545369524751,1252.170166015625,14682934,-0.014691637328903462,1230.4116036551338,1185.7782273065477,33.9581782339447,0
2023-07-14,RELIANCE.NS,1255.3657025022662,1260.341562579208,1243.9989491216202,1251.120361328125,15124144,-0.0033817565396913234,1240.5980050223213,1189.8834461030506,26.017622171899067,1
2023-07-17,RELIANCE.NS,1253.9962192785829,1285.0607786645128,1245.3227267228626,1276.68408203125,22220040,0.01809244908706289,1250.8985246930804,1195.1907610212054,23.53626747015894,1
2023-07-18,RELIANCE.NS,1285.9509768018002,1295.286283587151,1274.995004828538,1287.52587890625,25867313,0.001224698400530538,1263.0837227957588,1200.4741617838542,14.47567097223318,1
2023-07-19,RELIANCE.NS,1291.8854597114334,1303.7543992835303,1276.8210735612868,1297.294921875,39122156,0.004187261434752012,1270.0485665457588,1206.7792503720239,17.685317695429692,0
2023-07-20,RELIANCE.NS,1276.014839753512,1301.213635792283,1276.014839753512,1295.723876953125,38717624,0.015445774285368202,1274.8553989955358,1212.8943161737352,19.623726480360308,0
2023-07-21,RELIANCE.NS,1290.3576048302098,1293.2755748788927,1248.1205739980844,1255.6134033203125,30249238,-0.026926025297048597,1273.7332414899554,1216.942847842262,20.5844692501233,0
2023-07-24,RELIANCE.NS,1227.0515368964086,1243.8424839995955,1221.2649818512405,1230.216796875,23727866,0.002579565636336116,1270.5970458984375,1220.4080694289435,25.502244719346695,0
2023-07-25,RELIANCE.NS,1233.4810641733905,1239.0203294862108,1226.556952345633,1229.425537109375,12026020,-0.003287871360014137,1267.4977852957588,1224.2866675967261,29.299319942295323,1
2023-07-26,RELIANCE.NS,1229.0298463901022,1259.693770122974,1229.0298463901022,1249.406494140625,12911012,0.01657945721202211,1263.6009870256696,1229.5341157459077,29.685328601653513,0
2023-07-27,RELIANCE.NS,1253.2889256301971,1255.06933898356,1231.6758304667376,1237.7838134765625,17226898,-0.012371538466948568,1256.4949776785713,1234.208530970982,28.948145656814532,1
2023-07-28,RELIANCE.NS,1242.4081558253793,1257.6412248805652,1236.7204929547063,1250.2225341796875,20827852,0.006289703039752549,1249.7703508649554,1238.7568301246279,22.679413140361287,1
2023-07-31,RELIANCE.NS,1250.222567835286,1263.1062644351005,1245.3261593927457,1260.8065185546875,8551174,0.008465653229830204,1244.7821568080358,1243.3580671037946,12.396441425133554,0
2023-08-01,RELIANCE.NS,1263.650247759219,1265.628565172541,1239.0696780480796,1242.976806640625,9536632,-0.016360097388698595,1242.9769287109375,1245.6875174386162,11.439420213163624,0
2023-08-02,RELIANCE.NS,1240.998576334311,1242.383422770223,1218.4458286875906,1229.697509765625,12748214,-0.009106429921996726,1242.9027448381696,1247.9704647972471,11.53722590288921,0
2023-08-03,RELIANCE.NS,1224.2323775511124,1236.893537376658,1215.700883147937,1224.529052734375,10168350,0.00024233567801564218,1242.2032470703125,1250.0996791294642,12.59085542947142,1
2023-08-04,RELIANCE.NS,1235.8550243989196,1244.3617658987637,1222.4024889169664,1241.1717529296875,22885610,0.00430206490713085,1241.02685546875,1251.8421223958333,12.183785496030541,1
2023-08-07,RELIANCE.NS,1246.8346631113916,1250.4945023600335,1238.92139273861,1248.2442626953125,5982870,0.0011305425054540493,1242.521205357143,1254.0333019438244,12.359947739021482,0
2023-08-08,RELIANCE.NS,1250.2967221809697,1253.4867351589849,1236.2259624118224,1240.7265625,9844072,-0.007654310781744584,1241.1646379743304,1253.6611851283483,11.885833308123821,1
2023-08-09,RELIANCE.NS,1238.8472469851745,1250.7912910864598,1227.1009863432985,1248.911865234375,11486586,0.008124180179351011,1239.4654017857142,1253.0343191964287,9.143690289701654,1
2023-08-10,RELIANCE.NS,1248.788167272386,1261.177404750792,1240.6276075945868,1254.475830078125,15470598,0.004554545722644019,1241.108119419643,1252.6060965401787,10.768285050528844,1
2023-08-11,RELIANCE.NS,1252.4975295128647,1265.55449762201,1242.5565564009414,1259.767822265625,22179330,0.005804636401628603,1245.4038783482142,1252.9678896949404,11.434913363567581,1
2023-08-14,RELIANCE.NS,1255.73712271286,1277.1524353275731,1248.8130109688743,1274.65478515625,9575812,0.015064986215045473,1252.564697265625,1254.0885765438989,11.870547400339401,0
2023-08-16,RELIANCE.NS,1261.672044700447,1277.3996937112483,1261.672044700447,1273.6160888671875,10203112,0.009466837453449551,1257.1996023995537,1253.9424816313244,12.964341235475489,0
2023-08-17,RELIANCE.NS,1269.6348629683328,1275.0752365265755,1252.695518025622,1255.2425537109375,13673744,-0.011335786120228983,1258.1993582589287,1252.4051804315477,12.416925343537224,1
2023-08-18,RELIANCE.NS,1251.9041214413387,1274.827925208279,1240.6771930744892,1264.5406494140625,18639978,0.010093846450617278,1261.6013706752233,1250.8454531715029,9.823252791534998,0
2023-08-21,RELIANCE.NS,1260.6443643964944,1268.3374245054663,1248.5836072167706,1250.74267578125,9221746,-0.007854466251459151,1261.8629150390625,1248.7034912109375,9.446221826085548,0
2023-08-22,RELIANCE.NS,1249.204008079304,1259.6517042081298,1240.319812990251,1250.44482421875,7713044,0.0009932854292981305,1261.2870570591517,1248.4573683965773,10.073638266909871,1
2023-08-23,RELIANCE.NS,1252.8272476636505,1262.0838090060652,1249.228880766707,1251.8345947265625,9517952,-0.0007923302585724861,1260.1537388392858,1249.4867873418898,10.699838208076756,0
2023-08-24,RELIANCE.NS,1260.6195534341234,1260.6195534341234,1226.4227081001463,1230.7904052734375,14140020,-0.02366229214787815,1253.8873988560267,1249.551781063988,13.316500556240946,0
2023-08-25,RELIANCE.NS,1218.9778633049934,1243.2978613921046,1212.32713678729,1225.1075439453125,22222400,0.005028541390981268,1246.9576067243304,1248.3946881975446,13.945607603542639,0
2023-08-28,RELIANCE.NS,1226.9189266304347,1232.87484375,1206.6192242506277,1212.897705078125,12580826,-0.011427993527508045,1240.9083426339287,1247.2096354166667,18.267280448579463,0
2023-08-29,RELIANCE.NS,1217.0173382536789,1217.7121468384466,1195.228533637356,1201.2838134765625,16876644,-0.01292793806840312,1231.8716517857142,1244.8792201450892,20.174844595484196,0
2023-08-30,RELIANCE.NS,1207.066064519438,1212.525656094156,1198.628513903965,1200.142333984375,12168946,-0.005735999659487975,1224.643031529018,1241.9904494512648,21.319042866653916,0
2023-08-31,RELIANCE.NS,1202.599060591098,1203.5917135507275,1191.133870437995,1194.6578369140625,21638600,-0.006603384234419865,1216.6734619140625,1239.6895461309523,20.476778081772537,1
2023-09-01,RELIANCE.NS,1194.4343955405525,1203.9141576589248,1192.0023233270636,1197.4619140625,18112842,0.00253468799395833,1208.9059361049108,1238.154517764137,14.295848776741638,0
2023-09-04,RELIANCE.NS,1197.4619529612137,1202.921543874001,1193.8140262826475,1196.494140625,9347626,-0.0008082196965175986,1204.0064697265625,1236.8195219494048,11.055293107706524,1
2023-09-05,RELIANCE.NS,1201.1101487589583,1208.033879307401,1197.362859390741,1202.89697265625,8675876,0.001487643659607676,1200.833530970982,1234.9969133649554,6.039038310871489,1
2023-09-06,RELIANCE.NS,1201.6560920331103,1209.125708635972,1199.745186611218,1205.4281005859375,8200370,0.0031390083883694408,1199.7664446149554,1232.9580485026042,3.7950617549156247,1
2023-09-07,RELIANCE.NS,1201.9537313347682,1210.1679582595823,1196.6430625915527,1207.06591796875,13652572,0.0042532308030731655,1200.5924595424108,1231.3551606677827,4.701396258908229,1
2023-09-08,RELIANCE.NS,1211.0365924741222,1218.9778160313297,1202.5742018862825,1215.1064453125,23109288,0.003360635726178292,1202.730189732143,1229.7453787667412,7.200494173635363,1
2023-09-11,RELIANCE.NS,1216.9924464989117,1229.326207160582,1216.9924464989117,1228.20947265625,13271074,0.009217005569432946,1207.5232805524554,1228.4945998418898,11.062682308042497,0
2023-09-12,RELIANCE.NS,1232.3785847782628,1232.3785847782628,1209.026400892418,1210.4658203125,16255666,-0.01778087085934354,1209.3809814453125,1226.1468854631696,10.145341422175207,1
2023-09-13,RELIANCE.NS,1211.0365644667,1222.278310335504,1204.2120756300535,1216.52099609375,12803338,0.004528708536116936,1212.2419607979912,1223.3786097935267,8.613752940227227,1
2023-09-14,RELIANCE.NS,1220.9630582690309,1223.8417758931353,1213.5181615722684,1217.6376953125,9209636,-0.0027235573869411303,1214.3477783203125,1220.7129720052083,7.7019944799186195,1
2023-09-15,RELIANCE.NS,1224.9336610195687,1224.9336610195687,1215.7516218263509,1219.89599609375,25468592,-0.0041126022462519615,1216.4146205357142,1219.0298025948662,6.797591806232681,0
2023-09-18,RELIANCE.NS,1211.061482045193,1216.4962329024152,1207.0908701058952,1209.274658203125,7516300,-0.0014754195955853293,1216.7301548549108,1216.3980887276787,6.326233941085609,0
2023-09-20,RELIANCE.NS,1202.623922773179,1204.882232531632,1168.8488809798134,1182.3240966796875,57081884,-0.016879612744340942,1212.0469621930804,1213.1400611514136,14.535827961672856,0
2023-09-21,RELIANCE.NS,1178.7504333612094,1186.269851496792,1171.330377450607,1173.7127685546875,12226182,-0.004273733153299445,1204.26171875,1209.4861537388392,18.492139394644404,0
2023-09-22,RELIANCE.NS,1179.2716708437545,1182.4729522811776,1166.367182863141,1168.823974609375,19176786,-0.008859448159985277,1198.3128836495537,1205.5332670665923,22.440208245313766,0
2023-09-25,RELIANCE.NS,1166.5657437194718,1171.6779308453931,1158.9720452955405,1161.6273193359375,14254884,-0.004233301389245895,1190.4709298270088,1202.2397867838542,24.51257931655322,1
2023-09-26,RELIANCE.NS,1160.684310036077,1166.4664650387544,1159.2201711598177,1162.644775390625,10087782,0.0016890599257665864,1182.6147984095983,1199.265369233631,23.128011106096732,1
2023-09-27,RELIANCE.NS,1163.1411580463557,1177.1872222950064,1160.6595255350553,1175.747802734375,11722778,0.010838447767761704,1176.3079136439733,1197.496326264881,16.26990958309801,0
2023-09-28,RELIANCE.NS,1182.7460248832851,1182.7460248832851,1153.959088482433,1158.4757080078125,14518346,-0.020520311516470893,1169.0509207589287,1195.4578450520833,8.667885535508331,1
2023-09-29,RELIANCE.NS,1162.2973995824232,1175.847137006539,1158.475709840611,1163.8856201171875,12342014,0.0013664493573976246,1166.4168526785713,1193.7313348679315,6.49009973051964,0
2023-10-03,RELIANCE.NS,1156.4158809171215,1159.2201982891547,1149.492150617653,1150.5592041015625,8859056,-0.00506450742523031,1163.1092006138392,1191.6313999720983,7.899146174575419,0
2023-10-04,RELIANCE.NS,1146.0178196869251,1150.981084388904,1139.1189302205564,1148.5738525390625,10286386,0.0022303604780208805,1160.2163260323662,1189.3033970424108,9.077588704696801,0
2023-10-05,RELIANCE.NS,1151.1052273242312,1156.1428927957072,1146.017880733707,1148.5491943359375,10953682,-0.0022205033281234333,1158.3480224609375,1187.0203043619792,10.034215236079865,1
2023-10-06,RELIANCE.NS,1150.0132553057874,1153.8597853939605,1147.5316229908371,1150.4847412109375,5431026,0.0004099830179998296,1156.610874720982,1184.5244838169642,10.217290759693395,0
2023-10-09,RELIANCE.NS,1145.5711149238573,1147.4818990309532,1139.0691900320726,1140.6822509765625,7576878,-0.004267621523976486,1151.6015101841517,1181.4413481212798,7.507785869463823,1
2023-10-10,RELIANCE.NS,1144.8018394410435,1150.435072150941,1143.4121010954177,1145.719970703125,10236032,0.00080200016321582,1149.779261997768,1178.5201125372023,7.098061751268872,1
2023-10-11,RELIANCE.NS,1148.722762099973,1166.2182699823193,1148.0031129607796,1163.910400390625,9814118,0.01322132614738797,1149.7828020368304,1176.0822056361608,7.106271044068348,1
2023-10-12,RELIANCE.NS,1163.3148210249558,1171.0078811502246,1160.485663265934,1166.0693359375,12554450,0.0023678155412111945,1151.99853515625,1173.1231515066963,9.427588967551864,0
2023-10-13,RELIANCE.NS,1161.4039150831682,1170.0896281233202,1156.0187245288932,1166.019775390625,10150316,0.0039743798410790615,1154.4908098493304,1171.0066731770833,10.603956000064262,0
2023-10-16,RELIANCE.NS,1163.885548402189,1168.6254903286665,1159.418610263332,1163.4140625,5929036,-0.00040509644856081894,1156.6143624441963,1168.477771577381,10.703726848659677,1
2023-10-17,RELIANCE.NS,1169.3451452373686,1171.18152891328,1162.0491704758838,1168.972900390625,7928180,-0.0003183361629880515,1159.2555280412946,1166.160400390625,11.208252349907866,0
2023-10-18,RELIANCE.NS,1168.9729714451066,1174.8048077319042,1151.9737890772074,1153.4627685546875,8918320,-0.013268230548774036,1161.0813162667412,1162.9969133649554,8.356678441745244,0
2023-10-19,RELIANCE.NS,1147.5068298823098,1152.37085365543,1142.0472385636656,1144.603271484375,12032556,-0.002530319055471438,1160.9217878069196,1159.9173235212054,8.702311230268725,0
2023-10-20,RELIANCE.NS,1141.5508934053469,1148.846868358942,1139.7145096810816,1141.104248046875,8913312,-0.00039126188858692654,1157.6637660435267,1157.9544735863096,11.283331812760485,0
2023-10-23,RELIANCE.NS,1136.5875839948085,1144.6528889030683,1119.340239652529,1123.2860107421875,7853962,-0.011703078090884495,1151.5518624441963,1155.553199404762,16.3990363326883,0
2023-10-25,RELIANCE.NS,1116.7594889591046,1132.2200112886635,1113.2603628260954,1120.680419921875,11620688,0.0035109896101487097,1145.0748116629463,1153.2606491815477,18.54557677034446,0
2023-10-26,RELIANCE.NS,1117.2307983645155,1120.7050833883056,1101.993601137725,1105.07080078125,15222534,-0.010884051532652178,1136.7400599888392,1150.5674816313244,21.761382743842013,1
2023-10-27,RELIANCE.NS,1111.7712909465938,1128.3982276638756,1109.761144511754,1124.5765380859375,11771084,0.011517878941127305,1130.3977225167412,1148.7547084263392,16.677156162395512,1
2023-10-30,RELIANCE.NS,1128.6464350717906,1153.9590859902871,1126.6362885582769,1147.7550048828125,16813304,0.01693051890941066,1129.5823277064733,1147.4217180524554,15.456336605182575,0
2023-10-31,RELIANCE.NS,1155.448028104718,1155.448028104718,1133.0636557231696,1135.5452880859375,12808438,-0.017225127859214127,1128.288330078125,1146.3297932942708,14.327114055694341,1
2023-11-01,RELIANCE.NS,1136.1656826268284,1150.236586425296,1129.2419526519689,1140.2603759765625,10309190,0.003603957954677142,1128.1677769252233,1145.2047816685267,14.204327868429694,1
2023-11-02,RELIANCE.NS,1148.4746196953226,1153.6116471680004,1145.4966608528323,1151.57666015625,10562104,0.002701009153994445,1132.2092982700892,1145.2532319568452,16.433626556312138,0
2023-11-03,RELIANCE.NS,1155.0509397455935,1158.897469898072,1149.3680258840427,1151.3284912109375,8850156,-0.0032227570287730223,1136.5875941685267,1145.3844052269346,16.925457495911342,1
2023-11-06,RELIANCE.NS,1157.5822297180116,1161.4039192346488,1154.256866662586,1160.9075927734375,10647304,0.002872679771730738,1144.5642787388392,1145.972900390625,12.052581039359515,0
2023-11-07,RELIANCE.NS,1158.4507493206686,1160.9572220726066,1151.2540159543112,1153.3634033203125,6960204,-0.0043915082305737915,1148.6766880580358,1146.1099795386904,8.476631626558289,1
2023-11-08,RELIANCE.NS,1157.4333936812943,1161.9003321646271,1152.3460470752768,1159.3690185546875,7884494,0.001672342342946229,1150.3358328683037,1146.9998256138392,9.357054410605935,0
2023-11-09,RELIANCE.NS,1159.344192861405,1159.3689122452763,1143.6353879313751,1146.787109375,14513610,-0.010831195397988345,1151.9418073381696,1147.0506417410713,7.084089555074805,1
2023-11-10,RELIANCE.NS,1144.3055869187945,1149.6659373563402,1140.5831381668131,1148.9461669921875,7734954,0.004055367837439701,1153.1826346261162,1146.3380591982886,5.209708962805867,0
2023-11-13,RELIANCE.NS,1152.9167762849927,1153.7606282722284,1147.3579437297892,1148.79736328125,3854810,-0.003573035876029619,1152.7855922154017,1145.5155843098958,5.452741770610292,1
2023-11-15,RELIANCE.NS,1161.4039352802763,1172.2982770196893,1154.9516911953865,1169.5684814453125,12220648,0.007029893663194698,1155.3913051060267,1145.6845703125,8.270513958126008,1
2023-11-16,RELIANCE.NS,1166.9131951067154,1178.353423134986,1164.8533675821152,1171.6778564453125,13134910,0.004083132625954535,1156.9299142020088,1146.0780843098958,10.236043392795825,0
2023-11-17,RELIANCE.NS,1167.8064883385834,1177.9067803474445,1167.384683548377,1169.121826171875,7758634,0.0011263320134167584,1159.181117466518,1146.0851760137648,11.02351131808654,0
2023-11-20,RELIANCE.NS,1165.6474702823514,1170.5362129509904,1159.61703140789,1166.0445556640625,4490186,0.00034065649506787596,1160.134765625,1146.6843087332588,11.32704855703971,1
2023-11-21,RELIANCE.NS,1174.3083747965666,1185.227556641674,1171.4296571663483,1180.7109375,8214450,0.005452198792793751,1164.9810267857142,1148.4037214006696,11.906772338166311,1
2023-11-22,RELIANCE.NS,1178.7752974396924,1188.4288224829827,1177.3855591701267,1185.3267822265625,8534814,0.0055578741776316255,1170.178257533482,1150.509556361607,11.678912255423903,1
2023-11-23,RELIANCE.NS,1185.3268657327444,1191.1835423841578,1185.3268657327444,1188.9500732421875,8531542,0.0030567159272166665,1175.9143589564733,1153.6364164806548,8.9749685055323,0
2023-11-24,RELIANCE.NS,1187.0144298509326,1192.474021001291,1186.7414260587238,1188.1558837890625,6749486,0.000961617575511038,1178.5697021484375,1156.8495338076636,9.517783308296966,1
2023-11-28,RELIANCE.NS,1188.155889499075,1191.034607263244,1178.899449291774,1188.404052734375,13792174,0.00020886420501986812,1180.9591587611608,1160.8177839006696,9.59843380058222,1
2023-11-29,RELIANCE.NS,1195.1540911072586,1197.1145563492605,1190.2156671664848,1191.5308837890625,12531306,-0.0030315817392545523,1184.1604527064733,1164.0060860770088,8.686009203608318,0
2023-11-30,RELIANCE.NS,1188.5529645510346,1191.530923348677,1176.2440439527552,1179.9913330078125,28439984,-0.00720340767182908,1186.1528494698662,1165.5411493210565,4.360597334502949,1
2023-12-01,RELIANCE.NS,1180.2643464861462,1189.3967050711567,1180.0658643673892,1188.3544921875,14342842,0.006854520112752332,1187.2447858537946,1168.055873325893,3.673676722860589,1
2023-12-04,RELIANCE.NS,1215.9999042684665,1215.9999042684665,1190.4887710727894,1201.2093505859375,15590990,-0.012163285235969514,1189.5137241908483,1170.9582054501489,6.275204724245315,1
2023-12-05,RELIANCE.NS,1210.5403299982054,1211.458582489934,1201.929016778731,1209.919921875,12693624,-0.000512505125051306,1192.5094168526787,1173.7364560081846,9.912493344687356,1
2023-12-06,RELIANCE.NS,1214.560584514323,1227.3905513904704,1208.5549856031337,1221.5091552734375,16422442,0.005721057350048233,1197.274169921875,1177.078392392113,14.449086600394793,0
2023-12-07,RELIANCE.NS,1220.9630401277734,1221.4345260102064,1212.0291642243994,1219.4989013671875,8142096,-0.0011991671430387353,1201.7162911551338,1179.8684547061011,15.967619542131905,0
2023-12-08,RELIANCE.NS,1222.8739302715144,1229.2516522307412,1213.5181285411948,1218.8536376953125,10204894,-0.003287577301864026,1205.6195417131696,1182.987037295387,16.39658405404026,1
2023-12-11,RELIANCE.NS,1218.9777608532804,1224.7351961410227,1217.1909371644088,1220.6405029296875,7066138,0.0013640462769748734,1211.4265659877233,1185.9047270275298,12.555618196602305,0
2023-12-12,RELIANCE.NS,1220.9630282642331,1223.4198198791,1201.184371389843,1203.1201171875,9197124,-0.014613801289379965,1213.5359409877233,1188.5872512090773,8.673633915363435,1
2023-12-13,RELIANCE.NS,1202.102614795848,1210.2176004047435,1194.3103140708777,1208.03369140625,10031182,0.0049339187332266615,1214.5108468191963,1191.4009428478423,7.337896856368015,1
2023-12-14,RELIANCE.NS,1217.9851619285064,1228.3831772791464,1212.3518080035872,1223.0228271484375,16972354,0.004136064524755529,1216.3826904296875,1194.9354887462798,7.636742427406635,1
2023-12-15,RELIANCE.NS,1229.8969303201395,1240.8161121066785,1225.9511593183302,1238.63232421875,15932152,0.007102541427058183,1218.828857421875,1198.2242431640625,11.378330579752358,1
2023-12-18,RELIANCE.NS,1238.6323699765337,1258.1379030406688,1236.3243792186838,1251.239013671875,14165188,0.010177873597458241,1223.3631591796875,1202.0128696986608,16.747380207747426,1
2023-12-19,RELIANCE.NS,1268.1140495332209,1277.4945707453207,1253.3234974409622,1269.6527099609375,16820604,0.0012133454623288924,1230.6201695033483,1206.8000546409971,23.93249464147293,0
2023-12-20,RELIANCE.NS,1276.080186427869,1289.8780864366483,1250.742696068458,1254.2913818359375,17736722,-0.017074792653058005,1235.4274379185267,1211.0022844587054,24.951785305694223,1
2023-12-21,RELIANCE.NS,1254.2170195322976,1277.2962009364337,1249.8741628164655,1271.8614501953125,13765454,0.014068084221656113,1245.2476283482142,1215.342785063244,23.608511307325877,1
2023-12-22,RELIANCE.NS,1270.3973397701047,1280.9689971307214,1264.4661412408368,1273.102294921875,16541784,0.0021292197858819206,1254.5431431361608,1219.5225713820685,18.842903252451134,1
2023-12-26,RELIANCE.NS,1274.5663382448713,1286.453332624264,1271.935783794956,1279.554443359375,7465664,0.003913570415936542,1262.6190883091517,1223.8370651971727,14.752506022802503,1
2023-12-27,RELIANCE.NS,1281.5150092423955,1290.3992050276352,1277.0977519092014,1283.9222412109375,9204156,0.0018784266677961648,1269.089076450893,1228.3973679315477,12.187786576905356,1
2023-12-28,RELIANCE.NS,1285.38634910855,1296.4047727896043,1283.922210219302,1293.2034912109375,12302636,0.006081550584234075,1275.0840018136162,1233.3878173828125,12.264849483634325,0
2023-12-29,RELIANCE.NS,1295.958012986606,1297.3973111899322,1280.1748079960485,1282.97900390625,10864584,-0.010014991959843823,1276.987758091518,1237.7424897693452,12.315446319096933,1
2024-01-01,RELIANCE.NS,1280.7952766903763,1293.848686885263,1277.1223881648043,1285.609619140625,4030540,0.003758869616297386,1281.4617919921875,1242.7719319661458,7.4062298735151,1
2024-01-02,RELIANCE.NS,1283.0039664322292,1297.8937610136477,1277.0480485996618,1296.255859375,7448800,0.010328801227030992,1284.9467075892858,1247.9100923084077,7.861285472852352,0
2024-01-03,RELIANCE.NS,1295.412048372221,1307.3238832997818,1279.132516403198,1282.16015625,9037536,-0.010229866349377436,1286.240687779018,1251.764892578125,6.1448205767766,1
2024-01-04,RELIANCE.NS,1284.4928354763,1295.337616733607,1280.0755785995668,1288.7860107421875,9612778,0.003342311570228159,1287.5594831194196,1255.5204206194196,5.418351164072016,1
2024-01-05,RELIANCE.NS,1291.888116528752,1300.3009471094986,1289.456165302221,1294.2705078125,8086406,0.0018441157970779049,1289.037806919643,1258.9852469308037,5.66658937612,0
2024-01-08,RELIANCE.NS,1295.4120337021336,1306.3063750382337,1275.0378087074926,1284.1702880859375,7734652,-0.008678123503352474,1287.747349330357,1262.0648367745537,5.58784781764398,0
2024-01-09,RELIANCE.NS,1290.448874370277,1293.8239187379374,1279.132606160338,1280.7705078125,5403074,-0.007499999999999981,1287.431849888393,1265.0132591610864,5.952403990481929,1
2024-01-10,RELIANCE.NS,1279.0333061103788,1319.7320764251056,1278.0654937339266,1315.3148193359375,11102740,0.028366355318684436,1291.6754499162946,1269.5215599423364,11.976846771530123,1
2024-01-11,RELIANCE.NS,1319.7321386109766,1352.489686993197,1318.7394856296971,1349.9088134765625,23725852,0.022865757362965346,1299.3401576450892,1276.511497860863,25.23086542408625,1
2024-01-12,RELIANCE.NS,1349.9087552154865,1363.2350482099334,1335.8626919019084,1360.6541748046875,15012164,0.00796010807966476,1310.5535888671875,1283.7791399274554,32.66917097762806,1
2024-01-15,RELIANCE.NS,1364.897836134336,1386.1901939086483,1355.9639593887296,1383.88232421875,8610594,0.013909090909090873,1324.1387765066963,1291.4391159784227,40.85548331745995,0
2024-01-16,RELIANCE.NS,1379.7627106993225,1386.0413130880693,1360.4308194226976,1364.5255126953125,9069024,-0.01104334671886236,1334.1752057756696,1297.4340297154017,40.92450101610217,0
2024-01-17,RELIANCE.NS,1349.511582817391,1376.0898877655304,1345.0694854389078,1351.5712890625,12197382,0.0015262605162743269,1343.803920200893,1302.2117571149554,34.64591277166132,1
2024-01-18,RELIANCE.NS,1341.4712027363942,1360.92717605878,1341.3222805612156,1357.8995361328125,10279438,0.012246504705361603,1354.8223528180804,1306.4139869326636,20.727075450915322,0
2024-01-19,RELIANCE.NS,1365.890429247957,1365.890429247957,1349.015329468004,1357.4031982421875,10422704,-0.006213698276253692,1360.8349783761162,1311.3240734281994,11.331547695408942,0
2024-01-23,RELIANCE.NS,1361.671682300463,1361.671682300463,1312.8332056966303,1318.8138427734375,20055420,-0.03147442961773269,1356.3928397042412,1313.5599016462054,19.487989570952692,1
2024-01-24,RELIANCE.NS,1325.4149927095905,1339.5851376107455,1314.1980872328545,1334.00146484375,21919128,0.00647832730230847,1352.5853097098213,1316.4598621186756,21.057160792318594,1
2024-01-25,RELIANCE.NS,1333.0831783387705,1354.1274927557365,1325.390118278632,1343.1337890625,11808872,0.007539372551571864,1346.7640904017858,1319.4874500093006,15.98460764584908,1
2024-01-29,RELIANCE.NS,1354.474931519067,1441.8283899094502,1350.1817560391485,1437.4111328125,23893438,0.06123125601181751,1357.1763218470983,1326.7964448474702,38.02534751052193,0
2024-01-30,RELIANCE.NS,1449.223597164783,1449.2484377227322,1394.1066401470152,1397.2830810546875,14093978,-0.035840236255958315,1363.706577845982,1331.7526157924108,40.73120907755704,1
2024-01-31,RELIANCE.NS,1393.684781061071,1423.7125336444733,1392.195801594125,1416.1435546875,15130226,0.01611467236467222,1372.0271519252233,1338.093784877232,45.06565487020057,1
2024-02-01,RELIANCE.NS,1424.4569627393994,1432.745590517861,1407.631543948549,1416.1683349609375,13349362,-0.005818798317726549,1380.4221714564733,1344.3108665829614,47.30526581195506,1
2024-02-02,RELIANCE.NS,1422.6453963923934,1464.063815224382,1422.6453963923934,1446.9901123046875,19652588,0.017112286711803572,1398.7330671037946,1351.4886881510417,44.18787792114222,0
2024-02-05,RELIANCE.NS,1450.0177530325548,1459.6961190035065,1421.007495677393,1428.452392578125,8814432,-0.014872480291588261,1412.2260567801338,1358.4549851190477,34.48198542644707,0
2024-02-06,RELIANCE.NS,1431.2565145548228,1431.2565145548228,1409.3933108861847,1417.309814453125,9047984,-0.009744374932005683,1422.8226318359375,1364.5751662481398,16.330621681458492,1
2024-02-07,RELIANCE.NS,1425.3752031215413,1438.8504181404362,1418.7491963623445,1431.554443359375,9296568,0.00433516748734039,1421.9859619140625,1371.1124965122767,15.591959909132834,1
2024-02-08,RELIANCE.NS,1439.3467435794869,1448.752105824393,1417.0368932886952,1439.4708251953125,14694634,8.620689655158434e-05,1428.0127825055804,1378.5077601841517,12.246669199983861,1
2024-02-09,RELIANCE.NS,1443.31729322881,1461.160204582695,1440.2896534634558,1450.0177001953125,12556798,0.004642365887207742,1432.8519461495537,1386.567150297619,13.412063842459155,0
2024-02-12,RELIANCE.NS,1450.017752117624,1450.2659153474915,1431.7529141646626,1441.679443359375,6674430,-0.00575048736201446,1436.4963902064733,1392.5845133463542,11.44485879040219,1
2024-02-13,RELIANCE.NS,1444.8063713272154,1468.1337156942295,1443.3173918995335,1454.3358154296875,7715594,0.00659565481685843,1437.5457763671875,1397.5572277250744,12.82138295981534,1
2024-02-14,RELIANCE.NS,1446.7916226083244,1472.749520552248,1446.7916226083244,1470.4912109375,7117888,0.016380789022298337,1443.5513218470983,1402.787562779018,17.012608856991537,0
2024-02-15,RELIANCE.NS,1472.4516121931645,1473.8165098910026,1455.750276105359,1459.7952880859375,10006782,-0.008595409181817403,1449.6206752232142,1406.4024658203125,13.253700972163488,0
2024-02-16,RELIANCE.NS,1465.6271998466532,1466.1483668657747,1447.8339689108675,1449.843994140625,9767498,-0.01076890883826362,1452.2334681919642,1410.4652506510417,10.644543709142928,1
2024-02-19,RELIANCE.NS,1451.30825618237,1468.630001238923,1442.8458657695369,1463.17041015625,6729828,0.008173421410199245,1455.6191231863838,1415.7794945126489,9.629216736375287,0
2024-02-20,RELIANCE.NS,1464.1880192365334,1464.659505178025,1451.0602075132597,1460.2174072265625,7117496,-0.0027118183988701443,1457.0762241908483,1420.6517740885417,9.409544471486443,0
2024-02-21,RELIANCE.NS,1463.170510366537,1477.5888193115914,1446.8414171157522,1456.916748046875,12720292,-0.0042741172511024375,1459.2529820033483,1425.3905145554315,6.595880199202032,1
2024-02-22,RELIANCE.NS,1457.3633484018678,1474.0398440634356,1447.2878974462733,1470.8634033203125,18493728,0.009263341865464587,1461.6140659877233,1432.6309698195685,7.445738676011121,1
2024-02-23,RELIANCE.NS,1478.556551746289,1486.5474563697878,1472.4517119404402,1482.6512451171875,14438584,0.0027693856998992645,1463.3512137276787,1439.7095307849702,10.60871947944584,0
2024-02-26,RELIANCE.NS,1482.5768223248915,1483.5446346905887,1471.607959051116,1476.3974609375,7513106,-0.0041679873139399215,1465.7229527064733,1446.055419921875,11.499663129608267,0
2024-02-27,RELIANCE.NS,1472.1291493159845,1488.9297276070065,1467.1907251784094,1474.73486328125,10826044,0.001770030819970008,1469.2787911551338,1447.832740420387,9.434147286389871,0
2024-02-28,RELIANCE.NS,1472.1042938560004,1480.3185210789975,1439.5205099276588,1444.930419921875,8647950,-0.018459204315576492,1466.6730782645088,1450.1016613188244,13.17840086236008,1
2024-02-29,RELIANCE.NS,1454.2365988812116,1468.1088998815817,1443.8385832706604,1450.0675048828125,23628976,-0.0028668608681741052,1465.2230922154017,1451.7170875186011,14.499273876766129,1
2024-03-01,RELIANCE.NS,1452.7475417409498,1488.979373154373,1451.7548888255135,1481.1622314453125,12132926,0.01955927570891702,1468.686732700893,1454.812034970238,15.069045677459084,1
2024-03-04,RELIANCE.NS,1479.524373681886,1501.337897909408,1476.2982516112518,1496.3250732421875,10024420,0.011355473325858128,1472.3241141183037,1457.1613188244048,18.389231421482602,0
2024-03-05,RELIANCE.NS,1494.7119691573153,1496.3250301461744,1475.1319146195472,1489.1778564453125,7107668,-0.0037024609598347966,1473.2564871651787,1460.0530075799852,19.149833562829237,1
2024-03-06,RELIANCE.NS,1482.4775132325713,1497.9133152152726,1467.6373999640691,1491.9573974609375,7805676,0.006394622612315496,1475.4793352399554,1463.607654389881,20.435131952967478,0
2024-03-07,RELIANCE.NS,1491.9325571368477,1492.056638756749,1464.7091224345347,1468.059326171875,8315726,-0.01600154836140015,1474.5256870814733,1465.345982142857,20.630494783261334,0
2024-03-11,RELIANCE.NS,1478.060156044582,1478.060156044582,1452.7475073010382,1455.82470703125,11277130,-0.015043669854978077,1476.0820138113838,1466.1247384207588,18.305716941128058,1
2024-03-12,RELIANCE.NS,1455.8248476863198,1477.0676458601297,1454.2614676999044,1464.5850830078125,9432678,0.006017369009338567,1478.1559535435267,1466.8184233165923,15.469926725702502,0
2024-03-13,RELIANCE.NS,1468.9029635812572,1472.2034859914554,1417.2850129833478,1421.6527099609375,13522134,-0.03216703539430626,1469.6545933314733,1465.864769345238,26.183896920743962,0
2024-03-14,RELIANCE.NS,1429.1224321842872,1437.882667347047,1415.0268084821887,1420.9578857421875,18571102,-0.005712978999021712,1458.8878522600446,1464.2753441220239,28.75811359718444,0
2024-03-15,RELIANCE.NS,1415.4733954219128,1422.694969713975,1402.5193474045138,1407.80517578125,19223818,-0.005417424068487755,1447.26318359375,1461.290294828869,30.844231274522457,1
2024-03-18,RELIANCE.NS,1409.5671563330236,1431.1325169373013,1406.1177116464064,1428.8990478515625,9169392,0.01371477153939273,1438.254847935268,1459.8190452938989,24.082557887739696,0
2024-03-19,RELIANCE.NS,1418.252849649116,1427.0378036957163,1406.8373411480031,1414.778564453125,8275764,-0.0024496937882765024,1430.643310546875,1458.1492629278273,21.358441031480606,1
2024-03-20,RELIANCE.NS,1417.458614341769,1434.3833942099568,1413.5625245390722,1433.142578125,8488806,0.011064847766659008,1427.4030064174108,1456.7193661644346,18.41984723667783,1
2024-03-21,RELIANCE.NS,1441.8532357214951,1447.1887452733042,1434.060934378195,1440.3145751953125,13006936,-0.0010671408767985336,1423.935791015625,1455.7716122581846,11.073958518153368,1
2024-03-22,RELIANCE.NS,1439.321893152815,1449.2732629085035,1436.716179238339,1444.3348388671875,19527608,0.0034828524030797404,1427.1760951450892,1455.1724737258185,13.374148208133432,0
2024-03-26,RELIANCE.NS,1434.3835274360674,1441.7291835759677,1428.4276096750873,1430.983642578125,11415906,-0.0023702760056228843,1428.6083461216517,1453.2734375,13.131888230665258,1
2024-03-27,RELIANCE.NS,1437.3614966588375,1488.9794509587407,1436.368843691532,1481.8819580078125,16326644,0.03097374004553712,1439.1907435825892,1453.236804780506,21.039941405386408,0
2024-03-28,RELIANCE.NS,1481.90676076149,1494.8856495085238,1467.786296896486,1474.933349609375,21854364,-0.004705701692413923,1445.7670724051338,1453.1670851934523,24.238237646133868,0
2024-04-01,RELIANCE.NS,1481.509712382751,1482.9986918329437,1471.6080232736622,1473.8663330078125,5013880,-0.005159182765427542,1454.2081821986608,1453.1257266090029,21.81539007460662,1
2024-04-02,RELIANCE.NS,1473.0968689675983,1483.0233977342266,1464.1629930776332,1476.025146484375,8910166,0.001987837716897013,1460.334263392857,1454.6064278738838,20.916443390763263,0
2024-04-03,RELIANCE.NS,1471.186101560143,1473.5436523631188,1458.1079713887636,1460.7880859375,7008292,-0.007067777225203713,1463.2590506417412,1455.116931733631,18.993520829177687,0
2024-04-04,RELIANCE.NS,1468.878217464342,1468.878217464342,1439.3467919062653,1452.1768798828125,14490272,-0.011370130881483339,1464.3793422154017,1453.7366768973213,17.890529831460213,0
2024-04-05,RELIANCE.NS,1450.1417667351743,1459.9938949751336,1445.3025839763254,1449.3724365234375,7442298,-0.0005305206907245161,1467.006312779018,1451.5008370535713,12.793579051564025,1
2024-04-08,RELIANCE.NS,1452.226356281804,1480.0206375610207,1450.265891033407,1475.057373046875,8357118,0.015721389896493895,1466.0313720703125,1450.8284330822173,11.682859056876174,0
2024-04-09,RELIANCE.NS,1478.060211901015,1478.8543827139297,1451.7549092714803,1452.896484375,7071414,-0.017024832495592685,1462.8832484654017,1448.9683896019346,11.852147973377491,1
2024-04-10,RELIANCE.NS,1455.5766564963697,1476.0749645358123,1455.5766564963697,1468.7044677734375,9138330,0.0090189762376837,1462.1458391462054,1448.9991106305804,11.197414211439478,0
2024-04-12,RELIANCE.NS,1465.031599863232,1475.553696376268,1452.3255942645226,1456.3707275390625,15551012,-0.0059117307264758435,1459.3380650111608,1449.025111607143,9.467700203577772,0
2024-04-15,RELIANCE.NS,1450.2658952456557,1471.2356878788278,1435.6986653849476,1454.062744140625,12902062,0.002618036394164953,1458.3773018973213,1448.5240478515625,9.63577597759926,1
2024-04-16,RELIANCE.NS,1442.6721581376476,1460.366269889981,1440.265047408789,1454.9810791015625,9366184,0.008532029189365232,1458.7779017857142,1450.1111130487352,9.390197072561241,0
2024-04-18,RELIANCE.NS,1452.7475160786112,1475.082206281391,1448.6279823176308,1453.56640625,19005692,0.0005636837525623537,1459.3770403180804,1451.6638997395833,8.805670014459661,1
2024-04-19,RELIANCE.NS,1446.0720814485835,1463.1705049395248,1432.42310285773,1459.323974609375,15741778,0.00916406127384507,1457.1294119698662,1454.117175874256,5.537840968633377,1
2024-04-22,RELIANCE.NS,1461.6317610616636,1471.930535229808,1457.0160218672338,1468.9774169921875,10350362,0.005025654290098578,1459.4266880580358,1456.025669642857,6.702254602890817,0
2024-04-23,RELIANCE.NS,1468.1337674689391,1482.527235777458,1444.8561033979945,1448.603271484375,14605554,-0.01330294038412773,1456.5550885881696,1457.6363699776787,6.362230555447627,0
2024-04-24,RELIANCE.NS,1452.7475596039474,1457.7605053579202,1438.8504186169605,1439.5205078125,10462776,-0.009104852184403852,1454.147914341518,1457.9400809151787,9.059519892303621,1
2024-04-25,RELIANCE.NS,1431.9018276580116,1457.189636393573,1430.9091747445573,1449.2484130859375,15943926,0.01211436782387352,1453.4601527622767,1458.365501767113,9.247847954483259,0
2024-04-26,RELIANCE.NS,1453.1943211694756,1454.2366552962403,1439.346860190818,1441.878173828125,9413848,-0.0077870847528800115,1451.5883091517858,1458.2485177176338,10.168895222869104,1
2024-04-29,RELIANCE.NS,1439.3467183436048,1457.1152296530197,1439.3467183436048,1454.2613525390625,7247974,0.010362085802801825,1451.6875871930804,1459.3569800967261,10.194785270225616,1
2024-04-30,RELIANCE.NS,1457.2144546560796,1472.178648628076,1452.1271085524606,1456.2218017578125,11474262,-0.0006811989100817714,1451.244419642857,1458.1350678943452,9.869749970155913,0
2024-05-02,RELIANCE.NS,1461.185178797564,1466.4710074185996,1453.368036621592,1455.7752685546875,14512646,-0.003702412480893396,1449.3583984375,1457.2227783203125,6.653841644762921,0
2024-05-03,RELIANCE.NS,1460.1925152681529,1464.1134460205978,1405.745524232649,1423.46435546875,17226958,-0.02515295717199183,1445.767124720982,1454.8226841517858,11.869373530260273,0
2024-05-06,RELIANCE.NS,1424.9533097670264,1429.4202480421582,1407.5818831415145,1409.095703125,7394208,-0.011128509638409898,1441.4207240513392,1451.6355678013392,18.34314910989298,0
2024-05-07,RELIANCE.NS,1405.571689953147,1410.311631866643,1381.772860502106,1391.17822265625,14517472,-0.010240293967059557,1433.1249825613838,1448.320812406994,25.820300986958767,1
2024-05-08,RELIANCE.NS,1387.2325360419566,1422.4220356245855,1387.2325360419566,1408.1279296875,9439002,0.01506264674642223,1428.3035191127233,1446.2232433500744,27.03589091332485,0
2024-05-09,RELIANCE.NS,1402.6186490602306,1413.2896685063718,1379.787630710347,1383.88232421875,11009612,-0.013358103326256318,1418.2493722098213,1443.1046665736608,28.802397859861085,1
2024-05-10,RELIANCE.NS,1386.4879762578594,1399.6406275450738,1377.8766636438304,1397.0845947265625,10505096,0.007642777038213829,1409.8011997767858,1439.3916771298364,24.096714204766684,0
2024-05-13,RELIANCE.NS,1389.614931468387,1396.6379028351903,1373.8317248456565,1392.394287109375,8456620,0.0020000905128811333,1400.7467738560267,1436.5106201171875,13.536475539146931,1
2024-05-14,RELIANCE.NS,1390.6818338615062,1416.590049599915,1389.738862101979,1409.6414794921875,7188300,0.013633345290803168,1398.7720772879463,1433.6980968656994,10.288734198164601,0
2024-05-15,RELIANCE.NS,1410.063563528233,1419.468926315315,1402.6435067088078,1405.86962890625,5046534,-0.0029742876352957517,1398.3112095424108,1431.2932826450892,9.810364446184645,1
2024-05-16,RELIANCE.NS,1408.1278405018506,1417.012035618308,1387.75361519461,1414.8778076171875,14711774,0.004793575498749602,1401.6968645368304,1429.4273332868304,10.960486265566745,1
2024-05-17,RELIANCE.NS,1412.5948920294334,1426.6408349602225,1402.8668442157614,1425.15185546875,10916476,0.008889288436599408,1404.1288539341517,1428.0068940662202,14.072251352155632,1
2024-05-21,RELIANCE.NS,1415.1260338425998,1431.231803864575,1415.1260338425998,1425.57373046875,11176128,0.0073828735930896484,1410.0847691127233,1426.6739095052083,12.844063696746218,1
2024-05-22,RELIANCE.NS,1425.722663053995,1457.9838844507517,1425.722663053995,1449.9185791015625,10281604,0.016970983680471424,1417.6324811662946,1426.2260335286458,18.297413373330425,1
2024-05-23,RELIANCE.NS,1447.8340020088174,1481.2615172416956,1444.3100355832012,1475.1319580078125,14608260,0.018854341009480503,1429.4521484375,1426.5191069103423,24.832987717638506,0
2024-05-24,RELIANCE.NS,1472.724715385057,1477.5638984586112,1465.2549777906745,1469.37451171875,7094776,-0.002274833600134825,1437.9854387555804,1427.5082135881696,27.054503181038267,0
2024-05-27,RELIANCE.NS,1469.3497180106694,1473.990419113941,1450.8119965034373,1455.4774169921875,6629010,-0.00944111592253439,1445.072265625,1428.26806640625,23.504109956375444,0
2024-05-28,RELIANCE.NS,1457.2144512745626,1467.6373066821805,1442.0764946111178,1445.5010986328125,7820162,-0.0080381804006301,1449.447021484375,1428.089622860863,19.44722898258802,0
2024-05-29,RELIANCE.NS,1435.87248908715,1447.287997987601,1427.8815843874524,1430.1895751953125,7383556,-0.003957812364975601,1450.1666957310267,1427.5330229259673,18.46680318529956,0
2024-05-30,RELIANCE.NS,1424.9532474164846,1429.817270893488,1409.6663684202383,1414.3814697265625,13206858,-0.0074190347712034,1448.5678013392858,1425.6339808872767,21.22895089327719,1
2024-05-31,RELIANCE.NS,1420.7841589242364,1431.653659822201,1411.800601617005,1419.8907470703125,31069832,-0.0006288160297341473,1444.278111049107,1423.9039306640625,23.789874868867365,1
2024-06-03,RELIANCE.NS,1472.1043222829317,1503.3728901534053,1448.2806515244756,1499.228515625,21527942,0.018425455948668287,1447.7204764229912,1425.973132905506,29.94546936513648,0
2024-06-04,RELIANCE.NS,1487.0437791255476,1487.0437791255476,1349.3131842665357,1387.0091552734375,36709098,-0.06727079945886681,1435.9539969308037,1424.2371709914435,35.65623789896183,1
2024-06-05,RELIANCE.NS,1411.5524616660985,1420.6352601794422,1373.9308915121778,1410.3116455078125,17464890,-0.0008790436005625883,1429.501743861607,1424.2950730096727,35.62103562636515,1
2024-06-06,RELIANCE.NS,1424.4569533735907,1433.0929853880773,1410.9072166555904,1421.0819091796875,17855722,-0.0023693549923779838,1426.0132882254463,1425.7190580822173,34.983038934285744,1
2024-06-07,RELIANCE.NS,1418.004611799037,1461.1850112482905,1416.0193060772324,1459.1500244140625,18558696,0.029016416641144627,1430.1504952566963,1428.148681640625,37.20139920466625,1
2024-06-10,RELIANCE.NS,1459.150058153404,1482.3781598703026,1457.2888339961758,1460.5894775390625,9251760,0.0009864779688801611,1436.7516392299108,1431.8014032273065,38.027420765897936,0
2024-06-11,RELIANCE.NS,1458.20717740815,1462.847878399236,1443.9874724286744,1445.9727783203125,11774902,-0.008390028027144447,1440.4776436941963,1434.1294119698662,37.372151702998366,1
2024-06-12,RELIANCE.NS,1446.7916974833406,1465.1557773484808,1444.48382780751,1452.5738525390625,10081742,0.003996535966981153,1433.8126918247767,1436.995105561756,28.177321168240173,1
2024-06-13,RELIANCE.NS,1461.1851486521073,1461.433311890669,1449.3725542618724,1454.4847412109375,9181160,-0.004585597826087041,1443.4520612444196,1439.1304989769346,19.791029372595002,1
2024-06-14,RELIANCE.NS,1459.199879544848,1468.8038455887872,1446.518713499826,1466.6944580078125,8157998,0.005136087638180285,1451.5067487444196,1442.0269194103423,14.932542643582577,1
2024-06-18,RELIANCE.NS,1476.4224025999808,1476.4720837189377,1460.5399547367645,1470.1439208984375,7196766,-0.00425249690771891,1458.5156075613838,1444.6586390904017,8.323556819454227,0
2024-06-19,RELIANCE.NS,1476.571240472528,1476.571240472528,1445.3026730272272,1447.9332275390625,8725874,-0.019394941570378146,1456.9132080078125,1445.7434663318452,9.213215875840241,1
2024-06-20,RELIANCE.NS,1448.280730003189,1471.9554798675892,1439.446094050177,1462.8726806640625,16113776,0.010075360638707991,1457.2393798828125,1447.5196068173364,9.403507507652892,0
2024-06-21,RELIANCE.NS,1462.7982011333013,1463.8652545834836,1429.9909727182371,1443.515869140625,31170360,-0.013181812759775972,1456.888392857143,1447.2147158668154,9.925487509071495,0
2024-06-24,RELIANCE.NS,1434.9045699529108,1438.8503408924523,1426.9385064042085,1430.88427734375,8878386,-0.0028017839606523567,1453.7898821149554,1445.1076834542412,14.032612001440762,1
2024-06-25,RELIANCE.NS,1432.3982039886682,1445.2282918111714,1430.412898092634,1443.46630859375,7045386,0.007726974645919991,1452.2158203125,1443.8739594959077,14.550113657498477,1
2024-06-26,RELIANCE.NS,1435.425808927042,1507.8149506909176,1434.5075565031482,1502.9013671875,22014882,0.04700734642001101,1457.3882359095983,1446.1322428385417,23.95256205996398,1
2024-06-27,RELIANCE.NS,1502.6283145931025,1526.2038207675607,1494.9352546835423,1519.304931640625,28383030,0.011098298152353405,1464.4112374441963,1449.6467110770088,33.58586813985811,1
2024-06-28,RELIANCE.NS,1519.7764812043604,1569.3842873036351,1519.7764812043604,1553.89892578125,28957336,0.022452278344147678,1479.5491943359375,1455.537632533482,46.36895623462175,0
2024-07-01,RELIANCE.NS,1551.0450507194453,1567.7960689891884,1544.2454023527885,1548.6875,7724306,-0.0015199756566398454,1491.8084542410713,1461.9331577845983,52.2022567226535,1
2024-07-02,RELIANCE.NS,1557.968834801107,1561.9394466769938,1545.5606726889605,1553.6756591796875,7749246,-0.002755623556467113,1507.5455671037946,1468.3038678850446,51.82057806200262,0
2024-07-03,RELIANCE.NS,1554.8170660210362,1563.4283787351976,1531.440162014497,1541.019287109375,9049620,-0.008874213702176167,1523.2791399274554,1470.2939046223958,40.04779072316081,1
2024-07-04,RELIANCE.NS,1545.5606622734106,1555.983518377374,1539.4062623766438,1542.6075439453125,6837176,-0.001910710074462068,1537.442173549107,1477.7033517020088,19.245396668791322,1
2024-07-05,RELIANCE.NS,1542.4088769403463,1586.755694667964,1536.6267221432645,1576.9532470703125,12269710,0.022396376632953085,1548.0210135323662,1485.6386660621279,17.354088838957658,1
2024-07-08,RELIANCE.NS,1577.3255888697254,1596.9801663885871,1570.898185044045,1589.13818359375,9500806,0.007489002148560368,1557.9971923828125,1493.641345796131,18.14903900134078,0
2024-07-09,RELIANCE.NS,1585.8623208770043,1588.7410386525216,1568.887979750272,1578.5911865234375,6960002,-0.004584972010398596,1561.524658203125,1499.3290201822917,19.56417388904734,0
2024-07-10,RELIANCE.NS,1583.281430895477,1585.7630632323037,1551.6654591589945,1572.5855712890625,7134578,-0.006755501200039334,1564.9386683872767,1504.6621675037202,19.028506284717977,0
2024-07-11,RELIANCE.NS,1575.8365135146928,1592.463449956501,1558.9614138424097,1569.036865234375,11940946,-0.004314945250984247,1567.1331263950892,1510.5223621186756,18.388105883587617,1
2024-07-12,RELIANCE.NS,1572.8586162043875,1593.3569240772113,1562.9320865975435,1584.9937744140625,12924784,0.0077153522158014696,1573.4151960100446,1516.8280726841517,15.218157919644565,1
2024-07-15,RELIANCE.NS,1592.6620057625546,1594.0517441522056,1573.8512804915936,1585.4901123046875,5329688,-0.0045030856716100605,1579.5412772042412,1523.0664236886162,7.343297000201616,0
2024-07-16,RELIANCE.NS,1581.792452589091,1588.24469666931,1557.5965372882697,1564.669189453125,9386838,-0.010825227486664575,1577.786411830357,1527.7318870907739,9.277825640909159,1
2024-07-18,RELIANCE.NS,1564.4210812674708,1582.1895936713806,1546.379565062024,1575.0177001953125,12298374,0.006773508139673317,1575.7691999162946,1532.7258765811011,7.818645730399547,0
2024-07-19,RELIANCE.NS,1574.3475621142547,1578.293333314245,1541.3915329908289,1543.7242431640625,13140390,-0.019451434795673045,1570.7882080078125,1537.287353515625,14.21285221457537,0
2024-07-22,RELIANCE.NS,1525.9557698439748,1526.203933085127,1488.2597977476694,1489.6495361328125,19674376,-0.023792454819889418,1558.9402029854912,1538.5624418712798,33.688915106337504,0
2024-07-23,RELIANCE.NS,1489.9719903646578,1494.6870915999891,1452.2511804820083,1476.96826171875,18052044,-0.008727498724808418,1545.7875453404017,1540.1554129464287,45.122366498999405,1
2024-07-24,RELIANCE.NS,1474.0895996286229,1498.4095963901725,1465.552808673545,1484.7109375,11913362,0.007205354324494956,1531.46142578125,1542.7185872395833,46.49861551088165,0
2024-07-25,RELIANCE.NS,1470.1189136102262,1489.4508041915794,1466.2227025912728,1481.4351806640625,12519876,0.007697518172898371,1516.596435546875,1544.5266287667412,42.83588479490461,1
2024-07-26,RELIANCE.NS,1481.4352554076795,1501.3131545447015,1479.4002684339398,1497.9381103515625,9859940,0.011139774677052313,1507.0634242466517,1544.290283203125,37.43989284347713,1
2024-07-29,RELIANCE.NS,1500.8416167163412,1516.2774189432153,1500.6679751498336,1508.9317626953125,7538550,0.00539040621532844,1497.6225760323662,1543.7963227771577,22.993742701738192,0
2024-07-30,RELIANCE.NS,1505.8792447159435,1513.795627121447,1498.9058340677934,1502.03271484375,8228208,-0.0025543415155569738,1491.6666434151787,1541.3265032087054,11.67652130868663,0
2024-07-31,RELIANCE.NS,1492.9499231376883,1499.3524857083617,1490.1208866802615,1494.364501953125,10057346,0.0009475058697640174,1492.3402099609375,1538.7396937779017,11.67676307097766,1
2024-08-01,RELIANCE.NS,1500.8913109431162,1506.8472288436842,1493.2479314401046,1504.1671142578125,10764222,0.002182571976273142,1496.2257603236608,1536.3821440197173,10.132268058308096,0
2024-08-02,RELIANCE.NS,1493.9425575637474,1498.2357327232485,1482.3037269895096,1488.3092041015625,10268248,-0.003770796563538244,1496.7397984095983,1533.8721400669642,9.52372657903429,0
2024-08-05,RELIANCE.NS,1469.1262655731218,1472.9976360481728,1422.7197433328895,1436.6912841796875,17046704,-0.022077735694679107,1490.3478131975446,1528.8285086495537,24.596065471054953,1
2024-08-06,RELIANCE.NS,1444.4590050773538,1466.6447748995176,1440.6620347326757,1445.3524169921875,10236186,0.0006185097061898504,1482.8355712890625,1522.561802455357,29.444114407038768,1
2024-08-07,RELIANCE.NS,1458.207118491354,1461.6814036613468,1450.7622216985117,1454.062744140625,8174568,-0.0028421026740130177,1474.9971400669642,1516.129638671875,28.63131324071114,0
2024-08-08,RELIANCE.NS,1446.816580877676,1454.2366377811502,1435.3018303695276,1438.478271484375,12387192,-0.00576321111017592,1465.917933872768,1509.4575950985864,28.705963812858386,1
2024-08-09,RELIANCE.NS,1449.2732763644294,1465.6520496932055,1445.3026646483625,1463.46826171875,6249776,0.009794553991866442,1461.504185267857,1504.2615327380952,25.83479427513508,0
2024-08-12,RELIANCE.NS,1459.199797918004,1462.1777566892652,1447.0397996020206,1449.8936767578125,8184584,-0.006377551020408213,1453.7508370535713,1498.5880475725446,17.788091098483726,1
2024-08-13,RELIANCE.NS,1450.0178268110735,1459.2742672925806,1447.28803114191,1452.8717041015625,6265064,0.0019681670374807193,1448.6883370535713,1492.2965204148065,9.359370594415003,0
2024-08-14,RELIANCE.NS,1452.7973239887267,1461.1851932386814,1443.0195951522678,1451.1097412109375,6267466,-0.0011616092278831165,1450.7481166294642,1485.8974551246279,7.722499429882254,1
2024-08-16,RELIANCE.NS,1457.8598362701878,1469.5235088888628,1447.337738823352,1467.339599609375,9416902,0.006502520409259926,1453.8891427176338,1481.2627127511162,9.442134322264101,1
2024-08-19,RELIANCE.NS,1476.6025720306277,1492.3397678065596,1474.6105280885963,1482.4791259765625,13797742,0.0039797803804806796,1457.9486258370537,1476.8561139787946,14.358067339023831,1
2024-08-20,RELIANCE.NS,1491.268975771349,1497.942395948273,1484.0976661921163,1489.9990234375,8411808,-0.0008515917346112098,1465.3087332589287,1474.2977701822917,15.842241030277133,1
2024-08-21,RELIANCE.NS,1487.30978907883,1501.8766102174725,1484.072717714687,1492.7132568359375,7769996,0.0036330479344550315,1469.4865897042412,1474.4436616443452,18.847187194279776,0
2024-08-22,RELIANCE.NS,1497.0210123494212,1500.5070892244864,1484.720165407205,1492.1654052734375,10445782,-0.0032435129740519277,1475.5254080636162,1475.1673351469494,18.28694406067568,1
2024-08-23,RELIANCE.NS,1497.768063961028,1505.3128818837536,1492.4642955105633,1494.008056640625,9249654,-0.002510406925394862,1481.4020298549108,1475.6100551060267,16.294933506793008,1
2024-08-26,RELIANCE.NS,1500.9802618699923,1516.941539085057,1497.021098650585,1506.5828857421875,8816114,0.0037326432695491724,1489.3267647879463,1476.8075648716517,12.041538755203073,0
2024-08-27,RELIANCE.NS,1504.4912711730517,1507.4544123852302,1493.485179145279,1494.481201171875,6251156,-0.00665345834367776,1493.204136439732,1476.6429501488096,7.163409790058664,0
2024-08-28,RELIANCE.NS,1499.0131426615155,1501.4782728482842,1487.0608784010917,1492.33984375,9610286,-0.0044517947985879625,1494.6128104073662,1475.8528587704614,5.472922054847047,1
2024-08-29,RELIANCE.NS,1497.1205913811584,1530.885760314005,1488.0568158159556,1514.874755859375,38335358,0.011858874014843118,1498.1664864676338,1476.4643845331102,8.94964024805901,0
2024-08-30,RELIANCE.NS,1527.89778785993,1533.599989641746,1497.3447635789732,1503.6197509765625,41620730,-0.015889830508474603,1499.7245570591517,1476.9051106770833,8.789991050708938,1
2024-09-02,RELIANCE.NS,1504.8647654458696,1520.7264647058682,1500.6316718721823,1510.2183837890625,11240852,0.003557541159923909,1502.3035539899554,1477.1932663690477,8.850656318068676,0
2024-09-03,RELIANCE.NS,1515.1984708784903,1516.941509382377,1501.5031683479538,1503.1217041015625,10923800,-0.007970419063270215,1503.605503627232,1477.8986235119048,8.062188359762079,1
2024-09-04,RELIANCE.NS,1494.7301447200666,1511.463362707152,1493.534966971581,1508.525146484375,11983304,0.009229091828406198,1503.8829694475446,1481.3192836216517,8.213732987127683,0
2024-09-05,RELIANCE.NS,1513.0072347057646,1519.7054581926027,1481.1345314015284,1487.035888671875,16264168,-0.0171653812606787,1502.8193533761162,1483.304210844494,9.935662932283924,0
2024-09-06,RELIANCE.NS,1486.5627588054049,1491.0448575756725,1455.8105811316243,1458.997802734375,19394228,-0.01854274628350098,1498.0562046595983,1483.5392136346727,19.33907730562278,0
2024-09-09,RELIANCE.NS,1460.666261949736,1464.07768593117,1449.809597840599,1456.63232421875,9010298,-0.002761710759035022,1489.7358572823662,1484.4036923363096,23.066846371545754,0
2024-09-10,RELIANCE.NS,1454.6901127162012,1466.1942153054945,1451.7766997689328,1455.7110595703125,10768260,0.0007018311633431186,1482.8917585100446,1484.0343017578125,25.263639709962074,0
2024-09-11,RELIANCE.NS,1457.2300550346945,1462.9073318760024,1441.7917138302157,1445.7259521484375,9760202,-0.007894500148765523,1473.6785539899554,1483.8358386811756,25.39645545817602,1
2024-09-12,RELIANCE.NS,1451.2039809867947,1480.088617533546,1440.1232367942907,1473.913330078125,22349376,0.015648626512096746,1469.5059291294642,1484.8378208705358,21.91331460842595,0
2024-09-13,RELIANCE.NS,1470.526852936648,1477.2500011980833,1463.6542770635715,1466.766845703125,8711328,-0.0025569116442956032,1463.5404575892858,1485.5833972749256,13.644629242045536,0
2024-09-16,RELIANCE.NS,1471.6723576050656,1475.0090069946318,1458.9232273463058,1465.4969482421875,5481774,-0.00419618492592175,1460.4634660993304,1485.4956519717261,9.15216623201696,1
2024-09-17,RELIANCE.NS,1468.1364260685732,1471.5975781970765,1460.790763828237,1466.4432373046875,5935328,-0.0011532911613805403,1461.527099609375,1484.7320382254463,9.383168985778015,0
2024-09-18,RELIANCE.NS,1464.1522884024148,1476.10455198121,1454.7399294679983,1457.6282958984375,8574714,-0.004455815529336666,1461.6693812779017,1483.1905750093006,9.303792211005078,1
2024-09-19,RELIANCE.NS,1460.4171894563085,1470.6264144806405,1449.7598031867433,1463.82861328125,16955902,0.0023359241794541708,1462.8290318080358,1481.8151157924108,8.935980237614084,1
2024-09-20,RELIANCE.NS,1468.136427109257,1489.0528890965668,1465.5218693608433,1480.0140380859375,30897320,0.008090263791129627,1467.727329799107,1481.2364792596727,7.233789939185785,1
2024-09-23,RELIANCE.NS,1485.0687739665293,1495.5270047691104,1483.026880271187,1487.434326171875,8832314,0.0015928906773976844,1469.658900669643,1480.9234444754463,10.311390511585342,0
2024-09-24,RELIANCE.NS,1482.5786761041754,1494.530939532627,1481.9561623839436,1483.4501953125,17137444,0.0005878401074907492,1472.042236328125,1479.8218877883185,11.401918330294,1
2024-09-25,RELIANCE.NS,1477.9970102640052,1490.546862638843,1474.3116560624171,1488.0069580078125,7069002,0.006772644108406738,1475.2579520089287,1479.5135904947917,12.380550610181833,1
2024-09-26,RELIANCE.NS,1484.7202013028073,1498.017070530802,1482.1305684499498,1491.9910888671875,18818998,0.004897143285314103,1478.9076450892858,1479.4969831194196,13.094051176023344,1
2024-09-27,RELIANCE.NS,1493.0369361114394,1527.3747692811155,1486.06478230705,1520.1038818359375,20597478,0.01812878507546701,1487.832728794643,1479.7459891183037,16.908796740495124,0
2024-09-30,RELIANCE.NS,1513.3558880158446,1518.9086621673466,1468.5348969230115,1470.701171875,27008814,-0.028185515699660723,1488.8145228794642,1478.1784377325148,15.416385691875375,0
2024-10-01,RELIANCE.NS,1474.7599230273088,1482.0308103038055,1457.0057588364782,1458.997802734375,16431642,-0.01068792285904959,1485.8122035435267,1475.7393624441963,19.037158859490855,0
2024-10-03,RELIANCE.NS,1430.8602791168494,1443.634334423912,1396.4975195620746,1401.3780517578125,37757294,-0.020604546641852264,1473.5184500558037,1470.8944266183037,37.065304052178774,0
2024-10-04,RELIANCE.NS,1398.34020617394,1411.711728297617,1376.2782950115372,1381.0093994140625,37072876,-0.012393841415242655,1458.8840506417412,1464.8222481863838,50.33743794003873,0
2024-10-07,RELIANCE.NS,1387.9566419173104,1390.9447078848398,1355.9594355150189,1365.272216796875,22181340,-0.016343756307185056,1441.3505161830358,1459.0239780970983,59.11317371258856,1
2024-10-08,RELIANCE.NS,1367.513224520688,1395.4267642320656,1359.669551595401,1391.791259765625,17020808,0.017753418986822887,1427.0362548828125,1455.8236665271577,56.89693840198985,0
2024-10-09,RELIANCE.NS,1391.9656892391697,1395.4019165531051,1367.040214025334,1369.1318359375,14310610,-0.016404034580874183,1405.4688197544642,1451.6569766090029,42.54179971455429,0
2024-10-10,RELIANCE.NS,1374.5352199766685,1380.4864268287754,1363.9774115920343,1365.595947265625,22358646,-0.006503487565196927,1390.4537876674108,1447.3657807849702,33.20455845971314,1
2024-10-11,RELIANCE.NS,1364.5501018082973,1377.7723178051706,1363.3797273571677,1366.6417236328125,7980122,0.001532828894844811,1377.2600620814733,1443.599865141369,14.522785793687463,1
2024-10-14,RELIANCE.NS,1373.962442591221,1374.5849563155427,1362.8070452852592,1367.0650634765625,12221432,-0.005020063795667014,1372.3582066127233,1438.5118524460565,10.16145580553214,0
2024-10-15,RELIANCE.NS,1353.1207855156183,1366.243302159234,1335.3666207605413,1338.678466796875,33762794,-0.01067334037976509,1366.3109305245537,1432.4124058314733,15.400357166304,1
2024-10-16,RELIANCE.NS,1334.6695151768993,1358.574043806933,1332.3039628645522,1348.6884765625,20034438,0.010503694904384353,1363.9418247767858,1426.85009765625,16.79885575580651,1
2024-10-17,RELIANCE.NS,1360.2671814831224,1363.0062419523483,1346.6715786036464,1351.0291748046875,15543660,-0.006791317767706878,1358.1186697823662,1421.3541899181548,11.881294049244616,1
2024-10-18,RELIANCE.NS,1346.796043723323,1362.9814005892638,1335.98910817891,1353.8927001953125,12082452,0.005269288178461104,1355.941650390625,1416.4143996465773,10.881053762341335,1
2024-10-21,RELIANCE.NS,1361.686598848784,1368.5342502099145,1352.3239675798943,1363.7532958984375,14067408,0.0015177479541921527,1355.6784144810267,1411.6489083426338,10.62791364955327,0
2024-10-22,RELIANCE.NS,1363.7532474009167,1370.5262455038624,1334.8935348258,1338.006103515625,15831960,-0.018879620587053735,1351.587611607143,1404.8866257440477,11.20036488604808,0
2024-10-23,RELIANCE.NS,1332.1793705575924,1352.0748848775756,1329.689315659354,1333.2003173828125,17214742,0.0007663733936915595,1346.749790736607,1397.5421491350446,10.703570576977683,1
2024-10-24,RELIANCE.NS,1329.9633130042932,1338.3547254831988,1317.8616212723591,1334.4703369140625,22155934,0.003388833260060543,1346.1486293247767,1390.4478701636904,11.332162851198296,0
2024-10-25,RELIANCE.NS,1338.1555171764887,1339.002111534351,1316.7410448137834,1322.5677490234375,18597496,-0.01164869699595265,1342.4170968191963,1382.569812593006,14.274944467085852,1
2024-10-28,RELIANCE.NS,1331.6813526124563,1347.6177038778262,1316.8406011796387,1329.0418701171875,10824350,-0.001982067624579055,1339.2760532924108,1374.810325985863,14.481654821832604,1
2024-10-29,RELIANCE.NS,1322.8167478889227,1337.856655249044,1315.0478495098762,1334.66943359375,12008361,0.008960187209409736,1336.5298723493304,1365.9801141648065,12.994190806095938,1
2024-10-30,RELIANCE.NS,1329.6893351932274,1344.62966480214,1320.0776988278842,1338.553955078125,11984423,0.006666684954353948,1332.929966517857,1359.6873895554315,5.558189684632175,0
2024-10-31,RELIANCE.NS,1334.6694245700712,1337.6574904459744,1320.8745447599274,1326.7510986328125,9331650,-0.0059327993819963286,1331.3221086774554,1353.389927455357,5.47228820358101,1
2024-11-01,RELIANCE.NS,1327.7471304089104,1336.6116286385318,1327.6972806767253,1333.3248291015625,2127335,0.004200874221384564,1331.3398960658483,1350.1492978050596,5.479608190315955,0
2024-11-04,RELIANCE.NS,1332.5280301195803,1334.6695017714562,1279.9878687625326,1296.9700927734375,19796890,-0.026684569887022832,1325.9827183314733,1346.147426060268,13.848856035954322,1
2024-11-05,RELIANCE.NS,1287.8564249120311,1304.340637375998,1281.0336986406933,1300.1075439453125,16267479,0.009512798784319623,1322.7741176060267,1343.0443464006696,17.012454677185307,1
2024-11-06,RELIANCE.NS,1304.7888451117578,1323.0160966964434,1295.0277806900112,1320.0777587890625,21625209,0.01171753861521949,1321.4935302734375,1339.629417782738,16.79805537740255,0
2024-11-07,RELIANCE.NS,1318.7331565363688,1318.7331565363688,1297.4182609581876,1300.4561767578125,9611974,-0.013859498176689904,1316.605922154018,1336.3591482979912,17.295436823557075,0
2024-11-08,RELIANCE.NS,1292.4879180085577,1296.4720058402277,1269.9279963447846,1278.6431884765625,19814406,-0.010711689710281323,1308.0472412109375,1332.218540736607,19.328255103758675,0
2024-11-11,RELIANCE.NS,1273.8622221377802,1280.884225507143,1261.9598084895413,1267.6370849609375,9056552,-0.004886821407103027,1299.6023821149554,1327.5040341331846,22.455235476278887,1
2024-11-12,RELIANCE.NS,1270.4759075040322,1284.1712099692156,1262.4578817905294,1269.1810302734375,10671091,-0.001019206442992374,1290.4389822823662,1322.8428896949404,19.2609516181867,0
2024-11-13,RELIANCE.NS,1265.196886863478,1270.3761523895544,1244.5294313213271,1247.0693359375,14633633,-0.014327849771206519,1283.310302734375,1318.4805501302083,24.861113740725003,1
2024-11-14,RELIANCE.NS,1248.613186761178,1267.537605244334,1246.1231316976048,1262.5574951171875,12612633,0.01116783684799946,1277.946010044643,1314.3790748232886,24.683166051128786,0
2024-11-18,RELIANCE.NS,1262.55746761959,1267.8364328732807,1238.951794764919,1255.7347412109375,13620611,-0.0054038937502907695,1268.754150390625,1309.8412446521577,17.235507639231443,0
2024-11-19,RELIANCE.NS,1255.734688515481,1276.4021442257297,1230.236550606767,1236.710693359375,14183746,-0.015149693108021027,1259.6476527622767,1304.2611490885417,14.280773268246051,0
2024-11-21,RELIANCE.NS,1236.7107220331202,1239.0014996478671,1212.407761281373,1218.1348876953125,19433843,-0.01502035521069107,1251.0036097935267,1297.326939174107,18.5431292097986,1
2024-11-22,RELIANCE.NS,1224.509420421979,1263.8024380613526,1217.586994857739,1260.3662109375,20471957,0.029282576285255803,1249.9649135044642,1293.6298014322917,17.63764638265562,1
2024-11-25,RELIANCE.NS,1284.868314871977,1299.260783408558,1277.3483005192684,1281.8802490234375,28923341,-0.0023255813953488233,1251.779087611607,1291.1859886532739,20.383041657589555,1
2024-11-26,RELIANCE.NS,1289.7986377983043,1292.687125909721,1279.0914013187908,1290.545654296875,9247557,0.0005791729628788136,1257.989990234375,1289.0943371000744,24.844342331454406,0
2024-11-27,RELIANCE.NS,1288.3543972122054,1298.6632001168684,1280.8842325588682,1288.0555419921875,9572746,-0.00023196662398528554,1261.632568359375,1287.4508986700148,27.36678263017939,0
2024-11-28,RELIANCE.NS,1284.818474176107,1291.442044503892,1264.0017125526565,1265.7447509765625,15027412,-0.014845461505194769,1263.0625697544642,1284.4367501395088,27.268590301050974,1
2024-11-29,RELIANCE.NS,1274.9081506356404,1294.3305794929802,1270.177046170391,1287.0595703125,13202307,0.009531211853027381,1270.2552664620537,1282.1696137927827,25.757673765268166,1
2024-12-02,RELIANCE.NS,1282.876370557777,1306.133460567327,1271.9699779978705,1303.9422607421875,11024152,0.0164208264084336,1282.513462611607,1280.5214378720239,14.984339812740984,1
2024-12-03,RELIANCE.NS,1311.760901783446,1321.5219654799555,1301.8006823317874,1318.035888671875,16869482,0.0047836361641041105,1290.751988002232,1280.1064278738838,16.549982527427854,0
2024-12-04,RELIANCE.NS,1320.7251432865569,1323.1156203515295,1298.8625094957515,1303.742919921875,19608540,-0.012858257034785067,1293.8752267020088,1278.697765531994,16.659260436522658,1
2024-12-05,RELIANCE.NS,1309.1214514378748,1324.6593698468237,1300.9541199209712,1316.7908935546875,16858723,0.00585846493340165,1297.624546595982,1279.641613188244,18.62268190040358,0
2024-12-06,RELIANCE.NS,1318.6334884089777,1318.6334884089777,1304.7887589399247,1306.3326416015625,9037514,-0.009328480518310646,1300.235560825893,1279.9380464099702,18.336525431220664,0
2024-12-09,RELIANCE.NS,1297.816673231309,1309.7689372979064,1287.9560310594236,1289.9979248046875,14650002,-0.00602453997385813,1303.7002999441963,1278.5056733630952,11.89209328695173,0
2024-12-10,RELIANCE.NS,1284.121290398709,1289.7488386952923,1275.107243177966,1279.73876953125,16043729,-0.0034128558573297777,1302.6544712611608,1277.5191301618304,13.77265436828196,0
2024-12-11,RELIANCE.NS,1279.8882324099652,1284.8683422637005,1270.9738844056644,1273.115234375,11724373,-0.005291866792315136,1298.2506103515625,1277.255894252232,17.669494558800043,0
2024-12-12,RELIANCE.NS,1264.9479526569407,1273.1152845047754,1255.5853214463157,1257.876220703125,20906813,-0.005590531957431158,1289.6563720703125,1276.7910911923364,20.79612867662492,1
2024-12-13,RELIANCE.NS,1254.9877622795104,1270.1272485556606,1234.6688884780408,1267.78662109375,28630222,0.010198393322172499,1284.5197579520088,1276.7246907552083,21.174022420600924,0
2024-12-16,RELIANCE.NS,1269.9280595585296,1275.904191603511,1261.511722229068,1263.2547607421875,9486781,-0.0052548636642157556,1276.8717389787946,1277.4954252697173,16.78969875922783,0
2024-12-17,RELIANCE.NS,1256.033537225462,1258.8721754853295,1237.8561365143116,1240.34619140625,17462791,-0.012489591523061389,1267.445103236607,1276.437744140625,15.99741916044008,1
2024-12-18,RELIANCE.NS,1235.714673937889,1254.9378248920182,1235.714673937889,1248.2645263671875,12670179,0.010155946752097257,1261.483189174107,1276.082019624256,13.82002383084494,0
2024-12-19,RELIANCE.NS,1234.0712121990753,1239.947766097918,1224.1109925687356,1225.55517578125,14244653,-0.006900765801553671,1253.74267578125,1275.550804501488,16.753633691417864,0
2024-12-20,RELIANCE.NS,1219.1309339507775,1234.5692750261348,1196.7204388413884,1200.50537109375,20312896,-0.015277737885518618,1243.369838169643,1274.7113037109375,23.76920176159943,1
2024-12-23,RELIANCE.NS,1210.166734877433,1222.3181546925216,1208.3738466363206,1217.437744140625,10052824,0.0060082706404323,1237.5929129464287,1272.6670910063244,24.557001803904512,1
2024-12-24,RELIANCE.NS,1217.4377030050357,1228.6429501715868,1216.1428258096823,1217.8858642578125,6734917,0.00036811842747320073,1230.4642333984375,1269.6197393508185,21.3668718550718,0
2024-12-26,RELIANCE.NS,1219.3798917928575,1222.8161189414398,1209.419672133533,1211.7105712890625,10016178,-0.006289525155707451,1223.1007777622767,1265.865687779018,16.51361601789112,1
2024-12-27,RELIANCE.NS,1213.4536884394554,1223.0154756156849,1212.1588111658666,1216.1927490234375,7000397,0.002257243609770257,1219.6502859933037,1262.4436500186011,14.737550673302039,0
2024-12-30,RELIANCE.NS,1211.5611874241415,1218.3340640862093,1203.294156174512,1205.8837890625,8818766,-0.004686018684464488,1213.5958949497767,1259.5931280226935,8.339909355072804,0
2022-05-02,TCS.NS,3127.6501716746743,3152.5743861315545,3103.5257934019173,3147.642822265625,1324161,0.006392227229251086,3166.0295758928573,3232.060279482887,23.227979797251532,0
2022-05-04,TCS.NS,3144.177147062356,3150.352610577351,3079.134441497657,3091.97412109375,2305825,-0.01660308040129995,3149.1722237723216,3221.0505719866073,28.287219186462025,1
2022-05-05,TCS.NS,3120.719310294704,3139.290173030347,3096.950272047163,3121.874267578125,1612262,0.0003700932921493534,3144.7548479352677,3210.6692010788693,29.990152675832206,0
2022-05-06,TCS.NS,3073.536813981293,3087.309528817,3042.881416443752,3050.078857421875,2010812,-0.007632235427508006,3130.3221609933034,3196.378173828125,46.298889944747295,1
2022-05-09,TCS.NS,3019.334182875504,3070.8707875272926,2973.884315719168,3061.185546875,2481830,0.013861123500956118,3115.584716796875,3180.7352353050596,49.9388200949832,0
2022-05-10,TCS.NS,3051.32254251295,3078.6903011908057,3040.6597962956653,3055.543212890625,1622685,0.0013832265579498935,3097.10888671875,3167.339088076637,43.546516531041846,0
2022-05-11,TCS.NS,3052.211345927517,3064.162464870448,3005.25074397707,3031.7744140625,1841769,-0.00669577874818053,3080.0104631696427,3155.823753720238,42.12181638451795,0
2022-05-12,TCS.NS,3001.562535570194,3065.272389696811,2976.771741721447,3028.796875,2807195,0.009073387313129,3063.032470703125,3144.1031668526784,33.357694045392364,1
2022-05-13,TCS.NS,3052.21101624816,3056.56488405373,3005.250419370082,3034.350830078125,2187823,-0.005851556814046569,3054.8005719866073,3132.192185174851,32.111998791758424,0
2022-05-16,TCS.NS,3034.440105114655,3047.7685389584967,2991.4337786855167,3000.4970703125,1195813,-0.011185930064970784,3037.4609723772323,3118.893380301339,20.54442523688323,1
2022-05-17,TCS.NS,2994.454423948811,3080.644951878495,2977.0385191605064,3066.961181640625,1754076,0.024213678829747835,3039.872732979911,3109.9929547991073,23.104024357367756,0
2022-05-18,TCS.NS,3078.867562490775,3105.524424503682,3059.3636685048177,3064.472900390625,1866781,-0.004675310583513675,3040.342354910714,3106.639694940476,23.636708866500715,0
2022-05-19,TCS.NS,3018.445676343152,3025.5541736674804,2870.055794697786,2898.4453125,4642963,-0.039755681138688784,3017.8997977120534,3097.7562081473216,57.34426734282818,1
2022-05-20,TCS.NS,2941.140958181892,2944.6062640779983,2905.6429407592427,2926.035400390625,3065125,-0.00513595166163161,3002.7942243303573,3086.5941801525296,66.30674182482349,1
2022-05-23,TCS.NS,2936.5202138894765,2966.820052808569,2902.932521493636,2951.581298828125,2293690,0.005128888562527482,2991.763427734375,3073.6084914434523,67.66877745114898,0
2022-05-24,TCS.NS,2945.717152539396,2954.3363801932683,2910.5746879512376,2921.5927734375,1711510,-0.00818964545903508,2975.6551339285716,3059.8759765625,69.24386209997591,0
2022-05-25,TCS.NS,2945.611309765418,2945.611309765418,2821.4480525569816,2833.61376953125,3548046,-0.03802183263720804,2951.8146623883927,3044.676827566964,85.97317938836642,1
2022-05-26,TCS.NS,2854.5009742701145,2899.675621465552,2845.152996895877,2886.659912109375,2813186,0.01126604549416327,2926.0573381696427,3032.0840773809523,71.52000626457918,1
2022-05-27,TCS.NS,2910.142260546347,2933.132090597313,2888.673117763423,2917.38818359375,3103153,0.0024898861975367723,2905.045235770089,3020.3241024925596,37.67491433716666,1
2022-05-30,TCS.NS,2949.3239048264945,3029.475469852993,2939.797058734141,3019.322265625,2094624,0.023733697300576215,2922.3133719308034,3012.4406854538693,56.92796018055311,0
2022-05-31,TCS.NS,3000.44672887576,3026.612246033562,2974.3707538356352,3009.5712890625,4840965,0.00304106721806683,2934.2470703125,3005.6839192708335,65.88873754135497,0
2022-06-01,TCS.NS,3030.7269440021355,3030.7269440021355,2987.833434858042,3001.3857421875,1493835,-0.009681242275125537,2941.361990792411,2998.7192964099704,70.59358509291103,1
2022-06-02,TCS.NS,3001.206902011668,3070.0870604184925,2993.424382338286,3062.0361328125,2657939,0.020268256333829966,2961.4253278459823,2997.293677920387,82.92003143491483,1
2022-06-03,TCS.NS,3094.5979714961795,3110.610505046436,3069.37177211008,3077.3779296875,1913622,-0.005564548922764905,2996.248779296875,2995.1748046875,70.56308255420986,0
2022-06-06,TCS.NS,3057.563601837621,3088.872766865215,3021.021246154396,3069.14794921875,1084210,0.0037887510742759052,3022.3184988839284,2996.0828566778273,55.41066221967888,0
2022-06-07,TCS.NS,3042.400956238807,3058.323946138484,3002.101545860968,3008.094970703125,2308256,-0.011275958044035373,3035.276611328125,2993.554734002976,32.758199650213186,1
2022-06-08,TCS.NS,3023.704930238696,3053.940682272369,2993.6034913799344,3045.174072265625,2185707,0.007100276820077924,3038.9697265625,2993.060965401786,32.11059729329611,1
2022-06-09,TCS.NS,3028.043319910622,3074.5597904085103,2999.5073417133417,3065.703857421875,1279197,0.012437251892540531,3046.9886648995534,2994.6766531808034,30.51465432701751,0
2022-06-10,TCS.NS,3025.359920942585,3035.1999443400923,2998.5234934948394,3005.59033203125,1527582,-0.006534623789547571,3047.5893205915177,2993.571579706101,29.491622159961338,0
2022-06-13,TCS.NS,2943.061261429589,2945.7449039172147,2855.798109527881,2880.085205078125,3030921,-0.021398146609042597,3021.5963309151784,2986.2255975632443,68.72409137283476,0
2022-06-14,TCS.NS,2853.606749841241,2897.350038679705,2839.920128333768,2871.98974609375,2611493,0.006442021576214709,2992.2551618303573,2980.106201171875,83.24884228185587,0
2022-06-15,TCS.NS,2879.1016702955644,2892.9671591535985,2863.4470861010104,2868.188232421875,1404536,-0.0037905705054761267,2963.546630859375,2970.640822637649,86.88408217708309,0
2022-06-16,TCS.NS,2898.3341186445737,2902.6727617050265,2802.6622999813585,2810.66845703125,2032028,-0.030246913580246962,2935.342843191964,2958.5548967633927,100.92246891648502,0
2022-06-17,TCS.NS,2765.94115364254,2789.870301721433,2704.9778226240087,2763.16796875,5240434,-0.0010026189056437265,2895.0562569754466,2952.1131184895835,105.9341727202957,1
2022-06-20,TCS.NS,2767.729867065567,2807.760866274094,2745.366180356892,2784.189453125,1502769,0.005946962619182238,2854.839913504464,2945.3585495721727,80.8101255848718,1
2022-06-21,TCS.NS,2799.9335778172745,2896.3210675967666,2795.818572101948,2873.24169921875,2964461,0.026182093026158097,2835.9329659598216,2941.6280924479165,48.80622698580251,1
2022-06-22,TCS.NS,2862.462666195436,2907.771631404836,2847.344899703459,2883.08203125,3336315,0.007203365583792731,2836.361083984375,2939.7942475818454,49.26901984481914,1
2022-06-23,TCS.NS,2883.081913563109,2968.108699833873,2883.081913563109,2959.87890625,3692578,0.02663711784448745,2848.916678292411,2945.8068731398807,67.63673572026539,0
2022-06-24,TCS.NS,2986.894115729963,2992.2614007537363,2931.879444236284,2945.83447265625,2132118,-0.013746601480607983,2860.0089983258927,2948.624709356399,77.03760686949016,1
2022-06-27,TCS.NS,2996.7348041479822,3008.2743821550343,2957.821979079195,2965.1572265625,2037686,-0.010537328008395531,2882.0788225446427,2950.8994256882443,82.48320852532444,1
2022-06-28,TCS.NS,2958.2688019152474,2978.843395941268,2927.496452991012,2968.242919921875,1400046,0.003371606393634722,2911.375244140625,2948.4670758928573,68.43168908986198,0
2022-06-29,TCS.NS,2926.065111388372,2981.527060916369,2926.065111388372,2943.5087890625,2133994,0.00596147966982573,2934.1351492745534,2945.321242559524,39.42846419189174,0
2022-06-30,TCS.NS,2926.959367187758,2961.757176951733,2911.7520599621494,2922.576171875,2719603,-0.0014975251661826922,2941.182931082589,2941.568405877976,30.015334500654053,1
2022-07-01,TCS.NS,2916.2249914387658,2981.526962105953,2909.1133821479257,2965.5146484375,1502879,0.01690187044670254,2952.9590192522323,2936.972144717262,16.588680734894172,0
2022-07-04,TCS.NS,2962.741394025175,2968.0639081040827,2884.960530635869,2893.906005859375,2622535,-0.02323368090938248,2943.5343191964284,2928.2353864397323,27.290733249790502,0
2022-07-05,TCS.NS,2911.752246950709,2926.9595551529096,2868.7691939118813,2877.13330078125,2170627,-0.011889385920698823,2933.7198660714284,2919.0918317522323,36.96449836780674,1
2022-07-06,TCS.NS,2879.101361167748,2923.828739778401,2864.564963119285,2916.89599609375,2182144,0.013127233183159828,2926.8254045758927,2914.7490234375,34.545247161482926,1
2022-07-07,TCS.NS,2926.0652132459163,2969.361229929666,2920.742698680176,2941.138427734375,1989921,0.00515135972370821,2922.9533342633927,2909.794945126488,30.399413820153264,0
2022-07-08,TCS.NS,2952.0070042630127,2956.47974214826,2907.279625410543,2921.100341796875,2136916,-0.010469711766098528,2919.752127511161,2902.9090634300596,29.022746682681394,0
2022-07-11,TCS.NS,2868.053471913843,2884.9157801887623,2778.464624268619,2785.442138671875,6974600,-0.028803972468073227,2900.161551339286,2892.4258161272323,58.307492517771756,0
2022-07-12,TCS.NS,2786.4259354986384,2805.4798410310173,2755.429951813746,2759.41064453125,3734815,-0.009695319952063951,2870.7181222098216,2886.6794084821427,70.55726272197016,0
2022-07-13,TCS.NS,2776.675624742904,2782.04291010001,2714.9518431361835,2718.306396484375,3863530,-0.021021262886597846,2845.6324637276784,2879.361153738839,89.58849284086554,0
2022-07-14,TCS.NS,2740.953003855773,2741.8499125612234,2661.1281290707066,2689.60498046875,4764908,-0.018733638743455485,2818.842703683036,2870.8571893601193,105.26555497983755,0
2022-07-15,TCS.NS,2707.3644698054904,2716.6473457633606,2648.5720461846936,2685.883544921875,4574806,-0.007934256773768895,2785.8409249441966,2864.9150506882443,105.6132017771153,1
2022-07-18,TCS.NS,2711.3553684957465,2759.7435556409487,2703.552305539903,2747.68017578125,3202795,0.013397287462785247,2758.204031808036,2864.177536737351,80.5369829187771,1
2022-07-19,TCS.NS,2717.678934892057,2761.5376937826195,2717.678934892057,2757.322265625,1865074,0.014587201683011758,2734.8071637834823,2862.898146856399,37.75117961969049,1
2022-07-20,TCS.NS,2787.413066314355,2844.9496752294567,2778.6682059727723,2838.536865234375,3402251,0.01834094829282627,2742.3921247209823,2861.245535714286,52.19217411044235,1
2022-07-21,TCS.NS,2840.5103301995564,2855.757780661632,2819.9263158701324,2849.74853515625,2420640,0.003252304650497289,2755.297537667411,2859.658226376488,66.3501561063687,0
2022-07-22,TCS.NS,2856.655114449676,2867.4180222592195,2819.433391608338,2844.098388671875,2075886,-0.004395604395604527,2773.267822265625,2854.1448683965773,71.49683909720007,0
2022-07-25,TCS.NS,2838.7167863129835,2857.95543922205,2824.45602179989,2840.286376953125,1797504,0.0005529225908373114,2794.7937360491073,2849.1187686011904,64.44538880675273,0
2022-07-26,TCS.NS,2838.44692278628,2842.213895536808,2777.277793161116,2794.677734375,2639367,-0.01542011867825075,2810.335763113839,2841.0006975446427,43.525759267307485,1
2022-07-27,TCS.NS,2793.871341642212,2864.816926220991,2789.386796952577,2860.108154296875,1389808,0.023707896518860325,2826.396902901786,2835.8514229910716,36.771359189464384,1
2022-07-28,TCS.NS,2884.458893622528,2927.510518900476,2871.5881638933847,2924.371337890625,2106333,0.013837064676616573,2850.261056082589,2834.940115792411,38.63072371193872,1
2022-07-29,TCS.NS,2950.8300463555915,2975.3157011729186,2937.376413925399,2961.503173828125,2430257,0.0036169915938450087,2867.8276715959823,2836.7937825520835,56.31939738720564,0
2022-08-01,TCS.NS,2984.0156856722806,2984.0156856722806,2933.78879105321,2958.722900390625,1306913,-0.008476089922415166,2883.395438058036,2836.4703659784227,64.89715852440823,0
2022-08-02,TCS.NS,2950.829856355455,2971.368979620975,2934.3714928201657,2952.4443359375,1269114,0.000547127303381398,2898.8734305245534,2839.2579055059523,66.8535234170055,1
2022-08-03,TCS.NS,2941.860735373933,3003.74743986808,2939.214898323992,2995.226806640625,2895824,0.01814024390243909,2921.0077776227677,2844.8814057849704,69.80733790481626,1
2022-08-04,TCS.NS,3004.64457361168,3038.6373306019964,2966.39149968863,3009.084228515625,2150567,0.0014775973647387526,2951.637276785714,2849.2713216145835,49.10771221548324,1
2022-08-05,TCS.NS,3014.689636001641,3028.860837995697,3009.1288455657577,3018.142822265625,1106933,0.0011454533238665792,2974.2136579241073,2852.9381975446427,34.026854132911524,1
2022-08-08,TCS.NS,3018.098716826462,3030.565664056086,2992.0883564139904,3026.574462890625,1068836,0.002808306440378919,2988.8141043526784,2857.9607747395835,30.854893161705746,0
2022-08-10,TCS.NS,3036.0364904074586,3036.0364904074586,2991.1910474176884,3008.45654296875,1878359,-0.00908419497784335,2995.521728515625,2868.5805082775296,28.97452762747433,1
2022-08-11,TCS.NS,3049.4899618791087,3075.231200998242,3027.1121308061656,3069.67041015625,1449248,0.0066176470588235736,3011.3713727678573,2883.354782831101,35.172276451360275,0
2022-08-12,TCS.NS,3066.531141485432,3066.531141485432,3032.6728347901767,3050.880126953125,1472354,-0.005103817248281863,3025.4336286272323,2899.191627139137,26.226103069619832,0
2022-08-16,TCS.NS,3059.355857327806,3062.809043729428,3038.2785009375384,3042.9423828125,839942,-0.005365009917362916,3032.2501395089284,2916.0172177269346,23.07849477940355,1
2022-08-17,TCS.NS,3036.126264902708,3065.589589525235,3023.56954088203,3050.476806640625,1622326,0.004726595828311777,3038.1633649553573,2933.3788016183034,21.395053338002814,0
2022-08-18,TCS.NS,3040.521048261321,3042.3148659889093,3015.4076000750924,3032.673095703125,1430659,-0.0025811209439526245,3040.2391183035716,2946.9498930431546,19.772242779328487,1
2022-08-19,TCS.NS,3037.8303646112154,3068.773720849505,3023.7040498067786,3036.709228515625,1398410,-0.00036905816356663383,3041.686941964286,2960.2540341331846,18.95922584583867,0
2022-08-22,TCS.NS,3018.0982394990715,3035.22928589152,3002.3125563634576,3008.7255859375,1536532,-0.0031054832605870116,3041.7253766741073,2968.3582589285716,18.88074284014747,0
2022-08-23,TCS.NS,2977.692165242651,2997.3792685403614,2932.891616907202,2945.986572265625,1849256,-0.010647706753274198,3024.0562569754466,2972.9410226004466,37.27935965549486,0
2022-08-24,TCS.NS,2952.6235708434897,2966.97411067748,2915.132741732818,2919.751953125,1691923,-0.011133020153022453,3005.323660714286,2976.5435732886904,51.70751170494662,0
2022-08-25,TCS.NS,2938.273257710074,2940.201524060297,2883.337593169555,2886.431884765625,1946930,-0.01764348254826763,2982.965018136161,2978.7409784226193,64.88801179811252,1
2022-08-26,TCS.NS,2900.872215467774,2921.23200171297,2885.1763112522453,2890.01953125,1457962,-0.003741179690682751,2960.042550223214,2983.2810639880954,65.40345257141095,0
2022-08-29,TCS.NS,2802.840110903929,2818.7153534977124,2763.376122142402,2809.61181640625,2539173,0.002416015625000082,2928.1766531808034,2980.8764764694943,77.36475449598298,1
2022-08-30,TCS.NS,2829.7473003990763,2893.876280423968,2818.1772643190006,2880.108642578125,3431525,0.017797116432250445,2905.8051409040177,2978.768729073661,61.83264137031457,0
2022-09-01,TCS.NS,2861.139194303962,2861.139194303962,2799.252484458516,2808.849365234375,3546935,-0.01827587737558773,2877.251395089286,2971.4995000930057,51.704678805733835,0
2022-09-02,TCS.NS,2836.922912111712,2836.922912111712,2798.624945047044,2807.68359375,2052900,-0.010306701756639232,2857.493826729911,2964.307152157738,47.29846141228431,1
2022-09-05,TCS.NS,2801.6289190166253,2823.4238453556204,2791.404246893078,2810.373779296875,2147912,0.0031213485201027702,2841.8683733258927,2957.5418875558034,40.94306559339935,0
2022-09-06,TCS.NS,2812.257301713868,2817.055850971936,2786.1125000202123,2804.678466796875,1936453,-0.002694929412175121,2830.1893136160716,2948.4681570870534,37.63949004917376,1
2022-09-07,TCS.NS,2782.211106134661,2835.935855830716,2782.211106134661,2824.904052734375,1291534,0.015344970230899415,2820.8871023995534,2939.6976725260415,26.9039909456395,1
2022-09-08,TCS.NS,2843.200724399798,2855.308992469009,2834.321415404456,2842.88671875,1346113,-0.00011044090102520126,2825.6406598772323,2931.3521437872023,27.51249793972208,1
2022-09-09,TCS.NS,2865.623580085852,2900.154568453084,2841.855497183731,2885.9384765625,1561185,0.007089171312597597,2826.4734933035716,2924.6551920572915,29.455716859359395,1
2022-09-12,TCS.NS,2905.894755438751,2932.7124601440546,2892.530901806751,2908.63037109375,1785928,0.0009414021790978442,2840.7279227120534,2919.901564825149,41.27682341599985,0
2022-09-13,TCS.NS,2927.017076901439,2927.017076901439,2892.530976189004,2896.4326171875,1972678,-0.010449019910165972,2853.4063546316966,2911.652146112351,43.0281763622344,0
2022-09-14,TCS.NS,2811.8088220175355,2817.548950205799,2792.794401050576,2798.7138671875,5090269,-0.0046571284389952065,2851.740652901786,2899.6442289806546,45.1452977866514,0
2022-09-15,TCS.NS,2807.324470182577,2814.275513199802,2780.417206890092,2784.31884765625,2138023,-0.008194856978833941,2848.8321358816966,2887.3288225446427,49.15997971974293,0
2022-09-16,TCS.NS,2758.8917984020136,2775.350164437028,2690.726721458401,2698.52978515625,5322221,-0.021879079593018495,2830.7786690848216,2870.5694405691966,75.53914157911991,1
2022-09-19,TCS.NS,2723.015072507459,2728.396525219925,2679.7841128450286,2716.557373046875,2072220,-0.0023715254189311473,2812.731619698661,2855.516310918899,86.46482822910309,1
2022-09-20,TCS.NS,2735.571797602663,2762.434171951961,2717.6336218806787,2726.871826171875,1544295,-0.0031803118596310876,2790.0078125,2840.7621489025296,84.90687004153023,0
2022-09-21,TCS.NS,2715.839934791707,2727.85842551412,2689.0671186515897,2691.802734375,2253818,-0.008850742677716234,2759.0324358258927,2825.670584542411,73.15698613596349,1
2022-09-22,TCS.NS,2681.757642079149,2717.5891092550232,2672.1607605323097,2697.36376953125,2017983,0.005819365332357873,2730.5940290178573,2813.8314034598216,43.54055851518799,0
2022-09-23,TCS.NS,2694.3140576547,2710.9068705929853,2671.891337467826,2674.626953125,2652374,-0.007306907846829371,2712.8673270089284,2802.1587844122023,35.74686675740921,1
2022-09-26,TCS.NS,2654.716072179793,2713.9120635249656,2624.445394787376,2685.7041015625,2925489,0.011672822456400202,2698.7795061383927,2792.600318545387,17.843229497993438,1
2022-09-27,TCS.NS,2699.1577686794003,2713.149636210276,2669.2010966485227,2706.3779296875,2227447,0.002674968129644477,2699.9006696428573,2783.8554803757443,18.07004731659965,1
2022-09-28,TCS.NS,2672.7880439651785,2735.5267665048214,2672.7880439651785,2722.700927734375,2739767,0.0186744638737417,2700.7783203125,2779.716866629464,19.13188336263951,0
2022-09-29,TCS.NS,2739.1596194850167,2740.818988441174,2681.757453261362,2688.304931640625,2493902,-0.018565799335911938,2695.2687639508927,2770.5833565848216,15.590604349116212,1
2022-09-30,TCS.NS,2682.5202523624566,2708.395944492263,2645.9712122185083,2694.807861328125,2817353,0.0045806211359809305,2695.698067801339,2765.152808779762,15.52047369046636,0
2022-10-03,TCS.NS,2686.242250040997,2709.292765787869,2667.4071624781054,2677.228271484375,1763331,-0.0033556089576375725,2692.8215680803573,2758.940650576637,16.95950903712599,1
2022-10-04,TCS.NS,2717.589197171234,2778.623894292473,2711.355723836716,2772.47998046875,2145875,0.020198337318477855,2706.8005719866073,2757.136183965774,32.58905869580378,1
2022-10-06,TCS.NS,2790.2833283499613,2801.943142965374,2773.645626008208,2782.166259765625,1790816,-0.0029090481607601864,2720.580880301339,2756.0641741071427,41.38825926390462,0
2022-10-07,TCS.NS,2778.0850813198663,2784.9016754249496,2742.8367425378724,2748.935546875,1939879,-0.010492671603497958,2726.6605398995534,2752.4466262090773,42.07425086267214,1
2022-10-10,TCS.NS,2699.695203717736,2804.6335222675616,2695.210660189965,2797.0546875,3064063,0.03606313914555637,2737.2825055803573,2750.2641485305057,49.61741951733644,0
2022-10-11,TCS.NS,2780.417274423348,2820.7781703423966,2738.5765665760173,2753.1064453125,4730645,-0.009822564894153186,2746.539864676339,2743.9388137090773,44.76425909688268,1
2022-10-12,TCS.NS,2766.874238068968,2789.296961055594,2746.380000642333,2781.09033203125,1665247,0.005137961735551574,2758.8659319196427,2737.865478515625,39.74301708723017,1
2022-10-13,TCS.NS,2781.090523850108,2789.386931927383,2737.6802167426417,2783.377685546875,2054781,0.0008223974290489822,2774.0301339285716,2732.481910342262,17.337299625086818,0
2022-10-14,TCS.NS,2820.778388463066,2825.262932800845,2754.407132263935,2779.655029296875,2245977,-0.014578727394674121,2775.0551409040177,2731.5743466331846,17.442160353568546,1
2022-10-17,TCS.NS,2763.019215303223,2813.1512922234274,2761.9401831157984,2798.17919921875,1517005,0.012725204269586798,2777.342703683036,2732.2343633742557,19.463201192683286,1
2022-10-18,TCS.NS,2832.5748013053026,2837.3857701324823,2813.2863596612765,2827.808837890625,1793722,-0.001682555183531721,2788.6103166852677,2738.3905087425596,22.818295395606558,0
2022-10-19,TCS.NS,2840.667783808336,2840.667783808336,2798.403970627268,2807.261474609375,1194289,-0.011760019735280314,2790.068429129464,2742.7097516741073,23.754730331454788,1
2022-10-20,TCS.NS,2792.109143222076,2841.566793102016,2792.109143222076,2839.138916015625,1587601,0.016843816047705407,2802.3587820870534,2748.0558035714284,23.699782993118884,0
2022-10-21,TCS.NS,2839.588073063892,2841.925938958036,2811.8917496900967,2821.24365234375,1021913,-0.006460240094031815,2808.094970703125,2754.219656808036,22.5242188968811,1
2022-10-24,TCS.NS,2850.649367528384,2857.753197352684,2837.0709054901563,2843.095703125,260949,-0.0026498048091875355,2816.6261160714284,2761.1592726934523,22.908101248955134,1
2022-10-25,TCS.NS,2860.0008211883264,2863.372933459811,2833.608334661418,2843.455078125,2069643,-0.0057852231862128255,2825.740408761161,2769.198707217262,17.889131923862557,0
2022-10-27,TCS.NS,2842.1962627209805,2854.156065820698,2818.501683563732,2839.228759765625,2438421,-0.0010440879802278474,2831.6046316964284,2776.5094052269346,13.550632290743298,1
2022-10-28,TCS.NS,2832.57446047874,2858.202515121167,2828.078310541472,2844.4892578125,1355739,0.004206349206349251,2833.987548828125,2783.086135137649,14.22190384590332,1
2022-10-31,TCS.NS,2876.63680408088,2876.63680408088,2857.573171762738,2871.376220703125,1919414,-0.0018287269947643008,2843.146798270089,2790.1659109933034,14.775892996490278,1
2022-11-01,TCS.NS,2890.5748188380967,2933.827869411688,2880.638283485939,2931.219970703125,2991060,0.014061269613275794,2856.3012346540177,2801.7332938058034,36.14671098284637,0
2022-11-02,TCS.NS,2940.4819429548256,2940.4819429548256,2897.363910665387,2915.03369140625,1405955,-0.008654449182912935,2869.6998116629466,2812.220238095238,38.30431356676692,0
2022-11-03,TCS.NS,2902.759109440862,2902.759109440862,2873.0395174729088,2883.60546875,1422652,-0.006598425831674198,2875.4869210379466,2822.0477236793154,36.638952155740384,1
2022-11-04,TCS.NS,2892.823501210687,2895.566197178931,2847.097558550178,2893.18310546875,1464013,0.00012430909037916533,2882.5909249441966,2827.7954915364585,34.12800602861051,1
2022-11-07,TCS.NS,2903.613506895121,2916.022924105761,2873.12969942292,2907.83984375,1474498,0.0014555438748451396,2892.392508370536,2833.7799479166665,29.07764903718283,0
2022-11-09,TCS.NS,2922.318009880542,2922.318009880542,2879.019949035101,2891.968994140625,1162267,-0.010385254321160456,2899.1753278459823,2840.591064453125,20.233921646578228,0
2022-11-10,TCS.NS,2850.559236004668,2900.01688836437,2850.559236004668,2882.61669921875,1573092,0.011246025975946239,2900.7811104910716,2844.6654459635415,17.98062647198784,1
2022-11-11,TCS.NS,2940.123059328532,3004.867631737678,2927.039216413128,2981.80224609375,3265394,0.014176000774177444,2908.007149832589,2855.5557221912204,34.67037222503214,1
2022-11-14,TCS.NS,2989.0404470492617,3011.5211965005947,2975.5519973784617,2999.381591796875,1342074,0.0034596871239470518,2920.0568498883927,2865.9505440848216,49.15241214679177,0
2022-11-15,TCS.NS,2986.342770174787,3003.383134425704,2960.265100697199,2996.77392578125,1400708,0.003492953223803102,2936.2237723214284,2876.1122698102677,53.57701403750882,1
2022-11-16,TCS.NS,3002.4389362944166,3028.5166060956044,2986.7474168217614,3017.2314453125,1748235,0.004926830930436889,2953.9449637276784,2887.4254324776784,57.35044072100281,0
2022-11-17,TCS.NS,3003.4284137988952,3021.4130150791284,2983.420544874636,3011.521484375,1417986,0.0026946107784430995,2968.7566266741073,2897.5845889136904,56.84498575422037,0
2022-11-18,TCS.NS,3012.4207626399884,3023.8859461395887,2986.3430903663884,3006.53076171875,1164540,-0.0019552384561566417,2985.1225934709823,2906.0951567150296,46.625717360494995,0
2022-11-21,TCS.NS,2987.6920446515246,2997.763377989884,2943.180154144301,2952.6220703125,1304194,-0.011738148984198626,2995.123360770089,2913.01708984375,21.956257040662823,1
2022-11-22,TCS.NS,2949.4745417875265,2984.4995080635367,2927.218598217636,2980.902587890625,1149739,0.010655472918254638,2994.9948381696427,2919.7677408854165,22.04966363338027,0
2022-11-23,TCS.NS,2994.436345699814,2994.436345699814,2959.366370479906,2974.923095703125,1150011,-0.006516501853415961,2991.5007672991073,2927.0858096168154,23.14914511592545,1
2022-11-24,TCS.NS,2982.0715168131032,3051.042414583357,2974.9226821505467,3039.5322265625,1296591,0.019268722908028776,2997.6090959821427,2936.4399297805057,29.53340098115596,1
2022-11-25,TCS.NS,3042.094915689319,3060.3943329562003,3010.621867492711,3048.07470703125,1588981,0.001965682040718352,3002.0152762276784,2946.1837216331846,34.78306814123496,1
2022-11-28,TCS.NS,3026.808118735504,3072.6688478072538,3026.403509151408,3053.110595703125,2195437,0.00868983957219233,3007.9565778459823,2956.3685709635415,39.85900400249842,1
2022-11-29,TCS.NS,3042.094985565065,3083.459564145022,3042.094985565065,3054.9990234375,1576028,0.004241826088161395,3014.880615234375,2966.392845517113,43.603906322978574,0
2022-11-30,TCS.NS,3042.095336523885,3070.7806880330454,3034.9014959409137,3049.109375,3410702,0.0023056603098210457,3028.6645159040177,2974.8563290550596,35.05546565883996,1
2022-12-01,TCS.NS,3079.863019871368,3129.320674205069,3075.366869477395,3125.408935546875,2180856,0.014788292655109421,3049.308279854911,2984.1034226190477,43.71963721526177,0
2022-12-02,TCS.NS,3109.627744491306,3119.3392540899144,3069.072378541606,3092.587158203125,2411749,-0.005479944124620234,3066.117431640625,2992.558349609375,31.172938779501195,0
2022-12-05,TCS.NS,3087.056984913436,3092.587162305457,3063.6770019225387,3080.67236328125,1475065,-0.002068190403801327,3071.9945940290177,3001.9424874441966,29.137027744617956,0
2022-12-06,TCS.NS,3057.4276241423545,3064.531454764534,3028.6072529022326,3044.208984375,1166999,-0.004323451408293754,3071.4423479352677,3009.1341959635415,29.697201311366133,0
2022-12-07,TCS.NS,3028.876682114664,3051.717038027653,3016.017648233855,3039.937255859375,1167505,0.003651708176177282,3069.5604422433034,3015.4245489211307,31.419922814308123,0
2022-12-08,TCS.NS,3021.4134529129683,3039.9376827313954,3002.934228511981,3012.915771484375,1285619,-0.002812485467819909,3063.5485491071427,3021.1839192708335,38.00625626596995,0
2022-12-09,TCS.NS,3034.092398588754,3034.092398588754,2946.192655434108,2960.93994140625,1797896,-0.024110161317608278,3050.9529157366073,3024.913597470238,54.58378858463372,0
2022-12-12,TCS.NS,2927.4435310812128,2963.8623493913924,2909.9985553110337,2955.274658203125,1527610,0.009506973175203545,3026.648018973214,3023.6503789992557,53.777123217674394,1
2022-12-13,TCS.NS,2946.9566026504367,3000.235981787679,2938.503928206121,2996.324462890625,1378016,0.01675215040350027,3012.8962053571427,3023.5048014322915,45.8250935922078,1
2022-12-14,TCS.NS,3011.3415760111543,3036.699819013769,3004.237527032983,3026.223876953125,1213311,0.004942083309487562,3005.117850167411,3024.907180059524,35.96325624258948,0
2022-12-15,TCS.NS,3020.334021299725,3025.6843963408824,2966.5150134691307,2972.04541015625,1415694,-0.01598783803477975,2994.808768136161,3022.7554640997023,33.120648407973455,0
2022-12-16,TCS.NS,2944.978962955573,2960.265876656412,2900.1972542065696,2913.730712890625,2703680,-0.01061068702290062,2976.7792619977677,3018.0987606956846,38.391607378958916,0
2022-12-19,TCS.NS,2901.8158767000846,2918.4516355221954,2872.5908949855657,2879.380126953125,2120965,-0.007731624162341161,2957.7027413504466,3012.043968563988,49.120331520929014,1
2022-12-20,TCS.NS,2876.546773299752,2921.598284336248,2844.84891564421,2917.05712890625,1529971,0.014082981713531272,2951.433768136161,3010.3503999255954,51.386327596271975,1
2022-12-21,TCS.NS,2921.598475154693,2952.2173027124622,2913.5054045863976,2939.178466796875,1432566,0.006017251101300348,2949.1343122209823,3008.3635370163693,51.54570055600745,0
2022-12-22,TCS.NS,2962.0636034383856,2962.0636034383856,2918.091344499675,2931.219970703125,1384101,-0.01041288671163478,2939.833670479911,3006.2824358258927,47.31147716478164,0
2022-12-23,TCS.NS,2892.822705141719,2937.6494052826984,2892.822705141719,2903.029052734375,1360281,0.003528162156123606,2922.2344098772323,2999.7822846912204,29.307079706859174,1
2022-12-26,TCS.NS,2903.028818801245,2942.2801145432286,2900.0613163428056,2925.104736328125,870157,0.0076044431195126105,2915.5285993303573,2993.9265718005954,19.856809433077927,1
2022-12-27,TCS.NS,2939.76326032198,2943.899806965109,2905.862326446313,2931.040771484375,835883,-0.002967071857565022,2918.00146484375,2988.113723028274,20.657310762067926,0
2022-12-28,TCS.NS,2922.3183880420315,2936.975884411259,2900.916665080089,2928.8828125,910795,0.00224630707072499,2925.0732770647323,2982.1081891741073,11.811500167608482,1
2022-12-29,TCS.NS,2905.501990226396,2941.830792528084,2902.7142895554493,2939.35791015625,1037927,0.011652347870949412,2928.259102957589,2976.8819289434523,12.28695054505582,0
2022-12-30,TCS.NS,2954.914950729539,2966.5599359733387,2919.080545409243,2928.5224609375,1163131,-0.008931725695023192,2926.73681640625,2967.5063825334823,11.331595052036505,1
2023-01-02,TCS.NS,2932.3895797849805,2937.650164086702,2909.189397527533,2932.794189453125,709547,0.00013797950686149924,2926.9617047991073,2959.897193545387,11.450395559359194,1
2023-01-03,TCS.NS,2924.2966153492257,2985.444269052716,2918.271816906754,2977.666015625,1245178,0.018250337532672214,2937.6241280691966,2954.9921293712796,18.20720444557716,1
2023-01-04,TCS.NS,2973.484221029113,2992.053454899718,2955.050003400902,2980.633056640625,1231668,0.002404194904063666,2945.5567452566966,2951.9647042410716,23.243499526857686,0
2023-01-05,TCS.NS,2994.6155903233216,3001.0002109004563,2951.2277444426995,2977.4404296875,1826057,-0.00573534736522468,2952.1852678571427,2948.9886648995534,24.96616469278027,0
2023-01-06,TCS.NS,2967.4592187363287,2968.8530692467866,2877.5362121079547,2887.92236328125,2488376,-0.026803015506628898,2946.3337751116073,2943.036597842262,34.36784588391556,1
2023-01-09,TCS.NS,2903.613754663653,2991.7382972331907,2896.554711142396,2985.398681640625,2885060,0.028166599929351128,2952.9110281808034,2944.2012997581846,37.10677253749238,0
2023-01-10,TCS.NS,2953.9709019935526,2965.660893386526,2904.6032569263607,2955.229736328125,3864655,0.00042614987633183253,2956.7263532366073,2944.1991606212796,35.520305618093104,1
2023-01-11,TCS.NS,2958.557423486995,3011.971610538232,2941.516835251317,2993.267578125,2720512,0.011732121324552525,2965.365408761161,2944.0535946800596,36.07915454873009,1
2023-01-12,TCS.NS,2993.5366879057938,3012.420518018747,2981.4420882411646,2998.34765625,2250391,0.0016071185509912251,2968.3199288504466,2942.7261555989585,38.047452291398095,1
2023-01-13,TCS.NS,3006.036063206436,3038.498356009124,2971.9553319355296,3034.496826171875,1742837,0.009467871431682248,2976.0147530691966,2945.7000325520835,45.6416259935466,1
2023-01-16,TCS.NS,3050.5451686694223,3083.6532862672816,3033.1174683396407,3066.2255859375,1843607,0.005140201636456059,2988.6983468191966,2952.961693173363,57.0216261607187,1
2023-01-17,TCS.NS,3062.5007620361607,3110.139707684702,3054.2237329495765,3107.0126953125,1688475,0.0145345052083333,3019.9969656808034,2963.801339285714,52.43099672096339,1
2023-01-18,TCS.NS,3108.4844527793143,3135.1088531125965,3101.3570106168763,3117.68115234375,2421189,0.0029585798816567513,3038.894461495536,2973.3548642113096,61.01831437080157,0
2023-01-19,TCS.NS,3108.484549100195,3114.9222389947813,3091.0108193863184,3102.138916015625,1585044,-0.0020413912259615494,3059.8814871651784,2981.1148856026784,52.05173099414548,0
2023-01-20,TCS.NS,3094.688933230869,3121.9570534848303,3086.044126765296,3092.941650390625,1529349,-0.0005646069372213296,3074.1206403459823,2988.81591796875,43.76563211900505,1
2023-01-23,TCS.NS,3115.841536579629,3144.3513027053577,3086.044322440379,3140.58056640625,1067916,0.007939758661083212,3094.439627511161,3000.1278948102677,34.82798516962077,1
2023-01-24,TCS.NS,3149.869647323622,3174.6547081099407,3142.7882334602164,3160.261962890625,1387863,0.003299284329379562,3112.406075613839,3011.325857979911,30.978000006116684,0
2023-01-25,TCS.NS,3150.1453068799115,3159.0660598724853,3131.475963279712,3154.23779296875,874110,0.0012991420046245357,3124.979248046875,3021.9542875744046,26.67233648424414,0
2023-01-27,TCS.NS,3150.788813871164,3169.1822103327586,3110.599287508333,3137.039794921875,1785879,-0.004363675181516423,3129.2688337053573,3031.866524832589,25.698045188591138,1
2023-01-30,TCS.NS,3145.2715449050534,3180.632813128412,3113.5889568511743,3157.824951171875,1953798,0.003991199515716405,3135.003662109375,3042.2697172619046,27.121015365542412,0
2023-01-31,TCS.NS,3171.9417516673952,3171.9417516673952,3081.8140938931406,3088.8955078125,2820375,-0.026181516041787433,3133.111746651786,3049.9065290178573,30.094605814871638,1
2023-02-01,TCS.NS,3092.8502482199547,3144.3517688563857,3085.492888129036,3134.557373046875,2205161,0.013485012683987616,3139.0568498883927,3059.5142996651784,24.41022746548693,1
2023-02-02,TCS.NS,3151.7086531782097,3190.334787824689,3145.3630208692275,3182.425537109375,1813847,0.0097461051484534,3145.0347028459823,3069.2647530691966,29.449203347650364,1
2023-02-03,TCS.NS,3222.523688679238,3222.523688679238,3175.528461741142,3202.56689453125,1804469,-0.006192908439462087,3151.0782645089284,3079.833031063988,36.573999497580225,0
2023-02-06,TCS.NS,3194.151316116606,3194.151316116606,3160.767479490634,3182.01171875,1138714,-0.0038005705319449066,3155.045968191964,3089.5745210193454,38.43314953499438,1
2023-02-07,TCS.NS,3190.2429235610102,3212.4070586382527,3183.345399100722,3193.599853515625,1455647,0.001052249008946222,3163.1259765625,3104.130591982887,39.932893604808,1
2023-02-08,TCS.NS,3198.658155467108,3255.5396078857866,3198.658155467108,3237.330322265625,1986946,0.012090121831999798,3174.48388671875,3116.1273367745534,48.55063531876155,1
2023-02-09,TCS.NS,3232.6400151634225,3262.621346651852,3223.719261165319,3256.41357421875,1655427,0.007354224084281667,3198.4150390625,3130.4694242931546,39.83546966729068,0
2023-02-10,TCS.NS,3237.238165731009,3257.7928785550507,3226.339987208153,3253.37841796875,1187821,0.00498580932617186,3215.389474051339,3142.8556547619046,32.78068351732592,0
2023-02-13,TCS.NS,3263.908802705569,3263.908802705569,3194.3816614754664,3202.65869140625,1087939,-0.018765877051634135,3218.2799246651784,3152.5847516741073,30.178380854412758,1
2023-02-14,TCS.NS,3223.4430603616947,3241.6985980328905,3214.246361188052,3218.936767578125,1579818,-0.001397974991084252,3220.618477957589,3161.367606026786,29.381565456581686,1
2023-02-15,TCS.NS,3206.889133323468,3242.756261571135,3182.1959052183624,3237.8359375,1429449,0.009650101044952673,3228.5933663504466,3169.539527529762,24.29137526814991,1
2023-02-16,TCS.NS,3243.860023890424,3287.8202954032563,3243.6761347936463,3272.23193359375,1618931,0.00874634216469639,3239.8265206473216,3177.4071103050596,23.58289562668365,0
2023-02-17,TCS.NS,3242.893600647336,3254.619390688415,3209.6476269306054,3219.90185546875,1061369,-0.00708988576560032,3237.336739676339,3182.2747628348216,24.779985229910306,0
2023-02-20,TCS.NS,3220.684387496735,3239.07778776799,3195.899325536981,3207.165283203125,1296082,-0.004197587427719841,3230.30126953125,3187.2760184151784,25.443376008916992,0
2023-02-21,TCS.NS,3213.3270609968126,3227.030054530694,3168.0333123551145,3173.78125,1139541,-0.012306811677160882,3218.930245535714,3191.1255231584823,30.662270021542188,0
2023-02-22,TCS.NS,3140.6267096205747,3170.1021750983955,3122.2793398488698,3128.30322265625,1218430,-0.00392389421085117,3208.308035714286,3190.5408877418154,46.18752217684146,1
2023-02-23,TCS.NS,3146.190914704899,3175.068461467988,3134.2352052950296,3139.5693359375,1441570,-0.00210463349075566,3196.9698311941966,3189.5555245535716,52.45931433471599,0
2023-02-24,TCS.NS,3147.5702703492466,3158.1004459242777,3110.5995848333705,3127.29150390625,977592,-0.006442673141891921,3181.1777692522323,3188.2723679315477,54.69793425290095,0
2023-02-27,TCS.NS,3117.681110007593,3117.681110007593,3049.6255341549195,3064.202392578125,1128022,-0.01715336352323014,3151.4592633928573,3184.8039202008927,53.4808919766813,0
2023-02-28,TCS.NS,3061.1212597371414,3119.52029834111,3034.8186108063605,3046.728515625,4116217,-0.004701788296154356,3126.72021484375,3179.5136137462796,56.511403415402455,1
2023-03-01,TCS.NS,3056.0633004723813,3116.7615182969907,3048.705940736065,3113.7265625,1669307,0.018868477632222325,3113.371826171875,3180.696044921875,43.991290639563985,0
2023-03-02,TCS.NS,3091.010686559656,3099.195659262384,3051.464878906557,3054.6376953125,1556538,-0.01176734567929933,3096.351318359375,3176.8903459821427,39.54726655113626,1
2023-03-03,TCS.NS,3084.5729833040723,3088.251663069492,3063.512631458565,3073.6748046875,1043190,-0.00353312392851817,3088.5472586495534,3171.711739676339,37.52975352621888,1
2023-03-06,TCS.NS,3091.838118627816,3131.429952365279,3089.1711657538017,3100.989013671875,1334132,0.0029596941020056107,3083.0357840401784,3166.8746977306546,31.06392556514737,1
2023-03-08,TCS.NS,3093.769631883684,3123.199069523481,3063.2826636402224,3118.048828125,1844590,0.0078477712080112,3081.715401785714,3163.8288457961307,28.996969609593684,0
2023-03-09,TCS.NS,3113.082552138474,3113.082552138474,3063.282517814595,3068.800537109375,1648500,-0.014224491091211298,3082.3722795758927,3157.8860212053573,28.58325062667135,0
2023-03-10,TCS.NS,3046.774295300057,3069.1683469810705,3025.7139445854286,3063.42041015625,1024404,0.00546352083968649,3084.7568359375,3149.6045968191966,25.66094951784116,0
2023-03-13,TCS.NS,3065.25973960763,3099.1036364238453,3009.159876386488,3018.310546875,1901233,-0.015316546303067814,3071.1259765625,3138.266357421875,32.2132683918364,0
2023-03-14,TCS.NS,3016.517197373872,3038.9570525672148,2951.5884142286423,2956.692626953125,2670334,-0.019832331959794315,3057.1338239397323,3124.1384626116073,54.28141748028979,0
2023-03-15,TCS.NS,2988.927601453564,2998.4462760881806,2935.586739643008,2941.932373046875,1780522,-0.015723106971153943,3038.3134765625,3111.722923642113,68.55310060814173,0
2023-03-16,TCS.NS,2950.300843799058,2961.152992806068,2917.1927295918367,2929.1484375,1901060,-0.007169576059850322,3013.764822823661,3097.9234793526784,72.99257224400958,0
2023-03-17,TCS.NS,2897.420198622175,2962.62470874156,2891.4423439035454,2923.90673828125,6739966,0.009141421624543846,2986.0302385602677,3082.9744698660716,62.95814093888023,0
2023-03-20,TCS.NS,2915.031998513119,2915.031998513119,2846.424749516427,2890.798828125,2289468,-0.00831317474404391,2960.6014229910716,3064.810988653274,59.82487170301775,0
2023-03-21,TCS.NS,2890.798591207588,2903.168107097095,2848.631634298453,2856.5869140625,1815297,-0.01183468030223317,2931.053780691964,3047.510277157738,51.00641043637051,1
2023-03-22,TCS.NS,2878.6127378279625,2890.9822527438723,2856.5866892222766,2879.302490234375,1123939,0.00023961278200030785,2911.195486886161,3031.8977632068454,36.31784093890505,0
2023-03-23,TCS.NS,2864.6799461628207,2893.603746811064,2851.896623184191,2873.646728515625,1372218,0.003130116634779794,2899.331787109375,3017.605643136161,32.32285392958873,0
2023-03-24,TCS.NS,2895.9483685231785,2915.353492623128,2856.494620847771,2869.829833984375,1329577,-0.009018991782689457,2889.031424386161,3005.297386532738,27.63293423701654,1
2023-03-27,TCS.NS,2883.165359430464,2899.48950141767,2856.4949302682685,2871.485595703125,1524217,-0.004051021107456051,2880.793875558036,2992.531494140625,21.621575703494443,0
2023-03-28,TCS.NS,2875.80730096376,2896.545898679465,2860.310775904023,2865.598876953125,1303530,-0.003549759403981617,2872.464181082589,2980.0699404761904,10.734970854205667,1
2023-03-29,TCS.NS,2877.6470669445766,2896.9601345079627,2854.7473766452163,2886.751708984375,1740616,0.003163918933764687,2871.8860212053573,2971.6199079241073,9.635627335682251,1
2023-03-31,TCS.NS,2933.701181901108,2954.8996196587623,2898.799751373924,2948.369873046875,2382581,0.005000063140807402,2884.997872488839,2966.9361630394346,28.778881984014305,0
2023-04-03,TCS.NS,2965.88932201853,2965.88932201853,2918.802269268036,2942.943603515625,1521830,-0.0077365390314998676,2894.0894601004466,2958.803641183036,35.86087909688101,1
2023-04-05,TCS.NS,2929.608989744783,3002.1250641243164,2929.608989744783,2979.547119140625,2655065,0.01704600496880393,2909.218087332589,2955.2278994605654,46.54566678378289,0
2023-04-06,TCS.NS,2965.935582713961,2995.686995347432,2956.7388832326774,2961.98095703125,1703464,-0.001333348473837211,2922.3825334821427,2949.9091448102677,46.580328462641546,1
2023-04-10,TCS.NS,2961.336906741032,3009.1597387753586,2956.7385575069616,3001.25048828125,2203187,0.013478230541537045,2940.9203752790177,2945.159691220238,48.7210717035198,0
2023-04-11,TCS.NS,3001.802639298526,3010.033640232757,2935.72426528554,2955.63525390625,2348779,-0.015379887001186981,2953.78271484375,2937.425711495536,35.654775409578576,1
2023-04-12,TCS.NS,2968.6486132828945,2998.997722073373,2942.0242127497345,2981.248046875,2417727,0.00424416468009406,2967.2821916852677,2933.256545293899,20.869098563625666,0
2023-04-13,TCS.NS,2952.140381716384,2970.5337797333086,2924.550284690997,2932.689453125,4174070,-0.006588754624221255,2965.0421316964284,2927.0312616257443,23.86410251365571,0
2023-04-17,TCS.NS,2882.337583186008,2909.2837321918887,2823.6165690415223,2887.3037109375,5505048,0.0017229514615018239,2957.093575613839,2920.7928408668154,37.704183323254135,0
2023-04-18,TCS.NS,2901.51255887594,2903.260066434997,2860.725332786317,2879.256591796875,2617302,-0.007670470703627499,2942.766357421875,2917.1054106212796,45.911477877565105,0
2023-04-19,TCS.NS,2879.256681962595,2887.763628958732,2824.7662376900453,2841.412353515625,3298034,-0.013143784187095822,2925.5422712053573,2912.3187430245534,58.41508374431733,1
2023-04-20,TCS.NS,2841.7806829631004,2862.9330958136347,2830.744641475865,2855.391845703125,2419999,0.004789659814927156,2904.705322265625,2908.8065243675596,52.63717164173322,1
2023-04-21,TCS.NS,2860.173656247601,2910.249642075821,2851.7127372827904,2906.93896484375,1929184,0.01635051371583601,2897.748709542411,2907.99853515625,47.777960450452554,1
2023-04-24,TCS.NS,2897.9721768285667,2925.424191137801,2875.0262311012816,2919.768310546875,1640676,0.007521167350254261,2888.965890066964,2909.3780343191966,33.339563826071256,1
2023-04-25,TCS.NS,2927.3090266076383,2934.8502741989582,2894.6607481142137,2920.871337890625,2024090,-0.0021991831605403618,2887.277587890625,2912.4391973586307,30.97153042538664,1
2023-04-26,TCS.NS,2925.469938598228,2950.6688039321384,2925.469938598228,2941.2421875,2000029,0.005391355656633203,2894.983084542411,2915.3887067522323,37.08541662921771,0
2023-04-27,TCS.NS,2929.1485910038896,2942.207858497585,2915.951238309832,2931.861572265625,2434446,0.000926201309850798,2902.4980817522323,2918.160842168899,38.663813315568255,1
2023-04-28,TCS.NS,2943.311592718381,2968.004820473883,2939.4950522704,2960.6474609375,2931312,0.005889919457391929,2919.531668526786,2922.4854910714284,33.13664969284742,1
2023-05-02,TCS.NS,2975.1323416797973,2975.1323416797973,2952.140592516893,2960.785400390625,2321159,-0.004822286756182349,2934.587890625,2926.737862723214,20.773982409683533,0
2023-05-03,TCS.NS,2957.6579316338666,2957.6579316338666,2918.249992826561,2924.457763671875,2468285,-0.011225154743858837,2937.090576171875,2929.5406668526784,17.718457426982397,1
2023-05-04,TCS.NS,2924.688295728886,2965.429719336731,2922.711095151928,2961.98095703125,1953253,0.012750986611744272,2943.1209542410716,2933.1230119977677,18.021165134781935,1
2023-05-05,TCS.NS,2961.3373105779083,2983.409389911408,2952.186639259988,2971.177734375,1710027,0.00332296620244566,2950.3075823102677,2934.2091006324404,17.69735610949432,1
2023-05-08,TCS.NS,2984.32925020305,2993.3880898187367,2971.729815685768,2989.4794921875,928235,0.0017257619895993917,2957.1986258370534,2936.425095331101,22.357065451982375,1
2023-05-09,TCS.NS,2991.3185536466567,3033.071479348302,2985.248642196661,3019.50634765625,1107375,0.009423200339271829,2969.719308035714,2938.3279157366073,29.274402326161205,1
2023-05-10,TCS.NS,3025.714139172187,3040.888693365604,3003.6880887487146,3022.771240234375,1559987,-0.0009726295355242038,2978.5941336495534,2941.2226911272323,34.93521428260588,0
2023-05-11,TCS.NS,3043.1881029503365,3043.831827060006,3009.1603121346334,3018.494873046875,1719623,-0.008114263419839784,2986.8383440290177,2942.0438523065477,36.79212817195421,0
2023-05-12,TCS.NS,3015.7358997095816,3025.714409381836,2998.124308384433,3011.275634765625,1027479,-0.001478997197462209,2999.240897042411,2944.6933942522323,25.003484079326554,0
2023-05-15,TCS.NS,3020.1959317271803,3027.553290878769,2987.409789819426,2993.571533203125,1150390,-0.008815454071825548,3003.753836495536,2945.280226934524,19.374887078315485,1
2023-05-16,TCS.NS,2994.629539889936,3021.1160819525435,2989.3414371589683,2996.4228515625,986306,0.0005988425775796863,3007.360281808036,2948.3151506696427,13.867307308687234,0
2023-05-17,TCS.NS,2994.39922789193,3016.517334349857,2941.3343184708624,2950.94482421875,1588815,-0.01451189382778864,3001.8553292410716,2951.345679873512,25.18155068750469,0
2023-05-18,TCS.NS,2966.8089124688054,2969.567922023238,2938.345175471324,2942.8056640625,1369364,-0.008090594680845579,2990.8980887276784,2954.371826171875,31.988382367910667,1
2023-05-19,TCS.NS,2952.1404038272244,2974.6723165667154,2945.748742874228,2963.958251953125,1152449,0.004003145687305267,2982.4962332589284,2960.207345145089,29.87545935585521,1
2023-05-22,TCS.NS,2970.533809965233,3042.6818695151333,2958.624129533824,3033.715087890625,1333243,0.021269334728134727,2984.6705496651784,2968.698928106399,33.29072411022655,0
2023-05-23,TCS.NS,3040.4289995858485,3060.6157110445483,3025.806336495552,3032.197998046875,1687418,-0.002707184262515149,2987.6594587053573,2974.663643973214,36.82871756844786,1
2023-05-24,TCS.NS,3012.838879386915,3050.729237970391,3012.838879386915,3037.991943359375,1016555,0.008348625658196017,2994.0052315848216,2980.2933407738096,41.54245053543576,0
2023-05-25,TCS.NS,3029.3924521073704,3040.4284901842643,3004.6534232298413,3028.9326171875,1374917,-0.0001517911353976489,2998.649483816964,2985.4391159784227,43.62290110719043,1
2023-05-26,TCS.NS,3028.932789306539,3070.455795118888,3026.633614576536,3061.489013671875,1791115,0.01074841425345388,3014.4415108816966,2991.1651553199404,43.48390533549727,0
2023-05-29,TCS.NS,3090.8263311963337,3101.126588125399,3045.946399724591,3053.625732421875,1210372,-0.012035810100032341,3030.27294921875,2996.963448660714,31.607930779121507,0
2023-05-30,TCS.NS,3048.7060112322947,3059.6960226867827,3036.152605703449,3049.8095703125,1344224,0.0003619762207767699,3042.537423270089,3001.2092633928573,12.41965480508161,0
2023-05-31,TCS.NS,3043.1877135256354,3060.3854958314014,3002.8600984079567,3025.254150390625,5815424,-0.0058930190389845545,3041.3287179129466,3004.2792038690477,13.760681258933941,1
2023-06-01,TCS.NS,3047.785480448772,3071.6968933913395,3032.610929927528,3056.982177734375,1177314,0.0030175015087508233,3044.869315011161,3010.589890252976,14.201220937447621,0
2023-06-02,TCS.NS,3059.0521295537624,3067.926854638959,3032.5655904484856,3040.06103515625,2030661,-0.006208163049605397,3045.1648995535716,3014.3079892113096,14.054997803033048,0
2023-06-05,TCS.NS,3048.7058679563584,3059.7419072973767,3021.1617980068254,3024.702392578125,1861468,-0.007873332626319781,3044.5605817522323,3016.8567824590773,14.932785966527764,0
2023-06-06,TCS.NS,3016.5171330853027,3024.6563011369967,2961.888833352524,2972.64892578125,2022849,-0.014542668040205748,3031.869140625,3016.0553269159227,29.14084845585083,1
2023-06-07,TCS.NS,2991.686223040273,3015.45978007146,2980.6501840988403,3011.826904296875,1567196,0.006732217136105332,3025.897879464286,3015.6896391369046,28.207222845196156,0
2023-06-08,TCS.NS,2999.044254897164,3007.321285959438,2973.2934915923124,2976.46630859375,1759366,-0.007528380505404821,3015.4202706473216,3013.484642392113,31.29732085895391,0
2023-06-09,TCS.NS,2984.32924545691,2988.9275956039933,2947.8644186020674,2951.4970703125,1775689,-0.011001525784861356,3004.883544921875,3010.2942708333335,38.9218147590707,1
2023-06-12,TCS.NS,2956.738791253857,2992.973696271393,2953.0601115757804,2986.076171875,2324605,0.009922209127138334,2994.7541155133927,3009.0942964099704,31.650851341469505,0
2023-06-13,TCS.NS,2998.123965514581,3002.7223151549406,2978.81089702507,2983.13330078125,1371928,-0.005000014977952404,2986.62158203125,3008.597237723214,24.596808754679856,1
2023-06-14,TCS.NS,2983.1331588044936,2994.3072826160305,2966.717186086972,2989.892822265625,1658544,0.0022659610219479234,2981.6487862723216,3008.2862839471727,18.336984496864364,0
2023-06-15,TCS.NS,3006.8018859763647,3008.793791293159,2974.0960492911586,2979.93310546875,2273810,-0.008935999619040383,2982.689383370536,3009.666678292411,17.943597642542837,0
2023-06-16,TCS.NS,2962.051393490968,2964.2749262033685,2924.0644972966825,2941.575439453125,4156189,-0.006912761231232702,2972.6534598214284,3009.6080961681546,18.56591458592375,1
2023-06-19,TCS.NS,2955.565603365162,2978.6356017646413,2941.667959462191,2974.46630859375,1468186,0.0063949537127742356,2972.367745535714,3010.1084798177085,18.512771640186546,1
2023-06-20,TCS.NS,2977.801980370268,2994.942408695361,2965.803725782431,2990.4951171875,1528452,0.004262585927776665,2977.938895089286,3008.0503859747023,16.990629035351837,1
2023-06-21,TCS.NS,3011.1563283053792,3021.718447715978,2987.020706957234,3018.753662109375,1645987,0.002523061899038429,2982.607107979911,3007.410179501488,23.018736217746934,0
2023-06-22,TCS.NS,3020.4211763137832,3027.508883993475,2992.718630850969,3000.501220703125,1529603,-0.006595092024539827,2985.0882393973216,3005.6249069940477,24.00001250654903,0
2023-06-23,TCS.NS,2999.389578963673,3010.600209425588,2973.308197955416,2979.979248046875,1119505,-0.006471427070672366,2983.6720145089284,3003.2937941778273,23.961710871812492,0
2023-06-26,TCS.NS,2969.4629782485863,2977.7088224045283,2939.81467394158,2955.240966796875,1978803,-0.004789422045631818,2980.1445661272323,2998.2343633742557,26.30660980318287,1
2023-06-27,TCS.NS,2966.683911833117,2973.7716202061024,2948.431716890738,2962.375732421875,863542,-0.0014521868656306404,2983.116036551339,2993.8891252790177,22.055130844837883,1
2023-06-28,TCS.NS,2972.242568780507,2993.5059172295346,2958.7154391788054,2979.14501953125,1575872,0.0023223039812578063,2983.784423828125,2990.524146670387,21.818939674316187,1
2023-06-30,TCS.NS,2983.3605135466346,3066.7463664097395,2977.894198116161,3059.56591796875,2672406,0.02554347826086966,2993.651681082589,2992.1580403645835,36.223056331132945,0
2023-07-03,TCS.NS,3070.73078567228,3074.900078835827,3028.5282285215303,3031.8173828125,1687264,-0.012672358984169517,2995.5179268973216,2990.959716796875,38.023655099580225,1
2023-07-04,TCS.NS,3048.2165999535164,3071.379340074744,3036.44997321166,3065.681396484375,1656681,0.005729512965425406,3004.8293805803573,2992.179734002976,46.48646244211052,1
2023-07-05,TCS.NS,3076.0117027484253,3084.350288689611,3062.114059513116,3075.96533203125,1453008,-1.5074948230469328e-05,3018.541678292411,2994.620826357887,51.788917547378794,1
2023-07-06,TCS.NS,3063.550433878052,3083.840904107245,3059.334769860957,3078.69873046875,1848238,0.00494468653859315,3036.1785016741073,2999.6708170572915,47.481645510136254,1
2023-07-07,TCS.NS,3059.334887238821,3110.200176925749,3059.334887238821,3084.582275390625,1789326,0.008252574197455979,3053.6365792410716,3003.1353585379466,37.169936813830105,0
2023-07-10,TCS.NS,3080.4131662568616,3080.4131662568616,3025.2394676445165,3031.493408203125,1407431,-0.015880907986502674,3061.114920479911,3005.7556966145835,21.754209011465623,1
2023-07-11,TCS.NS,3052.8493652895645,3052.8493652895645,3021.1627797878978,3031.91015625,1110172,-0.006858906724203344,3057.1640973772323,3009.584891183036,24.42924982103595,0
2023-07-12,TCS.NS,3039.8314402630454,3047.428773276913,3011.2487565769347,3020.328369140625,1515240,-0.006415839662719159,3055.5228097098216,3011.2159481956846,26.696715278464026,1
2023-07-13,TCS.NS,3042.657833544412,3119.9750222295534,3032.2345994922275,3095.052001953125,4585146,0.017219868705275605,3059.7186104910716,3016.54541015625,30.584349441985243,1
2023-07-14,TCS.NS,3117.704626199795,3265.8072677930727,3105.66000208669,3256.356689453125,6306101,0.04447248212295683,3085.4888044084823,3029.2341657366073,81.00028030819185,0
2023-07-17,TCS.NS,3252.0481858380253,3289.0158225993096,3221.5197445468725,3235.093017578125,2743228,-0.005213689124821852,3107.8308454241073,3041.3846377418154,98.49485636047929,1
2023-07-18,TCS.NS,3220.547175757647,3265.0196338808823,3210.355570771072,3239.864990234375,2600090,0.0059983019724539266,3130.014090401786,3055.5889020647323,109.28194823469907,0
2023-07-19,TCS.NS,3242.7838313695074,3258.3956097228456,3192.42794053721,3215.034912109375,2405370,-0.008557128906250088,3156.234305245536,3067.0445498511904,103.57363153622244,1
2023-07-20,TCS.NS,3207.6495853564,3231.615508865047,3191.8114745263765,3217.12451171875,1715404,0.0029538533154010588,3182.6934988839284,3077.83642578125,89.17724263373547,0
2023-07-21,TCS.NS,3162.086043918453,3190.743052440484,3120.284698481327,3128.877197265625,3770223,-0.010502195763046238,3198.2004743303573,3083.0804036458335,61.326963310571145,1
2023-07-24,TCS.NS,3140.6746314391708,3170.818002760362,3132.407344389984,3153.447265625,1680132,0.004066844128955938,3206.542654854911,3090.363548642113,47.33229531323573,1
2023-07-25,TCS.NS,3156.0022864819,3164.6412784954264,3139.9319425060908,3157.534912109375,1272980,0.00048562247056661525,3192.4252580915177,3098.818580264137,44.66036953898233,0
2023-07-26,TCS.NS,3158.649818156021,3177.6926576909354,3144.390820765132,3147.456298828125,1066803,-0.003543767106931337,3179.9057268415177,3107.9716913132443,42.95693696936113,1
2023-07-27,TCS.NS,3153.633233546405,3169.1461341109766,3144.437026978076,3155.444580078125,1701769,0.0005743681644561999,3167.8456682477677,3117.1654459635415,34.295067536773225,0
2023-07-28,TCS.NS,3144.390868977376,3152.4724190587326,3094.229242116289,3116.894775390625,2599831,-0.008744489706425551,3153.8256487165177,3123.7249581473216,31.754663849645574,1
2023-07-31,TCS.NS,3125.2546433386306,3183.0798446211247,3122.003427202266,3178.24951171875,2743678,0.016956976127713665,3148.2720772879466,3129.3765578497023,20.099900474523373,1
2023-08-01,TCS.NS,3172.258552701325,3214.0599099111523,3172.258552701325,3206.675048828125,1956167,0.010849209027269538,3159.386056082589,3137.7031133742557,27.67109814596907,0
2023-08-02,TCS.NS,3190.789924433808,3201.4260004622265,3170.957642026737,3196.084716796875,1914899,0.0016593986092664273,3165.477120535714,3143.912795293899,30.675595725107932,0
2023-08-03,TCS.NS,3176.902947287468,3189.211123910731,3128.5991597848515,3158.278076171875,2026351,-0.005862587376644785,3165.5832868303573,3147.832449776786,30.64479755910685,1
2023-08-04,TCS.NS,3159.485492720518,3224.277587720079,3159.485492720518,3198.77880859375,2248493,0.01243661854557151,3172.9150739397323,3153.5505487351193,31.7061796295889,1
2023-08-07,TCS.NS,3208.439595086255,3240.069331017348,3196.642369656952,3236.400146484375,1853889,0.008714688423912303,3184.480154854911,3160.7799711681546,38.34181695492682,0
2023-08-08,TCS.NS,3236.399919632617,3241.8804503952497,3210.901141336807,3223.906005859375,1634225,-0.003860435695060962,3199.7674734933034,3169.9424758184523,26.366863662760856,0
2023-08-09,TCS.NS,3218.6111506830484,3220.5619711755417,3181.593866924947,3216.3818359375,1794589,-0.0006926325179341203,3205.2149483816966,3178.7268415178573,25.088372068690223,0
2023-08-10,TCS.NS,3204.770008770933,3218.61080881872,3186.2381232080143,3197.431640625,1096701,-0.002289826766304361,3203.894461495536,3187.160330636161,25.24150241615415,1
2023-08-11,TCS.NS,3193.715644032526,3220.236092906804,3171.3286114502152,3203.655029296875,1679974,0.0031121697646816645,3204.9759347098216,3192.3319033668154,25.012259629614004,1
2023-08-14,TCS.NS,3196.131602615329,3209.415189858368,3168.542753287089,3204.63134765625,1190425,0.0026593851873827107,3211.597830636161,3189.8687918526784,14.526762654196494,1
2023-08-16,TCS.NS,3204.770170086617,3219.6328723247,3191.0221251590224,3212.572998046875,1328445,0.0024347543025362212,3213.568429129464,3188.796409970238,13.389061553314507,0
2023-08-17,TCS.NS,3209.414646959475,3214.802421680767,3170.5857934276064,3191.532958984375,1843241,-0.0055716353111432615,3207.1588309151784,3186.4948846726193,11.19743867982764,0
2023-08-18,TCS.NS,3167.6132225589963,3167.6132225589963,3117.916064961664,3127.7626953125,2526749,-0.012580616523093864,3193.424072265625,3182.339064825149,30.152581735310527,1
2023-08-21,TCS.NS,3135.101093018539,3167.3810227911003,3132.314336491412,3159.856689453125,1375579,0.007896267361111124,3185.349051339286,3179.6120256696427,30.545969857382495,0
2023-08-22,TCS.NS,3158.323967324431,3168.5420742775395,3125.858300135328,3141.74267578125,1222012,-0.0052500287224264515,3177.393484933036,3180.2246675037204,33.93824640608255,1
2023-08-23,TCS.NS,3147.1773115068418,3160.182176430424,3136.0302844294856,3156.69873046875,1330046,0.0030253837072018877,3170.6854422433034,3180.3794991629466,32.49217010191814,0
2023-08-24,TCS.NS,3165.755922072172,3170.447008335197,3137.981334949488,3146.9453125,1152881,-0.0059419014084507275,3162.444580078125,3179.8752325148807,29.637626167136162,0
2023-08-25,TCS.NS,3135.101378683671,3145.133748452828,3112.11063523999,3140.95361328125,1158046,0.0018666811342592264,3152.2132393973216,3179.5655808221727,20.357530751809097,0
2023-08-28,TCS.NS,3152.750567923211,3152.750567923211,3121.2603097126043,3135.612060546875,1037485,-0.005436049255119274,3144.224539620536,3178.6211751302085,11.324000116415776,1
2023-08-29,TCS.NS,3140.721516741904,3148.617327956399,3125.812321973633,3136.169677734375,944517,-0.0014492972341753326,3145.425537109375,3179.5390276227677,9.60199275346253,1
2023-08-30,TCS.NS,3156.4664040334264,3165.848575584165,3142.579111915721,3149.91748046875,1188200,-0.002074764222520485,3144.0056501116073,3178.1898832775296,7.648490402202777,0
2023-08-31,TCS.NS,3159.2529918099285,3174.4871701530287,3105.9794053350392,3118.19482421875,3417652,-0.012996163237834394,3140.641671316964,3173.976539248512,12.469025889053377,1
2023-09-01,TCS.NS,3126.741001486648,3148.106136077912,3118.1949930075107,3139.002685546875,1277950,0.003921554121174995,3138.1136648995534,3171.258347284226,10.271165548567962,1
2023-09-04,TCS.NS,3137.888061684127,3188.839354347761,3130.503201745348,3175.50927734375,1828332,0.011989342806394247,3142.1942313058034,3172.078880673363,17.496941283759796,1
2023-09-05,TCS.NS,3176.903139246757,3201.983953503968,3163.10860069054,3185.588623046875,1501842,0.002733946683114012,3148.5706612723216,3171.4507765997023,23.922722160439854,1
2023-09-06,TCS.NS,3189.907535196781,3199.103741686018,3156.5594370607423,3186.098876953125,1314818,-0.001193971361750107,3155.7830636160716,3169.0554780505954,26.80202175160261,1
2023-09-07,TCS.NS,3186.9349513089087,3214.059337353484,3179.039140798069,3209.64697265625,1885092,0.007126603364782589,3166.2798200334823,3168.3764764694943,31.7685713249739,0
2023-09-08,TCS.NS,3209.647007555386,3218.703966769239,3190.8828912594386,3197.245849609375,1518917,-0.0038637139588307695,3173.041015625,3167.4652390252977,32.72772834324658,1
2023-09-11,TCS.NS,3215.917451266215,3237.932785341256,3200.125828888536,3233.24169921875,1783604,0.005387031295132918,3189.4762834821427,3169.170479910714,29.30249307279763,1
2023-09-12,TCS.NS,3243.784426721916,3334.725485885792,3235.4241575808805,3326.2724609375,4476016,0.025429567247458585,3216.2291085379466,3175.0094052269346,52.13353229974342,0
2023-09-13,TCS.NS,3317.262394646456,3333.750705221569,3293.01752049451,3314.243408203125,1754929,-0.0009100837028156508,3236.048270089286,3180.229027157738,59.87004715002311,0
2023-09-14,TCS.NS,3316.286746985026,3341.971262172176,3293.5747267257207,3306.99755859375,2604721,-0.002801081179038987,3253.392403738839,3184.7254348028273,60.39926604099657,1
2023-09-15,TCS.NS,3314.243274416184,3350.935569707804,3309.226976456116,3342.52880859375,2952897,0.008534537701535748,3275.7395368303573,3191.9157133556546,60.29033566981804,1
2023-09-18,TCS.NS,3325.5761535614656,3362.036220389306,3321.11729748375,3349.82080078125,1395753,0.007290359955768873,3295.7643694196427,3202.4899088541665,57.91142178495182,0
2023-09-20,TCS.NS,3325.52964476678,3367.3309950501616,3325.52964476678,3349.72802734375,1649396,0.00727654995199024,3317.547537667411,3211.5314011346727,40.83917510083131,0
2023-09-21,TCS.NS,3333.471867196748,3348.7525373008507,3277.225784076949,3330.452880859375,2004073,-0.0009056582619105156,3331.4348493303573,3220.517601376488,16.912031453488204,1
2023-09-22,TCS.NS,3329.244883693358,3375.4585926676173,3311.641918295701,3347.498046875,1989083,0.005482673645019584,3334.4670758928573,3229.6032831101193,17.71588798817771,0
2023-09-25,TCS.NS,3346.430264395196,3362.6863447912865,3305.697080802258,3322.882080078125,1238778,-0.007036807121790383,3335.701171875,3237.981224423363,16.318039946679974,1
2023-09-26,TCS.NS,3314.011166829732,3339.4169627375986,3284.657238799929,3330.824462890625,1726062,0.005073397527799292,3339.1050153459823,3247.0226934523807,10.927430230867529,1
2023-09-27,TCS.NS,3334.818899053876,3357.112952975128,3302.956934967385,3334.168701171875,1541134,-0.00019497247127438748,3337.910714285714,3256.4777715773807,10.94769946127917,0
2023-09-28,TCS.NS,3344.108374346152,3346.7093928835707,3276.622500228605,3285.354248046875,1755753,-0.017569444444444634,3328.7012067522323,3263.5817987351193,21.39213064456507,0
2023-09-29,TCS.NS,3285.771769304992,3314.8004838838106,3256.371577894297,3277.783203125,2243791,-0.002431260215520666,3318.4233747209823,3269.6706426711307,26.32115312646604,0
2023-10-03,TCS.NS,3282.9851507659523,3282.9851507659523,3232.7307740458355,3264.081787109375,1948148,-0.005757980249215253,3308.9417898995534,3276.6176409040177,32.49567812949784,1
2023-10-04,TCS.NS,3238.4898845941034,3295.8041332105504,3230.12961480862,3286.28271484375,1788138,0.014757751900663026,3300.1967424665177,3283.6309756324404,28.364685587189587,1
2023-10-05,TCS.NS,3301.37771461772,3366.4020365150864,3298.776696384458,3334.215087890625,2990768,0.009946566588702944,3301.815743582589,3291.1883951822915,30.143013179688303,1
2023-10-06,TCS.NS,3335.747772538649,3376.573712868575,3320.931561429297,3363.98681640625,2075691,0.008465581270885479,3306.55322265625,3299.683547247024,37.23403014636894,1
2023-10-09,TCS.NS,3385.955644430069,3417.492393516818,3372.904289442665,3379.73193359375,4233074,-0.0018380957962508618,3313.062255859375,3308.9041689918154,45.85152577213409,0
2023-10-10,TCS.NS,3381.310949914247,3388.695809075016,3345.3618374286275,3370.953369140625,1848148,-0.0030631849383401587,3325.290701729911,3316.585425967262,48.564523359720646,0
2023-10-11,TCS.NS,3390.553937299432,3390.553937299432,3348.752587387521,3353.30419921875,2426417,-0.010986328124999977,3336.079415457589,3324.016775948661,44.467397767950054,0
2023-10-12,TCS.NS,3320.8848258321595,3333.5644771796983,3286.6078116313074,3290.741455078125,4241281,-0.009076909418706237,3339.887939453125,3326.754859561012,37.935108988791576,1
2023-10-13,TCS.NS,3279.0838441859346,3322.7430341793447,3274.4392495057846,3317.0302734375,2890357,0.011572265624999896,3344.280447823661,3326.3147553943454,32.011271050763966,0
2023-10-16,TCS.NS,3312.52474247652,3320.559800113557,3268.958537503607,3273.556640625,1671104,-0.011763867406583159,3335.6149553571427,3324.3772902715773,41.8792688610036,0
2023-10-17,TCS.NS,3279.0832890528754,3282.93821127004,3254.3276943134188,3257.7646484375,1672065,-0.00650140259826492,3320.440359933036,3322.0328659784227,48.5919546257199,0
2023-10-18,TCS.NS,3261.433891710428,3272.30219626278,3236.353084226468,3239.3720703125,1408245,-0.0067644545713473605,3300.3889508928573,3317.1206403459823,49.005496578524316,0
2023-10-19,TCS.NS,3231.223370291604,3238.068681524001,3214.832003562597,3218.324462890625,1514545,-0.003991957819930937,3278.5848214285716,3310.858909970238,46.253891378637746,1
2023-10-20,TCS.NS,3213.43519615391,3259.1632237474687,3207.521434458151,3254.55322265625,1481211,0.012795660715844903,3264.4775390625,3306.3267764136904,32.75657495809105,0
2023-10-23,TCS.NS,3234.4831753695994,3240.0244989975004,3167.707394851243,3175.949462890625,1106272,-0.018096774447523858,3248.078683035714,3298.9694707961307,44.16433110406382,0
2023-10-25,TCS.NS,3157.649049392008,3189.7796767932823,3145.262414223449,3157.276611328125,1518537,-0.00011794789669690931,3225.2567313058034,3289.911307198661,43.87051571259287,0
2023-10-26,TCS.NS,3136.740771569839,3142.002652711776,3101.3039051963924,3107.59033203125,1984471,-0.009293225568015382,3201.5472586495534,3279.6593191964284,56.45833200373799,1
2023-10-27,TCS.NS,3119.930230546944,3131.1061000295,3107.8230386075074,3120.81494140625,1108851,0.0002835675139923798,3181.9830147879466,3269.658865792411,57.45034694359032,1
2023-10-30,TCS.NS,3119.9307137941782,3150.5247521908564,3104.7967215257736,3146.52001953125,910972,0.008522402635261165,3168.718436104911,3260.723214285714,52.49719228800052,0
2023-10-31,TCS.NS,3165.565329241072,3165.565329241072,3119.977136155537,3137.392822265625,999811,-0.008899676375404725,3157.1567731584823,3253.6774321056546,48.51213426740873,0
2023-11-01,TCS.NS,3124.5869734096973,3140.0470177894435,3083.608783594488,3101.9091796875,1563475,-0.007257853250745077,3135.3504813058034,3245.3024786086307,26.95116165117877,1
2023-11-02,TCS.NS,3113.5971840186144,3144.0979943996585,3113.5971840186144,3129.336669921875,1245384,0.005055080979661669,3128.6915108816966,3238.8860444568454,20.148143413064055,0
2023-11-03,TCS.NS,3149.7330225395667,3155.227734911497,3114.622206113137,3120.768798828125,1402598,-0.009195771039695436,3123.4761090959823,3231.0044294084823,15.763589831245772,1
2023-11-06,TCS.NS,3143.213827752316,3159.3257544774574,3128.312665902231,3148.103271484375,1099852,0.0015555555555555483,3129.263671875,3222.1419619605654,16.383999410569086,0
2023-11-07,TCS.NS,3146.0076050155294,3170.3615989894342,3134.8317343049944,3138.97607421875,1191144,-0.002235064780380497,3131.8581194196427,3211.4271647135415,16.260607955184515,1
2023-11-08,TCS.NS,3139.907028867174,3168.312363594793,3138.13760716147,3149.3134765625,992899,0.002995772680161015,3132.2571847098216,3200.454857235863,16.708518948899705,0
2023-11-09,TCS.NS,3157.2762132454977,3158.579973678366,3112.5261256846,3117.55517578125,2112352,-0.012580792677437872,3129.4232352120534,3188.3882765997023,17.361850121911164,0
2023-11-10,TCS.NS,3108.754408421209,3117.5553602980613,3094.179302698473,3104.516845703125,1338557,-0.001363106299617963,3129.7957589285716,3176.541259765625,16.68800271383076,0
2023-11-13,TCS.NS,3125.518348524688,3125.518348524688,3098.509995691787,3102.74755859375,1030990,-0.007285444330117695,3125.997314453125,3167.5891694568454,19.584576087089516,1
2023-11-15,TCS.NS,3150.757229249606,3178.603680948949,3125.564910241424,3170.501220703125,2059802,0.0062664274067923634,3133.1019461495534,3160.611595517113,25.499227041033222,1
2023-11-16,TCS.NS,3194.482515095088,3286.962876959751,3179.7209637752344,3257.626220703125,3951984,0.019766489661364645,3148.7480817522323,3159.853004092262,53.95817478126296,1
2023-11-17,TCS.NS,3257.6264533729463,3282.446106711715,3252.6903987151904,3261.910400390625,2021292,0.0013150516423523814,3166.310128348214,3160.0504208519346,68.33757826440176,1
2023-11-20,TCS.NS,3251.4797282683567,3291.200542556456,3251.4797282683567,3277.8828125,1475621,0.008120328723594672,3184.677176339286,3161.8842657180057,79.39173564444584,0
2023-11-21,TCS.NS,3277.8827416982326,3295.996918736589,3260.560052355792,3269.128173828125,1807236,-0.002670799586190195,3206.3304617745534,3164.303490048363,78.70074201131064,1
2023-11-22,TCS.NS,3259.6287255971747,3290.036314045069,3242.0268214284124,3287.7080078125,1798051,0.008614257812500126,3232.5006277901784,3165.8822893415177,69.0712074787158,0
2023-11-23,TCS.NS,3287.568520824797,3300.6070362048386,3259.628845010422,3267.312255859375,2729804,-0.0061614730878186965,3256.0098702566966,3170.2328985305057,39.01322282016756,0
2023-11-24,TCS.NS,3254.273341378371,3263.8660077062705,3215.8562918450352,3219.6748046875,1989733,-0.01063172421657006,3263.03466796875,3173.2042410714284,21.584186688684902,1
2023-11-28,TCS.NS,3219.675036815199,3242.1663837595383,3197.2300740959413,3231.82861328125,1689195,0.0037747835812874764,3259.349295479911,3179.1203497023807,24.646688231672528,1
2023-11-29,TCS.NS,3241.9335153053853,3276.392446666,3237.090683940245,3272.434326171875,1441634,0.00940821602987641,3260.852713448661,3186.3403204055057,25.144888000878346,0
2023-11-30,TCS.NS,3259.116112089636,3275.134811820615,3241.933259364056,3248.080078125,3266235,-0.003386204598141773,3256.5951799665177,3191.176513671875,24.28930544983375,1
2023-12-01,TCS.NS,3259.628942947853,3275.4148147825376,3250.362328999064,3270.478759765625,1172141,0.003328543526785605,3256.7881208147323,3197.513939267113,24.410514896654256,1
2023-12-04,TCS.NS,3301.212171500063,3304.1459737662194,3257.766068313779,3271.2236328125,1625213,-0.009084099151959787,3254.4332101004466,3205.5765322730654,21.559084660902403,1
2023-12-05,TCS.NS,3295.0189667313125,3295.0189667313125,3262.236460586784,3289.05859375,1377656,-0.0018089039976681058,3257.5398297991073,3213.1823381696427,25.014177846604383,1
2023-12-06,TCS.NS,3289.990029573241,3364.728661904826,3283.0514948908803,3356.57958984375,1896572,0.020240049262139164,3277.09765625,3224.411423456101,39.690066924158835,1
2023-12-07,TCS.NS,3357.4176932901005,3381.213029212423,3345.031058267308,3366.6376953125,1967653,0.0027461587638696137,3296.3560965401784,3234.817824590774,46.230812527651224,1
2023-12-08,TCS.NS,3383.494574372215,3394.670444147185,3354.670189052335,3377.627197265625,1641155,-0.001734117486409369,3311.3836495535716,3246.1821637834823,53.658918846079935,1
2023-12-11,TCS.NS,3374.0881498547355,3402.12104768493,3366.7307931511145,3392.714599609375,1102503,0.0055204395757832755,3332.045724051339,3257.7726934523807,53.063812926654954,1
2023-12-12,TCS.NS,3389.0357047671787,3444.4027776512853,3381.631736937403,3419.9091796875,2236866,0.009109811052416242,3353.3929268973216,3272.1705031622023,54.21282706984208,0
2023-12-13,TCS.NS,3393.3202772695595,3399.3272621622086,3318.302201392863,3346.754150390625,3850968,-0.013722879974183866,3364.1830008370534,3283.705612909226,41.051764694431405,1
2023-12-14,TCS.NS,3380.700330256408,3425.403805697815,3378.465247433792,3415.39208984375,3290396,0.010261707988980722,3382.230643136161,3298.5934477306546,28.314180240005605,1
2023-12-15,TCS.NS,3414.880405810453,3628.386103974232,3414.880405810453,3595.83642578125,8531230,0.05299044138204625,3416.4101911272323,3318.8475051153273,83.26856164871542,0
2023-12-18,TCS.NS,3593.135349665333,3659.166022522657,3567.1047044603515,3594.15966796875,2521612,0.0002850764593414521,3448.913330078125,3334.8729073660716,102.73291994329675,0
2023-12-19,TCS.NS,3580.934925794031,3590.341373765734,3529.7121895342984,3554.11279296875,2004435,-0.007490259773244466,3474.125558035714,3348.787307012649,103.97109873379246,0
2023-12-20,TCS.NS,3564.403684666202,3631.0398484080574,3507.872459996768,3520.4453125,2586083,-0.012332602043732491,3492.372802734375,3360.3379022507443,98.35901768483961,1
2023-12-21,TCS.NS,3498.2802045463336,3545.265380055125,3486.2662350262744,3527.384033203125,1517562,0.00831946755407652,3507.7263532366073,3372.6358003162204,93.4270367383412,1
2023-12-22,TCS.NS,3539.0252149254707,3581.8194348785914,3503.634962776216,3561.376953125,2413058,0.006315789473684224,3538.3867536272323,3385.667654854911,61.58677195192073,0
2023-12-26,TCS.NS,3557.51228537649,3570.6904075901484,3529.8518256722914,3534.881103515625,1285231,-0.006361518961970381,3555.456612723214,3398.4090285528273,30.55739003182981,1
2023-12-27,TCS.NS,3538.094696417676,3555.976045565528,3509.223694683285,3549.456787109375,1293976,0.003211358560640879,3548.8309500558034,3414.1129324776784,24.835113843314634,0
2023-12-28,TCS.NS,3561.377336856761,3574.415852211362,3531.6682392482426,3538.932373046875,1682889,-0.006302326792952406,3540.941336495536,3428.7369210379466,14.766315394165693,0
2023-12-29,TCS.NS,3531.574901565644,3560.0734608663474,3506.8016322454937,3532.878662109375,1574996,0.0003691725590056703,3537.907889229911,3441.1390322730654,13.756036604329573,1
2024-01-01,TCS.NS,3529.712285492124,3568.827830608396,3513.879802945062,3549.36328125,825907,0.0055673080887203765,3542.0390276227677,3455.4858514694943,11.847584477418415,0
2024-01-02,TCS.NS,3549.3629379884974,3549.3629379884974,3508.5243592421702,3523.37890625,1344068,-0.007320759300321963,3541.466866629464,3467.5287155877977,12.736635076870709,0
2024-01-03,TCS.NS,3508.291234189303,3512.8082384612394,3433.8320590180388,3438.209228515625,1803075,-0.019976108308999187,3523.8714773995534,3475.4804106212796,38.884177304768954,0
2024-01-04,TCS.NS,3447.522818106381,3463.58813008378,3400.258204607658,3414.97314453125,3598144,-0.00944146719034896,3506.741768973214,3481.476341610863,55.90993073222346,1
2024-01-05,TCS.NS,3422.6103328983795,3490.364047651674,3422.4707254669115,3481.1904296875,1963127,0.017115619685374152,3496.989432198661,3487.4101911272323,53.100633680874985,0
2024-01-08,TCS.NS,3481.190278269504,3482.91331584222,3420.1886545813795,3425.68359375,1067805,-0.015944743056991444,3480.81103515625,3490.221900576637,55.39433240819689,1
2024-01-09,TCS.NS,3455.159632618118,3494.647840404757,3429.827707784857,3436.486572265625,1370944,-0.0054043987363743265,3467.0407366071427,3493.024727957589,52.18151773184044,1
2024-01-10,TCS.NS,3436.579604387055,3473.1340080380555,3434.7169596150297,3458.046630859375,1292227,0.006246625698678903,3453.9955008370534,3496.1357770647323,37.52801199201341,1
2024-01-11,TCS.NS,3468.244888948058,3513.879690118427,3452.412406909358,3479.001708984375,1777909,0.0031015168711398897,3447.6559012276784,3498.94970703125,25.75535523988365,1
2024-01-12,TCS.NS,3583.728848728073,3637.0470599000287,3559.142026578151,3616.138916015625,6813450,0.009043671732880934,3473.0744280133927,3511.7775530133927,68.01299638085175,1
2024-01-15,TCS.NS,3688.037055740898,3692.693668185015,3618.1878690791377,3635.69677734375,2801505,-0.014191906861584681,3504.606375558036,3522.2682524181546,85.50343989957078,0
2024-01-16,TCS.NS,3631.2262899610105,3631.2262899610105,3590.760374343459,3596.115478515625,1432672,-0.009669133411611887,3521.024239676339,3522.281540643601,91.1078252910609,1
2024-01-17,TCS.NS,3556.7205834939423,3641.424318346201,3550.713598917996,3617.8154296875,3458696,0.017177297108208943,3548.4716448102677,3523.408005487351,86.41854578505584,1
2024-01-18,TCS.NS,3630.294683469867,3640.35301077668,3596.767077362911,3634.578857421875,2239110,0.0011801174079657032,3576.7705426897323,3527.239722842262,75.36244928807817,1
2024-01-19,TCS.NS,3699.662913441761,3717.05934631678,3671.5755310311206,3697.834228515625,2941975,-0.0004942842007285969,3611.0259137834823,3535.686814081101,66.36267552905085,0
2024-01-23,TCS.NS,3657.4617018928593,3689.253392795468,3603.772039730458,3618.30810546875,2618854,-0.010705128205128166,3630.926827566964,3540.016531808036,32.33765425739906,0
2024-01-24,TCS.NS,3638.705672141985,3642.1285897607904,3568.9326446510017,3602.88134765625,2657709,-0.009845348240174183,3629.032889229911,3541.9929315476193,33.707320905174626,0
2024-01-25,TCS.NS,3601.0993927441014,3620.887291071968,3543.7054208683003,3573.34033203125,2205154,-0.007708496124484489,3620.124825613839,3543.8243233816966,39.409980200542144,0
2024-01-29,TCS.NS,3564.4311359857325,3582.4370565517297,3545.7218573588943,3564.61865234375,1646747,5.2607653469419506e-05,3615.6252790178573,3544.546316964286,44.12415121461889,0
2024-01-30,TCS.NS,3570.6673355072853,3608.508089170076,3551.489152314185,3564.196533203125,1411621,-0.0018122109107767128,3607.9654366629466,3545.7493722098216,48.15089331858943,1
2024-01-31,TCS.NS,3574.184071078628,3595.566200692752,3560.351363342525,3578.638671875,2459358,0.0012463266322563671,3599.9739815848216,3547.928420293899,47.637157508337225,1
2024-02-01,TCS.NS,3582.436989907515,3662.057029330496,3568.4167652804376,3614.463134765625,2363107,0.008939765011452943,3588.0638253348216,3551.0284133184523,23.295698923790788,1
2024-02-02,TCS.NS,3634.063205902369,3736.612663128637,3631.2028376276817,3719.638427734375,2826510,0.023548082953817735,3602.5395856584823,3560.3741048177085,55.05522013886367,1
2024-02-05,TCS.NS,3735.300087307631,3771.8747052852855,3715.699934897556,3726.203369140625,1691523,-0.0024353379793812043,3620.1570172991073,3574.088111514137,72.23394959874419,1
2024-02-06,TCS.NS,3748.429229618272,3891.820388775413,3741.864554960447,3878.784912109375,4474396,0.03477608206154607,3663.7919573102677,3596.174386160714,117.38468871896013,0
2024-02-07,TCS.NS,3894.7275215618497,3896.6031428098927,3820.593545941405,3829.455810546875,2124267,-0.016758992934324625,3701.6258370535716,3612.7584519159227,122.65421689318784,1
2024-02-08,TCS.NS,3835.64611486237,3899.417248312405,3831.941808049095,3877.003662109375,2345173,0.010782419964853606,3746.312569754464,3634.2498837425596,121.21370999066535,0
2024-02-09,TCS.NS,3879.30081223086,3924.503472818575,3845.0240130368975,3876.62841796875,2100596,-0.0006888855470255133,3788.8825334821427,3655.2090192522323,103.55260540863023,0
2024-02-12,TCS.NS,3873.1579793046585,3900.917266090495,3850.228325776773,3864.4365234375,1013716,-0.0022517686894672597,3824.593017578125,3674.5609188988096,71.52908563473893,1
2024-02-13,TCS.NS,3868.891392141469,3910.6706762721774,3827.67442810669,3891.445556640625,1257415,0.005829619447309396,3849.136893136161,3694.201102120536,57.64177277002415,0
2024-02-14,TCS.NS,3851.5884779156377,3858.997090733716,3797.6643636034514,3845.11767578125,1391283,-0.001680034658814191,3866.1246512276784,3705.1048525855654,21.67509753834513,1
2024-02-15,TCS.NS,3871.282423660838,3888.444175657724,3829.0809437517446,3848.02490234375,1091582,-0.006007704623909825,3861.7303641183034,3715.2157156808034,21.79835433181376,1
2024-02-16,TCS.NS,3857.449852866872,3889.992067247873,3845.1177337734257,3871.563720703125,1307556,0.0036588597064362714,3867.745779854911,3728.332298642113,16.596992787609278,0
2024-02-19,TCS.NS,3866.640503768057,3871.56401029997,3802.822664172948,3848.587646484375,772291,-0.0046688739917997045,3863.686349051339,3739.3214518229165,17.41040808833605,0
2024-02-20,TCS.NS,3828.236868254403,3843.147965703713,3760.620630178596,3779.986328125,1193648,-0.012603854408675647,3849.8803362165177,3746.2456170944943,34.93491157675388,0
2024-02-21,TCS.NS,3763.434414830734,3810.653276108984,3733.04943912238,3743.271484375,1885939,-0.005357587839521569,3832.571044921875,3748.4092959449404,52.247762360295965,1
2024-02-22,TCS.NS,3724.0468282148686,3840.2884354974194,3724.0468282148686,3832.9267578125,2982052,0.029236992610488545,3824.2112165178573,3758.6292317708335,45.50399856949265,0
2024-02-23,TCS.NS,3873.158393102728,3873.158393102728,3794.757322908657,3800.10302734375,2538072,-0.01886196182657392,3817.7805524553573,3768.0207403273807,45.2370312524366,0
2024-02-26,TCS.NS,3785.003977166394,3798.133326938528,3735.065557497388,3752.2275390625,1379284,-0.008659551826529898,3804.09521484375,3776.5391787574404,48.90431403109172,1
2024-02-27,TCS.NS,3750.305228133252,3867.531573098657,3750.305228133252,3849.150390625,2960475,0.02635656472711929,3800.893310546875,3790.088309151786,44.26434951705503,1
2024-02-28,TCS.NS,3840.8976823678586,3896.509674983892,3834.708040023188,3862.795654296875,1939225,0.005701264063747887,3802.923025948661,3804.3073149181546,47.053707076677256,0
2024-02-29,TCS.NS,3844.08608110517,3880.754571266245,3811.778548098447,3840.4287109375,3772719,-0.0009514277491461137,3811.5576520647323,3816.773507254464,47.684719810131654,0
2024-03-01,TCS.NS,3851.776056001576,3882.536061925083,3832.644581510238,3839.72509765625,2043265,-0.0031286757511638998,3825.336739676339,3827.500267392113,37.515233629748394,0
2024-03-04,TCS.NS,3849.712918034811,3861.8105844645606,3822.4225351204777,3826.924072265625,1749271,-0.005919622126217988,3824.4792131696427,3832.609107607887,37.381190263824635,0
2024-03-05,TCS.NS,3809.386993519725,3811.2626148853183,3732.486517530405,3762.59033203125,2070859,-0.012284564831056092,3819.1202566964284,3834.341820126488,43.62554027366,1
2024-03-06,TCS.NS,3745.662985779128,3818.7652862706927,3712.276832263034,3811.544189453125,1744204,0.017588662921390153,3827.594063895089,3831.1398809523807,32.912130105162106,1
2024-03-07,TCS.NS,3812.200715011256,3867.531549497273,3786.598435635506,3853.08935546875,2688905,0.010725731280750106,3828.1567731584823,3832.2652878534227,33.3725636481234,1
2024-03-11,TCS.NS,3834.70805162123,3894.7279379757806,3834.70805162123,3865.984130859375,2304068,0.008156052251467278,3828.6122698102677,3831.740548270089,33.94105819996723,1
2024-03-12,TCS.NS,3865.984229655007,3966.8927577504014,3864.764800933032,3931.537109375,4039801,0.016956323623141877,3841.627755301339,3834.355247860863,51.929514521988175,0
2024-03-13,TCS.NS,3943.494208706634,3977.25539574907,3874.9401512123873,3890.976806640625,2837260,-0.013317479191438492,3848.9494280133927,3835.619070870536,55.13091599969501,1
2024-03-14,TCS.NS,3895.150015480492,3962.250187561687,3831.8945009176455,3945.932373046875,2919608,0.013037330363287313,3865.950613839286,3838.2136811755954,64.72222762047453,1
2024-03-15,TCS.NS,3931.865831060263,3975.380162582583,3917.235890329665,3956.8583984375,3373143,0.00635641409221162,3893.703194754464,3843.53466796875,53.73273009672373,0
2024-03-18,TCS.NS,3953.106903991148,3990.1504299285534,3861.764225288072,3894.25927734375,1526904,-0.014886424292746593,3905.5196358816966,3845.736304873512,39.99176334203462,0
2024-03-19,TCS.NS,3799.305894869941,3805.636117588947,3719.920304502826,3729.954833984375,8931209,-0.018253613371644536,3887.9289899553573,3838.9930245535716,76.92430955551465,0
2024-03-20,TCS.NS,3738.113425638154,3768.123367840969,3713.917863945596,3723.952392578125,1817913,-0.0037882834059834013,3867.638741629464,3833.0580124627977,99.18752005699675,1
2024-03-21,TCS.NS,3741.911654661655,3759.120343748554,3702.476668668117,3725.875,3829582,-0.0042856850031926155,3838.2584402901784,3830.4812825520835,107.2384625519788,0
2024-03-22,TCS.NS,3654.6483605203457,3693.098599879169,3615.260310445454,3667.683837890625,5852485,0.0035668212326789533,3806.359444754464,3826.8818708147323,121.2395524865718,0
2024-03-26,TCS.NS,3634.016801156512,3701.257788821208,3630.687527069717,3636.361328125,3440925,0.0006451612903225679,3762.135009765625,3817.5216122581846,118.26687851193148,0
2024-03-27,TCS.NS,3646.677238477006,3652.7730085811854,3591.2525294851544,3602.037353515625,1968575,-0.012241249236530851,3711.4462890625,3808.089913504464,94.56123581484412,1
2024-03-28,TCS.NS,3610.665001604127,3671.528823337685,3601.661927465741,3635.235595703125,4311783,0.006805005196572307,3674.4429059709823,3802.518868582589,52.366803239990155,1
2024-04-01,TCS.NS,3655.304825869685,3688.690979343402,3646.255043934656,3673.170166015625,1569676,0.004887510343734325,3666.330810546875,3794.1388578869046,46.39162201571879,0
2024-04-02,TCS.NS,3648.083912259489,3666.699547713614,3632.141129095373,3642.26953125,2142666,-0.001593817781973026,3654.6618303571427,3783.6376139322915,39.197445313088295,1
2024-04-03,TCS.NS,3611.509332272647,3733.424734296911,3611.509332272647,3701.820556640625,3973090,0.025006504499642812,3651.2254813058034,3777.0372256324404,32.374395193616515,1
2024-04-04,TCS.NS,3728.6417382256623,3778.111256202073,3690.5198221169694,3754.337890625,3394637,0.006891558428878631,3663.6046316964284,3772.971168154762,50.95291402902523,0
2024-04-05,TCS.NS,3730.6111838217394,3753.118641944344,3714.19949560734,3731.783447265625,1636819,0.00031422825540471946,3677.2363630022323,3768.4406622023807,55.049343475458116,0
2024-04-08,TCS.NS,3735.300076175832,3781.8622865716975,3713.730429740471,3725.5,2302538,-0.002623638255554927,3694.8738839285716,3766.6744559151784,45.97008795577502,0
2024-04-09,TCS.NS,3736.2379090370728,3766.107272056605,3680.954012876369,3701.116943359375,1876992,-0.009400088145551034,3704.2855050223216,3761.416015625,37.73083179416888,1
2024-04-10,TCS.NS,3710.354501549767,3742.052551903004,3674.342658956251,3736.84765625,2101965,0.007140329768804325,3713.3822893415177,3755.8806966145835,36.6391479697651,1
2024-04-12,TCS.NS,3724.0460679227617,3763.762440285618,3700.131896496917,3752.555419921875,4354821,0.0076554777999874556,3729.1374162946427,3750.4793294270835,21.58125962736223,0
2024-04-15,TCS.NS,3752.555521752734,3811.450077595125,3675.326950485817,3696.099365234375,4200329,-0.015044722507393993,3728.3201032366073,3739.2680082775296,22.858734999562643,0
2024-04-16,TCS.NS,3659.33739612377,3684.37689632826,3622.622198353119,3631.953369140625,3051420,-0.007483329362346297,3710.836600167411,3726.9335588727677,40.01050407377412,0
2024-04-18,TCS.NS,3635.704595429841,3691.2229435040135,3610.571222685582,3621.824951171875,3476284,-0.0038175940573975686,3695.128243582589,3711.4998721168154,50.59986594975968,0
2024-04-19,TCS.NS,3599.317187756726,3612.962378176155,3564.5243218990936,3588.2509765625,2957749,-0.0030745307003973953,3675.521240234375,3693.9471377418154,62.14411095795588,1
2024-04-22,TCS.NS,3598.379760081903,3636.829999895132,3574.934491903105,3624.263427734375,1728883,0.007193145075905739,3664.542166573661,3681.0901925223216,63.639330180869734,1
2024-04-23,TCS.NS,3635.939054170527,3652.772710601142,3620.512113803044,3633.735107421875,1807586,-0.0006061561307316262,3649.8118024553573,3676.50830078125,55.530609790247134,0
2024-04-24,TCS.NS,3648.0839487378935,3655.586435007792,3586.610406072374,3592.800048828125,1317312,-0.015154229093026966,3626.9896065848216,3670.2629510788693,35.47302377190844,1
2024-04-25,TCS.NS,3574.1837976912666,3632.750025258648,3573.996281358353,3612.634033203125,2856271,0.010757766720529376,3615.065987723214,3664.8705240885415,18.187575577638015,0
2024-04-26,TCS.NS,3615.400944510773,3635.7046841917695,3566.07223748283,3583.703125,2039178,-0.00876744239360218,3608.173095703125,3660.8714425223216,19.79305103905356,1
2024-04-29,TCS.NS,3599.317191992929,3636.642100796793,3581.6863063865258,3629.5146484375,1110693,0.008389773624772055,3609.2716238839284,3660.54541015625,20.861569862763705,0
2024-04-30,TCS.NS,3631.2030581143713,3640.3467125091584,3573.058794270598,3583.04638671875,2203078,-0.013261905386428132,3608.5281110491073,3659.6410784040177,21.80694214404745,1
2024-05-02,TCS.NS,3543.0955870607045,3630.35891420508,3543.0955870607045,3623.0439453125,2491044,0.02256455020399814,3608.3538992745534,3659.060523623512,21.664691547242107,0
2024-05-03,TCS.NS,3648.224242496259,3651.459872612422,3561.430044438285,3604.381591796875,2962234,-0.012017531759337612,3604.1605398995534,3655.7848772321427,18.550098017562657,1
2024-05-06,TCS.NS,3613.384573734727,3694.927167103904,3613.384573734727,3677.20263671875,2053831,0.017661575091649298,3616.2180524553573,3657.4483584449404,32.28270616985341,1
2024-05-07,TCS.NS,3686.346216935469,3739.988941315255,3670.12204659911,3731.501708984375,2062112,0.012249389881356494,3633.199148995536,3658.861746651786,54.024703449204395,0
2024-05-08,TCS.NS,3714.668185817112,3736.5192209369857,3693.66131770256,3729.626220703125,1247685,0.0040267485917380354,3654.0453055245534,3657.6850004650296,59.60760517634586,0
2024-05-09,TCS.NS,3715.606318089679,3724.0466151272376,3666.887093758869,3713.918212890625,1726486,-0.00045432832612953466,3666.102957589286,3656.834275018601,62.29459935834393,0
2024-05-10,TCS.NS,3716.1689930361385,3726.484911351382,3643.4417231221314,3651.7412109375,1672489,-0.017337150764502922,3675.91650390625,3653.321951729911,51.506356595102176,1
2024-05-13,TCS.NS,3642.925840662716,3709.041498216255,3629.327584853832,3702.289306640625,931326,0.016295546100688604,3687.2372698102677,3653.3777785528273,46.404611310825615,0
2024-05-14,TCS.NS,3691.2230172569975,3700.413608162642,3650.803283386374,3658.587158203125,1058317,-0.008841475820153703,3694.9809221540177,3649.6510881696427,32.80331324767265,0
2024-05-15,TCS.NS,3661.6818959693137,3682.735700495232,3634.485385536964,3639.08056640625,1115021,-0.006172390230823346,3689.534912109375,3644.2475237165177,38.85338535660739,1
2024-05-16,TCS.NS,3675.637702384871,3693.0187445265583,3630.67337116967,3684.942138671875,2599399,0.0025313801414560315,3682.883544921875,3643.7162272135415,34.17530797635946,0
2024-05-17,TCS.NS,3701.992673680125,3702.937300542508,3617.920882928012,3621.7939453125,2765804,-0.021663664798099096,3667.478934151786,3643.232445126488,33.896059903944725,0
2024-05-21,TCS.NS,3618.487587374944,3631.853964623447,3599.075460107987,3608.663330078125,1908117,-0.002715017547965637,3652.4425223214284,3642.6057012648807,33.20057773019381,1
2024-05-22,TCS.NS,3622.644183451547,3628.548101612322,3606.160490071024,3619.810302734375,1311168,-0.000782268578878796,3647.8809640066966,3644.1085263206846,35.431589924391155,1
2024-05-23,TCS.NS,3628.264511456228,3688.767908291488,3613.670072514492,3677.857421875,2095742,0.01366849364542821,3644.390694754464,3646.660621279762,29.959505473802793,0
2024-05-24,TCS.NS,3663.4993323947815,3668.742057896385,3631.429294761055,3636.34130859375,1309452,-0.007413137368658577,3641.212716238839,3646.7847260974704,29.376827660600043,0
2024-05-27,TCS.NS,3641.536592979719,3691.932528869285,3628.64252842061,3634.02685546875,1841538,-0.0020622441431582816,3640.4907575334823,3648.7479073660716,29.499802208083725,0
2024-05-28,TCS.NS,3644.370298755804,3655.7058206803945,3617.920747598426,3627.2724609375,1801993,-0.004691575338582156,3632.2522321428573,3649.4449753534227,22.155191105024922,0
2024-05-29,TCS.NS,3635.774396680819,3635.774396680819,3589.582233347775,3593.030029296875,1568095,-0.011756606081765191,3628.1431012834823,3649.889113653274,26.633079979385382,0
2024-05-30,TCS.NS,3567.855604818015,3584.29201972414,3509.713776200528,3529.220458984375,2919230,-0.01082867417096901,3616.794119698661,3645.1131998697915,46.116804036535804,0
2024-05-31,TCS.NS,3532.904510318457,3542.1618998121,3451.430442400017,3467.677978515625,10956800,-0.018462579900568158,3595.0609305245534,3639.6194661458335,72.66448388166945,1
2024-06-03,TCS.NS,3526.103296774428,3543.815050940118,3491.3409811408733,3497.811767578125,2156773,-0.008023454452449926,3569.3401227678573,3633.656029110863,70.2993413423078,1
2024-06-04,TCS.NS,3495.1196584791387,3537.6278705417226,3392.627636061575,3509.2890625,3395997,0.004054054054054031,3551.1898018973216,3629.1278134300596,66.41149029882766,1
2024-06-05,TCS.NS,3510.23347219526,3574.2792205302862,3495.119442175044,3538.997314453125,2799670,0.008194281800827397,3537.6141531808034,3622.546607607887,55.46696900172296,1
2024-06-06,TCS.NS,3571.633868980156,3627.272294288424,3534.321111025986,3618.29833984375,4328036,0.013065300805011854,3536.3321358816966,3617.1559709821427,53.10261881584999,1
2024-06-07,TCS.NS,3624.8165722996846,3698.21403069252,3624.8165722996846,3678.32958984375,4552445,0.01476295875300395,3548.5177873883927,3614.7132742745534,73.96905191373055,0
2024-06-10,TCS.NS,3679.321494112552,3689.617834286387,3629.161717309955,3645.031494140625,1734661,-0.009319653100930707,3565.0622209821427,3611.4329543340773,81.50153840373666,0
2024-06-11,TCS.NS,3632.090420061804,3665.105083997564,3628.311912472664,3638.79736328125,1419898,0.001846579364434456,3589.5078473772323,3610.816580636161,72.60057914508324,0
2024-06-12,TCS.NS,3659.862044439457,3677.9045088776033,3615.511861543188,3619.479248046875,2177001,-0.01103396682777613,3606.888916015625,3606.873244512649,60.55365049785417,1
2024-06-13,TCS.NS,3643.23713885556,3674.598706369105,3638.702883530537,3663.40478515625,1932323,0.005535639194495421,3628.905447823661,3607.1026553199404,45.232152797479344,0
2024-06-14,TCS.NS,3673.6538756786167,3673.6538756786167,3616.031636949793,3619.857421875,1860730,-0.0146438547626317,3640.4568917410716,3606.1872674851193,23.59388766722332,0
2024-06-18,TCS.NS,3614.189809874109,3629.256562858962,3584.90637586874,3603.84619140625,1774045,-0.0028619466635647598,3638.3922991071427,3602.3255557105654,26.32974670448044,0
2024-06-19,TCS.NS,3615.701009861556,3621.557881055292,3582.9225030243783,3591.18798828125,1509050,-0.0067796041524032504,3625.9434988839284,3600.8681291852677,24.859554666556658,0
2024-06-20,TCS.NS,3585.803570986533,3598.981069597492,3570.736818650082,3577.5380859375,2846526,-0.0023050579557426835,3616.301583426339,3599.3859747023807,28.971110475415827,1
2024-06-21,TCS.NS,3615.08724810415,3663.074342099871,3587.7403447033967,3599.737060546875,4642195,-0.004246145806114418,3610.7215401785716,3598.430106026786,27.647533288063247,1
2024-06-24,TCS.NS,3597.8476118252383,3643.4258585651314,3581.363918973201,3605.451904296875,1702154,0.0021135671357072543,3608.7176339285716,3594.982224237351,27.414347566237904,1
2024-06-25,TCS.NS,3605.641118078784,3634.5938422484783,3582.8755160198134,3625.9033203125,1338808,0.0056195837495087025,3603.360281808036,3594.485177176339,16.396307865791083,1
2024-06-26,TCS.NS,3631.618235835589,3652.825064309877,3628.312041577448,3642.33984375,1639845,0.0029522948774223286,3606.5720563616073,3594.881033761161,21.556420613885393,1
2024-06-27,TCS.NS,3618.865541478185,3723.7191241208575,3606.679947095457,3716.3037109375,4526556,0.026925059343187042,3622.6374162946427,3599.1206170944943,46.57433264123584,0
2024-06-28,TCS.NS,3700.8591386940006,3740.722345851188,3682.013879060851,3687.96484375,2731571,-0.0034841355644113837,3636.4626813616073,3603.6413225446427,49.92603085602683,1
2024-07-01,TCS.NS,3668.930984521538,3780.113527706698,3668.930984521538,3757.914794921875,2658723,0.024253334493273743,3662.230782645089,3614.5315290178573,59.98082190485679,1
2024-07-02,TCS.NS,3772.4619129298726,3800.61160880511,3762.0237400230303,3794.94384765625,2307449,0.005959486204306532,3690.1174665178573,3630.1156180245534,70.53346290865909,0
2024-07-03,TCS.NS,3797.399960989219,3803.162277059337,3735.9992153513335,3745.681640625,1821198,-0.01361940298507465,3710.1502859933034,3641.9189453125,61.8597060080125,1
2024-07-04,TCS.NS,3778.3658747158015,3823.2356509992096,3761.598747788845,3798.29736328125,2518001,0.0052751610686584665,3734.778006417411,3655.6812453497023,56.842506218726,0
2024-07-05,TCS.NS,3787.953922306711,3803.776423104376,3767.172130214255,3789.654296875,1668616,0.00044888998207604267,3755.822928292411,3667.6172921316966,42.333586467761435,0
2024-07-08,TCS.NS,3799.289284450672,3808.027083028784,3757.77297949308,3772.083984375,1758882,-0.007160628748912283,3763.7915387834823,3674.9404180617557,38.753402843725006,0
2024-07-09,TCS.NS,3764.338233420368,3785.07274795437,3754.986519267368,3764.810546875,1305801,0.00012547051442901363,3774.7694963727677,3679.0585588727677,20.077762241565914,0
2024-07-10,TCS.NS,3763.110215438961,3781.624995321451,3685.9342421919528,3692.688232421875,2669716,-0.018713771052509907,3765.451416015625,3681.327927362351,37.11281404886816,1
2024-07-11,TCS.NS,3713.3281952652137,3759.6149115124776,3679.8884965924376,3706.432373046875,4872189,-0.0018570462549287793,3752.8069196428573,3684.5486421130954,40.3287050147053,1
2024-07-12,TCS.NS,3759.614664016721,3967.385513175067,3751.39645698104,3952.271484375,13509164,0.05124376766645742,3782.319754464286,3700.3958914620534,85.04578936990494,0
2024-07-15,TCS.NS,4001.156311371623,4005.2180225102193,3926.861037312962,3938.338623046875,4848030,-0.015699883592704127,3802.3256487165177,3713.4879789806546,103.82811956447105,1
2024-07-16,TCS.NS,3940.983631836808,3962.284785042597,3915.3841492662273,3947.07666015625,2029521,0.001546067908077615,3824.8145577566966,3729.069847470238,116.85725296301818,1
2024-07-18,TCS.NS,3929.6474707764414,4085.510892093296,3929.6474707764414,4076.583984375,5613364,0.03739177997295672,3868.3145577566966,3751.5811709449404,146.79650667444628,0
2024-07-19,TCS.NS,4087.804853926967,4126.955994366335,4057.364651530447,4073.6025390625,3903354,-0.0034743133226684203,3912.4276994977677,3774.553292410714,156.57989244635039,0
2024-07-22,TCS.NS,4071.282819315056,4090.219237805453,4038.191243077126,4059.352783203125,1896386,-0.002930289208927492,3964.808349609375,3797.496849423363,129.8710871077491,1
2024-07-23,TCS.NS,4055.233611989632,4129.748596183281,4039.421519213997,4073.5546875,2365208,0.004517884113063184,4017.25439453125,3820.059593563988,67.09756943394379,1
2024-07-24,TCS.NS,4059.494909543949,4108.350964066985,4041.126675185908,4077.247802734375,1809793,0.004373177842565792,4035.108154296875,3842.5260649181546,63.45291718369976,1
2024-07-25,TCS.NS,4066.5957262823526,4112.043129044065,4046.902036678233,4092.63330078125,2810342,0.006402793946449328,4057.1502511160716,3864.7513020833335,49.4999297459526,1
2024-07-26,TCS.NS,4118.671036198701,4187.268397348249,4106.409520256929,4154.50830078125,3552210,0.00870117187500002,4086.7833426339284,3889.1402762276784,31.403322240922638,0
2024-07-29,TCS.NS,4180.214323934273,4195.363458517048,4138.554203831644,4148.1171875,1746803,-0.007678347076727016,4097.002371651785,3909.7028227306546,38.392329149823276,0
2024-07-30,TCS.NS,4157.585227320139,4164.118198879963,4097.177778242139,4133.20458984375,1797906,-0.00586413414117888,4105.516950334822,3930.904715401786,38.9430946190617,1
2024-07-31,TCS.NS,4118.671386453276,4179.267930989599,4113.937281411375,4152.1416015625,2330091,0.008126459231321811,4118.772495814732,3949.677420479911,36.3137923393787,1
2024-08-01,TCS.NS,4165.443616342355,4184.285259071731,4132.920227203137,4163.26611328125,2202244,-0.0005227541797858371,4131.588413783482,3967.216575985863,33.41019459486961,0
2024-08-02,TCS.NS,4132.872664673588,4164.117750110982,4042.924691444724,4055.280517578125,2811282,-0.018774386096792765,4128.450230189732,3981.9593796502977,39.787984487411265,0
2024-08-05,TCS.NS,4013.5736879846177,4013.5736879846177,3891.907205581687,3934.087890625,2787771,-0.019804245178697787,4105.800885881697,3988.4255952380954,84.06487503029896,1
2024-08-06,TCS.NS,3949.142933439943,4031.800215504779,3939.532331171562,3949.379638671875,2203067,5.993838053505952e-05,4076.4967912946427,3996.031563895089,98.72985353872453,1
2024-08-07,TCS.NS,4003.158705086717,4019.207504026678,3957.995163908957,3977.073974609375,1237666,-0.006516037059484234,4052.0620465959823,4005.792992001488,99.21485268871993,0
2024-08-08,TCS.NS,3958.658047820448,4006.945912072743,3938.774809598916,3950.6572265625,2441283,-0.0020210943105714503,4025.9838518415177,4014.6428338913693,98.31907366156577,1
2024-08-09,TCS.NS,3992.743507403746,4027.444398945124,3981.902223791584,4003.86865234375,1302536,0.0027863410007115236,4004.802001953125,4029.4609491257443,81.06833573732,0
2024-08-12,TCS.NS,4005.0521972685856,4013.573584922349,3963.723559610809,3972.52880859375,936912,-0.008120590462470448,3977.5538155691966,4042.1322079613096,41.16205606586846,1
2024-08-13,TCS.NS,3988.956544779889,4008.8397841438527,3960.551917117085,3973.76025390625,1495593,-0.003809590478874879,3965.9080636160716,4043.1554827008927,23.056001722066572,1
2024-08-14,TCS.NS,3985.1692159262047,4077.200393436632,3965.4279074613096,4066.83251953125,3226545,0.020491803278688544,3984.87158203125,4049.274239676339,40.50800840628435,1
2024-08-16,TCS.NS,4118.670675923561,4191.575880991633,4095.09492934504,4181.2080078125,3457058,0.015183863146551653,4017.989920479911,4060.4233514694943,81.09247408996879,1
2024-08-19,TCS.NS,4185.894947757169,4255.249574521071,4156.87498137627,4251.2255859375,2055210,0.015607328658674518,4057.1544363839284,4068.7396182105654,116.50728303213931,1
2024-08-20,TCS.NS,4265.428244901237,4322.23750010525,4260.694140300903,4282.7548828125,2212298,0.004062109808546097,4104.596958705357,4078.6992536272323,132.43994692984066,1
2024-08-21,TCS.NS,4277.736579801988,4317.503055311436,4253.639804359008,4309.455078125,1896990,0.0074147853032315485,4148.252162388393,4090.60888671875,143.59796713167577,0
2024-08-22,TCS.NS,4317.503505386495,4318.403170209416,4258.04333501898,4262.587890625,1829872,-0.012719298245614038,4189.689174107143,4099.610467819941,125.09798631965782,0
2024-08-23,TCS.NS,4260.6939984141445,4266.374923745363,4218.087058430003,4226.513671875,1809253,-0.008022243923611186,4225.796805245535,4106.718366350447,81.13923728089138,1
2024-08-26,TCS.NS,4250.278746663329,4310.0703901887255,4246.491463306979,4263.013671875,1844164,0.002996256474159141,4253.822684151785,4114.83171735491,41.066524828497165,0
2024-08-27,TCS.NS,4265.428242149461,4270.162346746741,4248.1959164894,4257.99560546875,930697,-0.0017425300013874708,4264.792340959822,4119.759684244792,25.887401144165274,1
2024-08-28,TCS.NS,4259.510267771518,4319.8700965173775,4220.2643589002255,4266.421875,1848058,0.0016226295498750739,4266.963239397322,4125.39324079241,25.187808450268452,1
2024-08-29,TCS.NS,4222.820592184166,4313.71538519979,4222.820592184166,4271.86572265625,2133641,0.011614305983744405,4265.407645089285,4131.99615187872,24.373049979974475,1
2024-08-30,TCS.NS,4260.693828489569,4348.038051973605,4249.14242918416,4311.58544921875,3637222,0.011944444444444534,4265.711983816965,4139.588716052827,25.01945334705676,0
2024-09-02,TCS.NS,4332.653000126362,4344.01485239942,4272.056454670049,4280.625,1216500,-0.01200834687773159,4268.288713727678,4145.177234468006,25.566904417258517,0
2024-09-03,TCS.NS,4280.624760360365,4313.621563619124,4256.812305434149,4272.3876953125,1717263,-0.001924267019184299,4274.842145647322,4155.515671502976,17.762389327121607,0
2024-09-04,TCS.NS,4238.869860215786,4248.3852249914535,4200.760320366018,4241.04736328125,1265505,0.0005136989662979552,4271.7041015625,4170.1327892485115,21.703525544209924,0
2024-09-05,TCS.NS,4242.704111797141,4259.746886626945,4217.281880213047,4237.9228515625,1688793,-0.001126936997879857,4268.836565290178,4183.872942243303,24.906320358453684,0
2024-09-06,TCS.NS,4236.029155230157,4278.636091754635,4203.884403748528,4219.74365234375,1649179,-0.0038445209628218575,4262.168247767857,4195.428641183035,31.13135323406844,0
2024-09-09,TCS.NS,4218.087605531546,4251.463046181375,4194.890490753651,4212.92724609375,1184938,-0.0012233883978674308,4253.748465401785,4207.917689732143,35.70563215637988,1
2024-09-10,TCS.NS,4206.204473662924,4298.5195066181295,4204.310831961278,4268.12646484375,1385591,0.01472158369108049,4247.5400390625,4220.501395089285,26.586811497924813,0
2024-09-11,TCS.NS,4281.00383317773,4307.420045613886,4233.473235852587,4241.142578125,1325919,-0.009311193497143197,4241.899693080357,4233.292526971726,22.22899615509762,1
2024-09-12,TCS.NS,4270.399124104948,4291.560664475195,4195.647426325353,4277.453125,2742216,0.0016518364419931106,4242.623325892857,4247.754092261905,23.436553893459987,1
2024-09-13,TCS.NS,4289.098178257309,4305.194131685647,4265.427658509752,4282.091796875,1458786,-0.001633532526214104,4248.48681640625,4258.004534040178,27.719563629673168,0
2024-09-16,TCS.NS,4286.2585344411245,4304.295289007335,4255.43969677022,4273.23974609375,1155120,-0.003037331566158556,4253.532087053572,4262.386997767857,28.673949066700484,0
2024-09-17,TCS.NS,4273.239388269134,4294.590014445038,4228.502101148829,4266.04345703125,1699364,-0.0016839522863236296,4260.146344866072,4263.092610677083,24.636725107670546,0
2024-09-18,TCS.NS,4257.900060784767,4257.900060784767,4091.212452989384,4115.02490234375,2961779,-0.033555310458527846,4246.160295758928,4255.10546875,59.30589086490829,0
2024-09-19,TCS.NS,4156.590462569691,4187.031121100962,4054.097111106405,4067.68408203125,2927551,-0.02138925673314408,4217.525669642857,4243.592564174107,88.25605337155497,0
2024-09-20,TCS.NS,4087.330983142617,4100.397388735434,4002.685288545634,4057.03271484375,5447908,-0.007412726892885838,4191.224260602678,4233.8042224702385,105.74550194668561,0
2024-09-23,TCS.NS,4071.3297402117255,4080.229763925027,4026.8291593303416,4041.5048828125,1702319,-0.007325581395348853,4157.517368861607,4224.994280133928,111.14559540414764,1
2024-09-24,TCS.NS,4025.55058123155,4062.808072353835,4014.520211321431,4044.155517578125,3012026,0.004621712228214777,4123.526471819197,4214.572463262649,102.76552105462738,1
2024-09-25,TCS.NS,4026.21366904617,4061.482745140029,4014.5203392742255,4047.42236328125,2713073,0.005267652434378787,4091.266845703125,4204.545166015625,81.09408158437634,1
2024-09-26,TCS.NS,4033.456353286984,4087.235586404884,4033.456353286984,4064.22802734375,3964251,0.007629107981220482,4062.4360700334823,4194.916887555803,25.242949045283524,1
2024-09-27,TCS.NS,4104.468833102264,4145.182134099588,4071.377255854054,4079.567626953125,3012477,-0.00606685229238747,4057.3707449776784,4185.759835379465,13.9734342730739,0
2024-09-30,TCS.NS,4058.926294354151,4070.146214124455,4033.504061536598,4041.5048828125,2503416,-0.0042921231572704025,4053.630859375,4172.898856026785,14.253623183360995,1
2024-10-01,TCS.NS,4029.244026685226,4067.306416803666,4017.31445162612,4059.873779296875,1823365,0.007601860897178661,4054.0367257254466,4162.38689313616,14.406265877383511,0
2024-10-03,TCS.NS,4035.918701068768,4051.446470751229,3986.1158312368952,4007.656005859375,3350119,-0.007002791013086686,4049.201171875,4149.780622209822,22.640998948792667,1
2024-10-04,TCS.NS,4000.318271301223,4069.436196462167,3999.4186065272825,4026.119140625,2965463,0.006449704142011825,4046.6245465959823,4139.545944940476,24.27803381295681,1
2024-10-07,TCS.NS,4046.61726791575,4068.725625748717,4004.4837429065424,4045.623291015625,1472619,-0.00024563155700583285,4046.3675362723216,4130.388823009673,24.277702994267084,0
2024-10-08,TCS.NS,4045.386994505716,4051.825191579924,3980.387833393532,4027.06591796875,1541867,-0.0045288810593025605,4041.058663504464,4121.21369280134,23.779219196019735,0
2024-10-09,TCS.NS,4033.456884593668,4066.595614866151,4020.8643520160745,4026.781982421875,1082504,-0.001654883729460088,4033.5178571428573,4112.3496326264885,16.909290474937748,0
2024-10-10,TCS.NS,4027.065743241721,4065.506761861307,3975.322076727874,4002.59033203125,2378875,-0.0060777282445775935,4027.9586356026784,4099.7050548735115,19.966343546691007,0
2024-10-11,TCS.NS,3922.6785983438544,4016.36670200166,3893.753407653234,3928.549072265625,5759183,0.0014965472634564181,4009.1979631696427,4084.819649832589,38.27939899086623,0
2024-10-14,TCS.NS,3919.838201981407,3943.887358390496,3902.984976280472,3916.666259765625,2137590,-0.0008092023324275861,3996.1994280133927,4067.6393229166665,51.91159056777209,0
2024-10-15,TCS.NS,3911.364023062213,3948.1957233726384,3877.231316907688,3897.871826171875,2759474,-0.0034494863711956683,3977.8783830915177,4049.3431338355654,61.36283169747145,0
2024-10-16,TCS.NS,3867.763260590064,3896.1678867388287,3850.9098028436433,3877.18408203125,2359151,0.002435728561046624,3953.8156389508927,4030.4833403087796,63.36303182314178,1
2024-10-17,TCS.NS,3894.0845506582914,3910.322897852932,3875.290295751956,3890.48681640625,2522659,-0.0009238973127671811,3934.3043387276784,4012.5996907552085,57.83502881013781,1
2024-10-18,TCS.NS,3881.944647481302,3935.238244757566,3872.4533402747466,3913.313232421875,2361000,0.008080636842909534,3918.0945172991073,4002.9943731398807,41.06609942175394,0
2024-10-21,TCS.NS,3922.377680306237,3929.3538837408,3862.962004937328,3872.31103515625,1595450,-0.012764361117330753,3899.4831891741073,3993.690894717262,21.01769460139842,0
2024-10-22,TCS.NS,3859.165475968124,3881.75483326371,3802.549921671549,3811.234375,1928049,-0.012420068863748317,3882.723946707589,3981.9862118675596,35.65431975939552,1
2024-10-23,TCS.NS,3796.143361546141,3904.2965301967497,3791.919544419266,3859.40283203125,1966476,0.01666414159325739,3874.54345703125,3973.3146856398807,33.04223055332799,0
2024-10-24,TCS.NS,3800.319338767848,3871.504141566946,3800.319338767848,3841.986083984375,2676744,0.010964011574363212,3866.5597795758927,3963.687569754464,33.21728965616532,1
2024-10-25,TCS.NS,3850.670698328585,3883.842769480241,3827.5592734218494,3851.145263671875,1759676,0.00012324225582211238,3862.8399483816966,3954.341041201637,33.2871383613066,1
2024-10-28,TCS.NS,3861.965363223645,3923.7063623671393,3844.928513292037,3882.75146484375,1532534,0.005382259980383279,3861.7348981584823,3945.6993001302085,32.33102922887285,0
2024-10-29,TCS.NS,3887.4970090191655,3894.757766071196,3853.565587028902,3867.94482421875,1445885,-0.005029504782911357,3855.2536969866073,3935.622023809524,23.65012171168438,1
2024-10-30,TCS.NS,3867.7076804676617,3898.079863479923,3853.518222560894,3876.86669921875,1935002,0.002368074194785279,3855.9045061383927,3927.7821103050596,24.252744703962982,0
2024-10-31,TCS.NS,3862.962405314722,3870.840237399569,3758.558015981893,3766.578125,3740372,-0.024950871947942144,3849.5250418526784,3913.815650576637,39.2174972714241,1
2024-11-01,TCS.NS,3786.889338989994,3795.526289607496,3773.791288560614,3781.526611328125,154895,-0.0014161300164370078,3838.3998674665177,3903.047584170387,46.34634439474575,0
2024-11-04,TCS.NS,3764.5373521831416,3788.834960428504,3714.1859193893415,3762.49658203125,2269192,-0.0005421038393225408,3827.0442243303573,3890.4941289992557,54.36557612779485,1
2024-11-05,TCS.NS,3740.6188761258177,3783.234749379866,3740.6188761258177,3769.330078125,967590,0.007675521872177123,3815.3563406808034,3877.3373093377977,57.048972254365076,1
2024-11-06,TCS.NS,3799.940036163448,3938.702676405324,3773.032086197068,3929.069091796875,3792017,0.033981866662243496,3821.97314453125,3872.6707938058034,67.83500050951515,1
2024-11-07,TCS.NS,3957.59051749281,3991.8537654616457,3877.246463642715,3939.74658203125,3724349,-0.004508787703702146,3832.230538504464,3868.5262509300596,80.23944592507651,0
2024-11-08,TCS.NS,3943.638211911001,3957.637890280602,3908.188086198416,3936.045166015625,1648039,-0.0019253910950660855,3840.6846051897323,3865.3574335007443,88.42605520199392,1
2024-11-11,TCS.NS,3918.201280337874,4018.9036701513614,3908.187674053703,3985.114990234375,1406487,0.017077660158063914,3871.9041573660716,3868.051048642113,96.14290239266305,0
2024-11-12,TCS.NS,4001.534781984057,4003.4330432658335,3952.512277070728,3983.880859375,1587640,-0.004411787869129542,3900.8119070870534,3871.2517438616073,94.85235991647701,0
2024-11-13,TCS.NS,3965.5632315109633,3983.264427096759,3920.906352195564,3939.224853515625,1098813,-0.0066417748142431786,3926.0588030133927,3873.2209356398807,72.87478544390721,0
2024-11-14,TCS.NS,3924.655300859059,3948.383567490613,3907.049112395529,3935.000732421875,1825432,0.0026360102403264526,3949.7260393415177,3875.9741094680057,24.012165283103055,0
2024-11-18,TCS.NS,3998.688059771116,3998.688059771116,3787.221671220096,3815.03125,3313944,-0.04592926655589847,3933.4349190848216,3872.3809872581846,56.74163240641042,1
2024-11-19,TCS.NS,3815.410720482754,3921.950650276649,3809.9059473493503,3834.061279296875,1776233,0.004888217856598412,3918.3370186941966,3868.6070847284227,67.77085670476154,1
2024-11-21,TCS.NS,3839.138604239488,3884.2698145282143,3819.301865667481,3865.6669921875,2384347,0.0069099844216922255,3908.2829938616073,3868.290701729911,69.89313678073411,1
2024-11-22,TCS.NS,3863.910997095229,4038.503771004781,3847.7757755401767,4028.68017578125,3096553,0.042643109225313267,3914.506591796875,3878.645263671875,79.19543017440024,1
2024-11-25,TCS.NS,4062.279413736623,4107.932693294498,4035.893765538509,4095.593994140625,4052167,0.008200957396320003,3930.4656110491073,3889.8924618675596,103.14110333276753,1
2024-11-26,TCS.NS,4101.241378290607,4144.474563456407,4090.7536685314544,4131.28173828125,2060669,0.007324699333635386,3957.9023088727677,3903.6684454055057,128.32868547591917,0
2024-11-27,TCS.NS,4137.2131813248125,4154.724363536381,4104.088151292946,4112.15576171875,1558993,-0.006056593776499236,3983.2101702008927,3916.0975167410716,139.9974640793006,0
2024-11-28,TCS.NS,4099.295770199878,4119.180245085127,4017.670524486243,4028.965087890625,2558544,-0.01715677185835832,4013.772147042411,3923.0600702194943,118.93055535720248,1
2024-11-29,TCS.NS,4005.3315815871606,4080.0283535687327,3982.220156194433,4053.594970703125,2017425,0.012049786174466847,4045.134102957589,3931.9005533854165,88.76158828768492,1
2024-12-02,TCS.NS,4052.7879830735096,4070.0623467391047,4014.87002722247,4059.099609375,1670944,0.001557354178864258,4072.767333984375,3940.5783110119046,40.647141462813515,1
2024-12-03,TCS.NS,4094.882568586282,4104.990718939741,4048.470165053761,4083.87255859375,2010905,-0.002688724232776522,4080.6519601004466,3955.687569754464,35.72491625101773,1
2024-12-04,TCS.NS,4094.122450368391,4163.789012881952,4070.8687487593297,4132.89453125,3302642,0.00947018105873217,4085.9806082589284,3972.4193754650296,40.75307405078652,1
2024-12-05,TCS.NS,4176.933797590591,4260.647302659025,4138.209454130842,4236.96630859375,3746747,0.014372387476619326,4101.078404017857,3995.0131719680057,69.65840884198406,0
2024-12-06,TCS.NS,4226.4788315167725,4237.868399443609,4188.276322428843,4219.3603515625,1842087,-0.0016842578037278091,4116.393345424107,4016.443184988839,83.0058660414669,1
2024-12-09,TCS.NS,4205.07650413352,4242.0448686697655,4190.934085246633,4225.67236328125,2066639,0.004897855990844582,4144.494384765625,4030.5671502976193,81.76222378308252,0
2024-12-10,TCS.NS,4200.994991803812,4265.20359458783,4187.659890094591,4207.0693359375,2087828,0.001445929867933481,4166.419294084822,4043.296805245536,73.48285165533575,0
2024-12-11,TCS.NS,4206.404597631399,4222.349806544079,4182.818609222603,4202.228515625,1635256,-0.0009927913279551574,4186.866280691965,4055.9722028459823,56.62244507305877,1
2024-12-12,TCS.NS,4204.695866937232,4256.850779252977,4200.852073349761,4228.32958984375,1914642,0.0056207924792747496,4207.502999441965,4067.5538504464284,35.040423810971895,1
2024-12-13,TCS.NS,4209.347553772588,4266.247663475759,4170.8600242636485,4246.31591796875,1967048,0.008782445194631026,4223.7060546875,4080.050757998512,15.648396769324341,0
2024-12-16,TCS.NS,4232.1737900519,4247.359881247422,4173.327686669254,4190.60205078125,1646224,-0.009822786429132046,4217.082589285715,4092.0211007254466,18.628752920184134,0
2024-12-17,TCS.NS,4185.666159565598,4207.44889332409,4098.346139910261,4108.31201171875,3225027,-0.018480725623582907,4201.218540736607,4100.274018787202,44.99325264386977,1
2024-12-18,TCS.NS,4092.367238744104,4140.108330075579,4071.391356487772,4126.67822265625,1575404,0.008384140989916583,4187.076520647322,4115.114350818452,51.160937504256424,0
2024-12-19,TCS.NS,4064.177621267067,4142.006337975124,4045.1950074358338,4054.59130859375,3015763,-0.0023587336889888074,4165.2939453125,4125.61578078497,70.16160368513476,0
2024-12-20,TCS.NS,4108.7866456248585,4159.090570831168,3941.2650833812017,3958.159423828125,4116989,-0.036659781776969415,4130.42693219866,4130.020182291667,102.11634791750026,0
2024-12-23,TCS.NS,3986.39622640784,4002.484177211474,3905.577839682215,3946.77001953125,2195338,-0.009940358315133506,4090.2041364397323,4126.119698660715,112.09096691077184,1
2024-12-24,TCS.NS,3946.770089054609,4003.433378436602,3946.770089054609,3966.891845703125,1181886,0.005098284469196427,4050.2864118303573,4119.991024925595,95.80132978075649,0
2024-12-26,TCS.NS,3966.891618190096,3986.301525685132,3932.3906257955578,3957.020751953125,1208464,-0.0024883125598159084,4016.917654854911,4111.692882719494,77.76359035575018,0
2024-12-27,TCS.NS,3951.2310760757846,3968.268157397039,3936.2822676568094,3952.987060546875,858100,0.00044441452227957085,3994.7283761160716,4104.113420758928,69.00567572728646,0
2024-12-30,TCS.NS,3939.841594712456,3985.684422832016,3902.825496858013,3947.24462890625,1527169,0.0018790182335578027,3969.0950055803573,4100.221970331101,38.330049455220646,0
2022-05-02,WIPRO.NS,240.50842718259253,242.14136509750827,229.82435052976143,230.944076538086,43822854,-0.039767216294859124,242.71456909179688,258.0929521833147,6.717825172560494,0
2022-05-04,WIPRO.NS,233.2768481457724,235.07308272411265,228.2613959106384,229.4277801513672,17267854,-0.016499999999999824,239.65197535923548,255.97650509788878,7.2481337945423565,1
2022-05-05,WIPRO.NS,233.7434200562756,235.0031208296592,231.5506118175975,233.8134002685547,10869532,0.0002993890149388721,237.77243041992188,253.85076613653274,6.720815509867257,0
2022-05-06,WIPRO.NS,228.6113209330012,229.0312164299541,224.41233748729297,226.32521057128903,18441782,-0.009999987543845864,234.8298078264509,251.2847210112072,6.553605656256799,0
2022-05-09,WIPRO.NS,224.87890183963867,228.30807466344208,221.4264070241585,225.4154357910156,16675250,0.002385879453286939,232.4437212262835,248.7075667608352,6.498162064625252,0
2022-05-10,WIPRO.NS,225.34544573138845,225.6953610197912,222.14954991635847,222.8493804931641,14969534,-0.011076617191543637,229.45111519949776,246.13263375418526,5.063054436393957,0
2022-05-11,WIPRO.NS,223.96909679888287,224.8555602146406,215.80440709229592,220.16668701171875,21029342,-0.016977385905067813,226.99171011788505,243.7121087937128,4.739194579214143,1
2022-05-12,WIPRO.NS,218.39379870691448,222.07957023931888,215.6177983836872,221.0531463623047,14573000,0.012176846005408165,225.57872009277344,241.27158682686942,4.8378601509348345,0
2022-05-13,WIPRO.NS,223.7124855511166,223.7124855511166,217.88056465562343,218.6503753662109,16775318,-0.022627749955194332,224.0390908377511,238.99547031947546,5.115708400847277,0
2022-05-16,WIPRO.NS,221.1464597261869,221.30975637318065,216.9474763136644,218.34713745117188,7314066,-0.012658227848101227,221.82962472098214,236.98040190197173,3.1546753534195044,1
2022-05-17,WIPRO.NS,219.7468073182238,228.14477447688205,218.4871065491891,227.04837036132807,11321450,0.03322716326217469,221.9329332624163,235.36857096354166,3.3332207860379413,0
2022-05-18,WIPRO.NS,229.03120139979504,231.060712779652,224.2257041336364,224.52896118164065,15390968,-0.019657759251305282,221.80629403250558,234.0944344656808,3.192737578857087,0
2022-05-19,WIPRO.NS,217.4839923684653,221.05312512827663,209.9491533781772,210.4856872558593,22945978,-0.03217848374214756,220.04005214146204,232.33263796851747,5.266122466419583,1
2022-05-20,WIPRO.NS,215.5478267082324,215.6411431509612,212.28195054598643,214.4281005859375,12731912,-0.005194791983732587,219.22025408063615,230.62416367303757,5.674001480957166,1
2022-05-23,WIPRO.NS,216.38760811044503,218.25382297724693,213.44832539046783,217.41403198242188,14111568,0.004743450334054967,218.70038059779577,228.99788992745536,5.644714665362882,0
2022-05-24,WIPRO.NS,218.5570914278321,219.0936253474092,213.6815994567812,214.5913848876953,13779460,-0.018144945626009403,218.12052481515067,227.27053033737909,5.855261708383107,0
2022-05-25,WIPRO.NS,214.6846673999565,215.01126066266605,206.77659127325293,207.54640197753903,15481506,-0.03325000107771516,216.5775626046317,225.39320591517858,7.080491177152533,1
2022-05-26,WIPRO.NS,208.0829580650718,212.14198110372945,207.14985062980244,211.5121307373047,11583082,0.016479834312815314,214.35809980119978,223.70694696335565,5.512694604766315,1
2022-05-27,WIPRO.NS,214.6147001460949,218.32380772429008,212.86512378620824,217.8572540283203,11414472,0.015108722189198202,213.40499877929688,222.55167134602866,3.758937327931058,1
2022-05-30,WIPRO.NS,220.7498630464497,224.64558898445188,220.7498630464497,222.19618225097656,12291148,0.0065518464408856345,215.0779266357422,221.52303132556733,4.7249227997864,1
2022-05-31,WIPRO.NS,222.03289266384368,224.29568085130288,219.46684743309555,223.0359802246093,31587004,0.004517743063791341,216.307623726981,220.8398626418341,5.571843370293739,0
2022-06-01,WIPRO.NS,223.4559035616048,223.4559035616048,218.58041163042893,219.63015747070312,10514566,-0.01712081010134042,216.62421308244976,220.30110459100632,5.706518506191115,1
2022-06-02,WIPRO.NS,220.12001145485235,222.28949736789127,218.39377145286545,221.21641540527344,10535040,0.004980937185922186,217.57064601353233,219.9100872221447,5.860487826994544,1
2022-06-03,WIPRO.NS,223.7824779542263,227.6782041724172,221.3797292619097,221.8462829589844,23269778,-0.008652129572172899,219.61348615373885,219.34022449311755,3.97188320886551,0
2022-06-06,WIPRO.NS,220.2133385030058,221.8462763944476,216.5742254687424,220.7732086181641,13791156,0.0025423987437103515,220.9364972795759,219.07584344773065,1.7376049074657736,0
2022-06-07,WIPRO.NS,219.2802419479828,219.630157227687,217.01745362494424,218.183837890625,4701342,-0.005000012986203693,220.98315211704798,218.73148164295014,1.64295378718,1
2022-06-08,WIPRO.NS,219.77011496792227,220.2133466787189,216.6208774889364,219.46685791015625,5627652,-0.0013798830555750566,220.59324863978796,218.5704091389974,1.6309156858358422,1
2022-06-09,WIPRO.NS,217.90390754907867,222.14954921593065,216.5975628383963,221.63633728027344,7402238,0.017128787515451563,220.39329964773995,218.64039248511904,1.3416752566791972,0
2022-06-10,WIPRO.NS,217.9738983001107,217.9738983001107,212.88845148713685,215.0579376220703,17453098,-0.013377568143620759,219.74012538364954,218.3549063546317,2.4391870433269762,0
2022-06-13,WIPRO.NS,209.9725021180096,211.3488413274086,207.61641145849188,208.129623413086,14130822,-0.008776762129966257,217.87058367047993,217.85391816638764,4.896526334275962,0
2022-06-14,WIPRO.NS,205.2836365619891,211.6754282138141,204.35052912307097,208.0363006591797,13056384,0.013409077037464493,215.89772905622212,217.36292593819755,5.7375614893479225,0
2022-06-15,WIPRO.NS,209.22601809559336,210.2524277203856,204.95704023514023,205.33029174804688,11391596,-0.018619703146893353,213.6915980747768,216.32873171851747,6.472364380149096,0
2022-06-16,WIPRO.NS,208.0829477625477,208.4328630334488,195.8359132810076,197.025619506836,17944686,-0.053139040822939916,210.66899544852123,215.01904878162202,8.611723991423679,0
2022-06-17,WIPRO.NS,194.08636715356712,195.3693900133564,187.57793640594548,189.047592163086,41550546,-0.02596150911771302,206.32338605608263,213.99818711053757,10.823301943975592,1
2022-06-20,WIPRO.NS,190.82047152142843,194.972796782712,188.5576831313193,193.4564971923828,20750838,0.013814166006074281,202.2976946149554,212.99953932989212,9.313880346065833,1
2022-06-21,WIPRO.NS,195.9525522177913,199.1017896641487,194.38959448938883,198.3553009033203,12187804,0.012261890229725032,199.91160365513397,212.09198070707777,7.453800582053293,0
2022-06-22,WIPRO.NS,197.2122542897573,197.2122542897573,191.4269770308876,191.8702087402344,16202862,-0.027087797199833334,197.58883013044084,211.01001993815103,6.984698802958273,1
2022-06-23,WIPRO.NS,192.4534020673739,196.32579209858483,191.89353192976048,195.5093231201172,19655010,0.015878758285984847,195.79926191057478,210.43682570684524,5.251554250418226,0
2022-06-24,WIPRO.NS,196.4191153728428,198.7518839639692,193.9697083521601,195.369369506836,15362102,-0.005344418052256209,194.37627301897322,209.66812279110863,3.1791751626056466,1
2022-06-27,WIPRO.NS,199.21844366382456,200.96802015970124,197.8187824671232,198.2386779785156,12447870,-0.004918047080832981,194.54956708635603,208.73390488397507,3.3747061034848724,1
2022-06-28,WIPRO.NS,196.8856608311009,200.19819493914724,193.9463782248296,199.33506774902344,12091828,0.012440758293839274,196.01920645577567,207.64528038388207,2.764123040931528,0
2022-06-29,WIPRO.NS,195.95257492201424,198.1920272258868,194.7395323248789,196.302490234375,16684176,0.0017857142857144103,196.425776890346,206.37225705101378,2.5231571299704094,0
2022-06-30,WIPRO.NS,196.8389914886777,197.35220337580685,193.619773997541,194.10964965820312,12123284,-0.013865859654292939,195.81925528390067,205.15699477422805,2.492128763405438,1
2022-07-01,WIPRO.NS,193.61977491333587,197.44552073938883,191.9401788375544,196.8856506347656,8907248,0.01686746987951787,196.53574698311942,203.9983869280134,1.7894572079877433,0
2022-07-04,WIPRO.NS,196.39578533297453,196.769022597022,194.08633882717524,196.092514038086,6372716,-0.0015441843335607117,196.61905997140067,202.77201697939918,1.7467715321999029,0
2022-07-05,WIPRO.NS,196.465766530446,197.37553770543045,192.7100006908774,192.96661376953125,11513210,-0.01781049606101469,196.27580915178572,201.44789341517858,2.2083611509588477,1
2022-07-06,WIPRO.NS,195.29937006537824,195.29937006537824,192.73332486782047,194.10964965820312,10522910,-0.006091778006128983,195.68594796316964,200.30150349934897,2.1472848439454157,1
2022-07-07,WIPRO.NS,195.95256837192343,197.795461317324,194.6462236113466,196.3258056640625,10706024,0.0019047328404017219,195.2560533796038,199.19954863048736,1.498035958694644,0
2022-07-08,WIPRO.NS,197.8187794731097,198.1453727759664,194.34294852533927,195.5326690673828,9535432,-0.011556589378500506,195.14607892717635,197.9565168108259,1.4353568596721817,0
2022-07-11,WIPRO.NS,193.50315330362423,193.61979173237867,189.2108534302249,191.84689331054688,16689574,-0.008559343684071814,194.8228280203683,196.85122898646765,1.8903482020416449,0
2022-07-12,WIPRO.NS,190.82047694093552,193.54981912866225,190.3539232075836,190.8904571533203,9777472,0.00036673324323810696,193.96637180873327,196.03031630743118,2.1414240102547333,0
2022-07-13,WIPRO.NS,192.2201350577253,192.2201350577253,189.11755562831925,189.7474060058593,11956780,-0.01286404804118682,193.05992780412947,195.15941656203498,2.4166742740861715,0
2022-07-14,WIPRO.NS,191.5669524065364,191.5669524065364,186.8547571805818,187.2979888916016,13161242,-0.022284446567147752,192.25012425013952,194.3007354736328,3.256855519066544,0
2022-07-15,WIPRO.NS,187.0647006701676,188.53434189081543,182.4224859339033,183.75216674804688,22328354,-0.017707958317381287,190.7704838344029,193.66866629464286,4.417290720894682,1
2022-07-18,WIPRO.NS,186.15493210809623,189.28084769086144,185.05852803127027,188.83761596679688,13632394,0.014411027568922345,189.70074244907923,193.6586674281529,3.695463322769882,1
2022-07-19,WIPRO.NS,188.0211428552944,190.2605949409654,187.18135188269,189.25750732421875,12897178,0.00657566723693341,188.80429077148438,193.4587155296689,2.6614032965842602,1
2022-07-20,WIPRO.NS,191.66027151930064,194.78618728595205,189.9340312167464,192.2667999267578,25237412,0.0031646016289614697,188.86427743094308,193.16878691173736,2.744836233331878,1
2022-07-21,WIPRO.NS,190.75049515917857,194.78618207185164,187.8345343497197,193.1532440185547,45382342,0.012596291597413984,189.18753269740515,193.2298838297526,3.1295134882299083,0
2022-07-22,WIPRO.NS,193.9697040712313,194.73951484169527,190.8437885328753,191.68359375,15468542,-0.0117859143631614,189.46413094656808,193.0477062406994,3.2696698241759172,1
2022-07-25,WIPRO.NS,191.5202987331085,193.92304750175248,190.61051329967648,193.52647399902344,12535662,0.010475000713687463,190.35391453334265,192.95994931175596,3.4257091822775605,0
2022-07-26,WIPRO.NS,193.5264969376954,193.80643204563128,188.62768238213664,189.047592163086,15186298,-0.023143625526644923,191.11040387834822,192.52227855864027,2.021978066971072,1
2022-07-27,WIPRO.NS,188.9309273080977,190.07397533507145,187.5312662021869,189.7240600585937,14084158,0.004198003798513116,191.2370387486049,192.06461152576264,1.878585522097046,1
2022-07-28,WIPRO.NS,192.12681814820647,194.55290321203373,191.7069226435684,194.0863494873047,15898464,0.010199155734659796,191.92687334333147,191.9590810139974,1.9167431592836306,1
2022-07-29,WIPRO.NS,196.23248321574744,197.95872331141564,194.92612435185112,197.6788024902344,15919784,0.007370437609439077,192.70001656668526,192.12904067266555,2.9105644284832217,1
2022-08-01,WIPRO.NS,198.84520554340213,201.03799953289536,197.16560926675223,200.15155029296875,10365748,0.00656965676389659,193.69977460588728,192.28455970400856,4.065128914443787,1
2022-08-02,WIPRO.NS,200.12820048461447,201.3878868384428,198.1220111803809,200.43145751953125,16912426,0.0015153138547313156,194.94946943010603,192.49117606026786,4.64524933088866,1
2022-08-03,WIPRO.NS,200.15155021318543,202.01776513358809,199.4517196180344,201.71450805664065,12034938,0.0078088720361670205,196.1191885811942,192.90774245489212,5.222278868007043,1
2022-08-04,WIPRO.NS,203.907295630075,205.42359520519744,199.2650947044769,203.18414306640625,17789134,-0.003546477145087925,198.1386958530971,193.33986118861608,4.7432481500907695,1
2022-08-05,WIPRO.NS,203.4874108830033,206.21675311001863,203.4874108830033,205.2836456298828,12967586,0.008827252453038874,200.36149379185267,193.76642499651228,3.6662609268604194,0
2022-08-08,WIPRO.NS,206.58998245272704,206.58998245272704,203.044185555203,203.34744262695312,9557496,-0.01569553270336277,201.68450709751673,194.13855707077752,2.5144489143458606,0
2022-08-10,WIPRO.NS,202.9508682238684,203.41742194392327,198.8918451641552,200.6880798339844,11329742,-0.01114943931842657,202.11440386090962,194.559565952846,1.8968499922067847,1
2022-08-11,WIPRO.NS,204.35053096895484,206.21674586364847,203.5573839434741,204.5604858398437,9154644,0.001027425130207991,202.74425179617745,195.2105196998233,1.8682346089811734,0
2022-08-12,WIPRO.NS,203.9306345320853,204.5838068946213,202.95086886923664,203.46408081054688,7092398,-0.0022878059621052804,203.17748369489397,195.8636946905227,1.5704092153826827,1
2022-08-16,WIPRO.NS,204.5837905966344,205.19030469108108,203.69734144394727,203.9306182861328,4774208,-0.0031926884754492073,203.49407087053572,196.65572466169084,1.4446702356412164,1
2022-08-17,WIPRO.NS,204.00059833190315,207.56973116693624,203.72066327388143,206.70660400390625,10401476,0.013264694780946218,203.99727957589286,197.74879310244606,1.8696797149818438,0
2022-08-18,WIPRO.NS,206.100097623985,206.100097623985,202.5076284274372,202.97418212890625,16888260,-0.015166977265492394,203.66735621861048,198.42196291968935,1.8075885515006023,0
2022-08-19,WIPRO.NS,204.79376872668965,206.45002879922137,201.08466081912863,201.7611694335937,17253908,-0.014808064288045566,203.4407457624163,199.01737540108817,1.948332427587989,0
2022-08-22,WIPRO.NS,201.03797741913505,201.03797741913505,195.5093134757619,195.9525451660156,12900580,-0.02529587851213336,202.7642408098493,199.19288707914808,3.368193415190505,0
2022-08-23,WIPRO.NS,193.6198070767529,195.2527452087255,191.287038316792,194.38961791992188,17028776,0.003975888907191309,201.31125967843192,199.2517620268322,4.47582570512087,0
2022-08-24,WIPRO.NS,194.92613707863205,195.71928409199992,193.31653529939425,194.1563262939453,7429170,-0.003949243524875286,199.98158046177454,199.3695111955915,5.072478020829776,0
2022-08-25,WIPRO.NS,195.625963050414,195.9992145577238,193.5964658216543,193.71310424804688,8753902,-0.009778143823752864,198.52193559919084,199.37839835030692,5.214805078821118,1
2022-08-26,WIPRO.NS,195.25271725297475,197.118931993744,194.2262934503163,194.6695251464844,7904194,-0.0029868578255673873,196.80235290527344,199.64610944475447,3.879833952053013,0
2022-08-29,WIPRO.NS,188.9542580492705,189.5841084237194,186.1549357077999,188.6510009765625,23519514,-0.0016049232011956962,194.75618416922433,199.59501139322916,3.8592763958703435,1
2022-08-30,WIPRO.NS,190.8904344868897,194.0630080398237,189.53743166844336,192.9432678222656,19750992,0.010753987442555148,193.4964839390346,199.5405789329892,2.326407109535581,0
2022-09-01,WIPRO.NS,191.24035043432488,192.05681937368425,188.88426004740896,191.49696350097656,11778706,0.0013418353713998577,192.85997227260046,199.24620564778647,2.1448712376569854,0
2022-09-02,WIPRO.NS,192.4767329084289,192.57004934835203,189.93402365855465,190.2139587402344,9815080,-0.011756091939024136,192.2634495326451,198.77298700241815,2.227612021458382,0
2022-09-05,WIPRO.NS,189.8873457714603,190.35389944657445,188.48768474611785,189.18751525878903,18018508,-0.003685503685503895,191.55361938476562,198.23756118047805,2.313903961584368,0
2022-09-06,WIPRO.NS,189.8873533183159,190.0506499587135,187.2046695797893,188.69764709472656,18226162,-0.0062653262726505695,190.83712550571985,197.61771065848214,2.310287419217666,1
2022-09-07,WIPRO.NS,187.60125528539152,190.7504929226832,187.08804334132608,190.09732055664065,12248532,0.013305162950279602,190.18395342145647,196.9945286342076,1.5757620225832243,1
2022-09-08,WIPRO.NS,191.2870086636509,193.316520017822,191.1003900394016,192.5933532714844,14064948,0.006829238519436011,190.7471466064453,196.3902289980934,1.63977204739858,1
2022-09-09,WIPRO.NS,194.55289881880915,195.6959611138197,191.9168731812321,194.6228790283203,14671342,0.000359697593487578,190.98709106445312,195.97477358863466,2.0787999028075306,1
2022-09-12,WIPRO.NS,195.88256308222984,198.00537660592389,195.0427579252949,196.8856506347656,11678424,0.005120861891697182,191.75690351213728,195.793705531529,3.063582077846413,1
2022-09-13,WIPRO.NS,198.2386802356502,198.7518921945688,196.65240037561207,197.18893432617188,9408334,-0.0052953636910338525,192.75332859584265,195.44267926897322,3.57046800036149,0
2022-09-14,WIPRO.NS,190.82046672469625,197.21225822464672,190.82046672469625,194.226303100586,17583964,0.017848380911904355,193.47315543038505,195.00278509230841,3.222758261811812,0
2022-09-15,WIPRO.NS,195.81259833066488,196.37245424137936,192.8033211975008,193.6431121826172,10640314,-0.011079400235444133,194.17965044294084,194.51290384928384,2.4510706469752503,0
2022-09-16,WIPRO.NS,192.57002977942776,192.57002977942776,186.71478684054603,187.3912811279297,20192486,-0.026892807034562313,193.79307338169642,193.59312656947546,3.276607284606635,1
2022-09-19,WIPRO.NS,188.95424834740427,189.5141184821877,185.2218187504185,187.53126525878903,13584188,-0.007530834056713009,193.0699179513114,192.85774957566034,4.052307325771652,1
2022-09-20,WIPRO.NS,189.420819998066,191.00709987949577,188.69766739035384,188.90760803222656,8989822,-0.0027093746392011487,192.25345066615515,192.24567522321428,4.257815792490858,0
2022-09-21,WIPRO.NS,189.37415386203048,189.37415386203048,186.3882128738717,186.97140502929688,19290112,-0.012687839305062412,190.8371298653739,191.81800188337053,4.106396417425752,0
2022-09-22,WIPRO.NS,185.68836105081385,186.78476502523904,184.288700037868,185.6650390625,16500324,-0.00012559746977071457,189.19085911342077,191.40254574730284,3.3815332041861943,0
2022-09-23,WIPRO.NS,185.73503478640845,186.3415489141329,183.6588650818092,183.98545837402344,13966710,-0.009419743638549338,187.7278812953404,190.91821870349702,3.0377341583969955,1
2022-09-26,WIPRO.NS,182.88905932422577,186.248251823376,179.4365646233762,184.1954040527344,18994144,0.007142826002471508,186.37820870535714,190.46499488467262,1.830487149240997,1
2022-09-27,WIPRO.NS,185.12849599966225,187.27464579233165,182.8890440131045,185.8749847412109,12454694,0.00403227357040713,186.1615949358259,190.04620724632628,1.779633256688872,0
2022-09-28,WIPRO.NS,184.7552710195624,186.85476273569373,184.452013952628,185.71170043945312,8921590,0.005176736850931065,185.9016571044922,189.90624055408296,1.6761066842054315,0
2022-09-29,WIPRO.NS,187.08802926983896,187.50792474227825,182.67909121400504,183.2622833251953,11883068,-0.020448908246960745,185.09518214634485,189.44524129231772,1.3059952565692456,1
2022-09-30,WIPRO.NS,183.0990060287809,185.08185926210385,180.7895595088516,183.9387969970703,13570530,0.004586540290433919,184.66195242745536,189.0853286016555,1.0596335878291032,1
2022-10-03,WIPRO.NS,183.7754848766576,185.68835774120723,182.2358634850938,184.055419921875,8140834,0.0015232447646936168,184.4320068359375,188.7920648484003,0.9771142973268934,1
2022-10-04,WIPRO.NS,186.5981480571408,189.42079209634616,186.15491637054708,189.18751525878903,12591696,0.0138767036468942,185.17515781947546,188.7920648484003,2.011552271293902,1
2022-10-06,WIPRO.NS,190.98377259819824,192.6866908684247,190.0973233570753,191.3570098876953,11203878,0.0019542879712733806,186.19824436732702,188.918701171875,3.0057303660407215,0
2022-10-07,WIPRO.NS,191.19369117989484,192.103476545473,189.53743132142904,190.4005584716797,7580186,-0.0041483204980277966,186.8447549002511,188.93314107259116,3.3871228243040705,1
2022-10-10,WIPRO.NS,186.76144850635885,192.9199633084172,186.50484965547707,191.8935394287109,18714926,0.027479391295132976,187.72787475585938,188.89981660388764,3.8206176248006853,0
2022-10-11,WIPRO.NS,193.57313033346463,194.972791455526,187.69455077318923,188.67431640625,22723292,-0.025307303336860557,188.5010223388672,188.6165517171224,3.2749722361628764,1
2022-10-12,WIPRO.NS,188.6043424541204,191.1004077188801,187.36797793623825,190.33059692382807,12610118,0.009152782206632359,189.4141366141183,188.30440630231584,2.615647090771175,0
2022-10-13,WIPRO.NS,180.5562853692164,183.0523505597937,176.40396020705126,176.87051391601562,84896212,-0.02041342092114823,188.3877214704241,187.3368624732608,5.200986888641927,0
2022-10-14,WIPRO.NS,180.55629280084403,180.7895696649278,175.5408402230428,176.0307159423828,27864794,-0.0250646310259205,186.5081787109375,186.4704059419178,6.94776626355445,0
2022-10-17,WIPRO.NS,176.03069726996512,176.80052223025444,173.7445870920607,175.00428771972656,16909538,-0.0058308554482655196,184.17207554408483,185.58284287225632,7.748714242070713,1
2022-10-18,WIPRO.NS,179.0166691824852,179.2732680348594,176.54392590811608,176.9638214111328,22328480,-0.011467355418504448,182.2525416782924,185.08629717145647,7.611702510652293,0
2022-10-19,WIPRO.NS,177.85028612115332,177.85028612115332,175.9140767669681,176.38063049316406,10198278,-0.008263442584444938,180.03641183035714,184.55531456356957,6.516389254361012,1
2022-10-20,WIPRO.NS,175.8907427506553,178.50344628634647,175.42418905635648,177.990234375,11868814,0.011936339522546429,178.51011439732142,184.03543962751115,5.292232251518048,1
2022-10-21,WIPRO.NS,178.45679580736086,178.83003308374833,177.38372795917982,178.48011779785156,8931540,0.00013068704044129378,176.8171888078962,183.63109261648995,1.1734171254117693,1
2022-10-24,WIPRO.NS,180.2763480846874,180.2763480846874,179.15662204452696,179.48321533203125,3472470,-0.004399538603275775,177.19043186732702,183.3367200578962,1.5487160107436098,0
2022-10-25,WIPRO.NS,180.2996745479704,180.2996745479704,178.99331570679246,179.45986938476562,5783256,-0.004657829612339842,177.68031093052454,183.1212158203125,1.6591495228317383,0
2022-10-27,WIPRO.NS,180.08972160136537,180.53295329536056,177.80361140274812,178.52676391601562,11723118,-0.008678772288900547,178.1835218157087,182.85128057570685,1.1761162713085669,1
2022-10-28,WIPRO.NS,178.59676204533093,180.01975946386077,178.22352475678306,178.8067169189453,7609676,0.00117558051562597,178.44679260253906,182.5146963936942,1.0579082672274338,1
2022-10-31,WIPRO.NS,180.3463287353516,181.2094559360844,179.50653776269158,180.3463287353516,6638382,0.0,179.01332092285156,182.2592025030227,0.7966126939361385,1
2022-11-01,WIPRO.NS,181.02283491039893,183.35560340151235,180.3696625805049,183.0756683349609,11540196,0.011340190454856566,179.73981148856026,182.2503160749163,1.610848188723034,1
2022-11-02,WIPRO.NS,183.2856162288413,184.218723589825,182.25919243652388,183.798828125,6716614,0.00280006640301734,180.49962724958147,182.243650890532,2.098274658232543,0
2022-11-03,WIPRO.NS,181.83932622764715,183.705541249868,179.87979475907895,181.25613403320312,10312476,-0.0032071840923668933,180.7529013497489,182.1103515625,2.0618241998735103,1
2022-11-04,WIPRO.NS,181.25611029446125,183.07566685520487,179.92642941765632,182.2125396728516,9023630,0.005276673855775474,181.1461399623326,181.77820986793154,2.0364540388429915,1
2022-11-07,WIPRO.NS,183.3556075406714,184.2187347494858,180.83622036101283,182.65577697753903,8252598,-0.003816793893129948,181.73599897112166,181.3638654436384,1.7255534285090606,0
2022-11-09,WIPRO.NS,183.84549034321643,184.0087869952081,181.55937992960256,182.3991851806641,6862546,-0.007866960238471256,182.24920872279577,180.98284766787575,1.1460541487111804,0
2022-11-10,WIPRO.NS,181.39606029147564,182.4691422699494,180.5562693849205,181.4427185058593,5494908,0.0002572173525085501,182.4058358328683,180.48518952869233,0.8886685295804506,1
2022-11-11,WIPRO.NS,185.92165146514148,189.35082404492687,185.33845933382045,186.4815216064453,28417046,0.0030113229787484055,182.89238630022322,180.38077072870163,1.7908940958776527,0
2022-11-14,WIPRO.NS,187.8578518677733,187.8578518677733,184.54531761948653,185.01187133789065,17623428,-0.015149649064899488,183.065678187779,180.12749808175224,1.9452583149391693,1
2022-11-15,WIPRO.NS,185.71168929364984,186.4115198236921,183.82215255777112,185.2917938232422,12462712,-0.002261007220410926,183.64220101492745,180.5285114106678,1.9174058105755039,1
2022-11-16,WIPRO.NS,186.1549384912753,187.41463925900865,184.84859374095848,185.8050231933593,11039528,-0.0018796992481206647,184.15541294642853,180.99395461309524,1.9514453220889934,0
2022-11-17,WIPRO.NS,185.64172803864784,185.68838625969792,184.2887250567354,185.10519409179688,6057616,-0.002890158115417174,184.5053296770368,181.4749501546224,1.8549446185358966,0
2022-11-18,WIPRO.NS,185.61838143790777,186.108257098761,183.2622768491055,183.75216674804688,9546202,-0.010054040313271315,184.69861275809149,181.79820469447546,1.6590568876654843,0
2022-11-21,WIPRO.NS,183.75218055540807,184.03211562753955,180.8362198833916,181.3260955810547,7904612,-0.013203026853996068,184.68195234026228,182.03370303199404,1.6973459812353897,1
2022-11-22,WIPRO.NS,181.4893888226855,181.6760074545769,179.38989717820712,181.3960723876953,8410828,-0.0005141701980238396,183.95545959472656,182.19588579450334,1.8774945998046149,0
2022-11-23,WIPRO.NS,182.30586438930305,182.865734543316,181.0228416712721,181.3727569580078,6717760,-0.005118362124120412,183.43558611188612,182.33363051641555,2.03356763289162,1
2022-11-24,WIPRO.NS,181.9092966956107,186.50485378919123,181.5593813976948,185.8050231933593,13370266,0.021415763616893794,183.50890459333144,182.6346689860026,2.119098854174378,1
2022-11-25,WIPRO.NS,186.1549275510552,188.6743147003689,184.7086082237174,187.9278259277344,13648550,0.00952377892974633,183.8121621268136,183.03790501185827,2.5998214341095163,1
2022-11-28,WIPRO.NS,187.9278264191876,191.0304199436234,187.5545891509388,189.25750732421875,13679200,0.007075487065258752,184.4053497314453,183.54889279320128,3.3184127945938906,0
2022-11-29,WIPRO.NS,188.02114333771087,190.7738073528536,187.9744851195378,189.02423095703125,9102602,0.005334972447852336,185.15850176130022,184.03544108072916,3.7194966227007815,1
2022-11-30,WIPRO.NS,189.84071350097656,190.35392546135805,187.85786011075407,189.84071350097656,13892346,0.0,186.37487574986048,184.48755464099702,3.648898021826918,1
2022-12-01,WIPRO.NS,192.61668641870088,194.24962427142896,192.056816316816,193.0132598876953,15852984,0.002058873903231729,188.0344739641462,184.96077328636534,3.6488933951378844,0
2022-12-02,WIPRO.NS,193.0599259080921,193.106584128258,190.84379571206549,192.40675354003903,11726622,-0.0033832622952731576,189.61075919015067,185.37067449660526,2.4910562511494674,0
2022-12-05,WIPRO.NS,192.80330304580005,193.5964499755854,191.59026066298804,192.38340759277344,9947062,-0.0021778436696536616,190.55052839006697,185.9005446661086,2.0105537015898713,0
2022-12-06,WIPRO.NS,191.52031184609496,192.50007755577587,190.26061104249231,191.91688537597656,8832518,0.0020706604226934018,191.12039402553015,186.36265636625743,1.6817199742875981,0
2022-12-07,WIPRO.NS,190.8204611692161,191.05373801661125,189.0942068032566,189.56076049804688,6568616,-0.006601496838707112,191.16371590750558,186.69146510532923,1.6288065575460013,0
2022-12-08,WIPRO.NS,190.0039770745489,190.3538923177801,188.16108443162943,188.34771728515625,8940712,-0.008716974322820741,191.06707109723772,186.97472853887646,1.789093609612333,0
2022-12-09,WIPRO.NS,189.4207964851927,189.4207964851927,182.539129617812,183.8454742431641,15423336,-0.029433527603525043,190.21060834612166,187.08914547874815,3.2842539671449944,1
2022-12-12,WIPRO.NS,183.3089629910972,185.45511305902085,181.0228524953461,184.9185791015625,10365880,0.008780891475249278,189.0542253766741,187.01471964518228,3.547489994860895,1
2022-12-13,WIPRO.NS,185.85165134926007,186.3182050043414,184.75524741220144,185.5717163085937,6813842,-0.001506228428071957,188.07779148646765,187.04137892950146,3.4088750322094965,1
2022-12-14,WIPRO.NS,186.99472119054928,188.720975612026,186.27156863560296,186.64480590820312,9995152,-0.0018712575420222327,187.25799124581474,187.10580807640437,2.8440928396103784,0
2022-12-15,WIPRO.NS,186.5048480148208,186.5048480148208,183.84548613776016,184.3820343017578,7766926,-0.011382083284474676,186.18158394949776,187.03804670061382,2.1208665539113025,0
2022-12-16,WIPRO.NS,182.6091204714293,184.1954002484531,181.0461626848262,181.8393096923828,18012634,-0.004215620649500492,185.0785195486886,186.8825283958798,2.077967905928236,0
2022-12-19,WIPRO.NS,181.2328049781259,182.18923444450635,179.94978220034767,181.51272583007807,8838046,0.0015445374361774914,184.10209219796317,186.77588835216702,1.8824214066483762,0
2022-12-20,WIPRO.NS,181.39608526165927,181.9092972143509,178.69007931196222,181.4660797119141,8778558,0.0003858652746218842,183.7621786934989,186.7825542631603,2.134439146923161,1
2022-12-21,WIPRO.NS,182.37584386043247,183.47224793538203,180.95286072870604,181.72267150878903,10215214,-0.0035814630809510605,183.30562046595983,186.79810660226002,2.1870144252795627,0
2022-12-22,WIPRO.NS,182.00260732175,182.865734543316,180.08973423997688,181.3727569580078,9093800,-0.0034606667069813422,182.70576913016183,186.79810660226002,2.032248843655858,0
2022-12-23,WIPRO.NS,179.15663457330945,180.01976183228325,175.8907584222335,176.1940155029297,12120710,-0.016536474227905187,181.21279907226562,186.34043956938245,2.4516803619091774,1
2022-12-26,WIPRO.NS,176.35729739857095,178.03689355474657,175.56415041873865,177.523681640625,7261148,0.006613756613756669,180.23303440638952,185.84500412713913,2.3420213300661654,1
2022-12-27,WIPRO.NS,178.45680154393995,180.71958997976216,177.40705565250505,180.3696746826172,7685840,0.01071897020526982,180.02308654785156,185.42177400134858,2.2375726062883,1
2022-12-28,WIPRO.NS,179.62317498502844,181.745988630525,178.80670600782378,180.9295196533203,7676002,0.007272695566152611,179.9397713797433,185.03631155831474,2.1830556899809714,1
2022-12-29,WIPRO.NS,180.20637072894488,182.9357127837196,179.52986215330276,182.3058624267578,9485398,0.01165048543689313,180.0597403390067,184.6775091262091,2.300811984675232,1
2022-12-30,WIPRO.NS,183.35560632192124,184.8952278553429,182.67909775348767,183.2389678955078,8256556,-0.0006361323155216007,180.27635410853796,184.21206665039062,2.5421812103480543,1
2023-01-02,WIPRO.NS,183.35561477645567,183.77551028328767,182.18923045853936,183.37893676757807,5559512,0.00012719540195611133,180.5629512241908,183.78217061360678,2.7876234333935086,1
2023-01-03,WIPRO.NS,183.37894794148608,185.5717562880201,182.74911176190503,185.2451629638672,5994422,0.010176822603304488,181.85597229003906,183.44225420270647,2.508560328820454,0
2023-01-04,WIPRO.NS,185.45509209698903,185.45509209698903,181.30276709639747,181.81597900390625,8926522,-0.019622610799921343,182.46915762765067,182.96125866117933,1.6511679161578345,0
2023-01-05,WIPRO.NS,181.95594765048168,182.9823715119509,179.03998695095473,180.50962829589844,9568980,-0.007948733598758015,182.48915100097656,182.53025236583892,1.6221005591909887,0
2023-01-06,WIPRO.NS,180.55629466591083,181.3960856900512,177.94359091356645,178.22352600097656,8484754,-0.01291989664082696,182.10258047921317,182.04814801897322,2.254784197609,1
2023-01-09,WIPRO.NS,180.08973990890837,183.3556160212461,179.6698443992258,182.7957458496093,7347432,0.01502587511131756,182.17256382533483,181.99816095261346,2.2696982789973754,1
2023-01-10,WIPRO.NS,182.8890610492892,183.77551028328767,180.71958906558265,183.37893676757807,7879496,0.0026785402881850558,182.19255937848772,181.92484465099517,2.2812460391189644,1
2023-01-11,WIPRO.NS,183.3555932788338,184.75525429622948,182.655762770136,183.75216674804688,7656600,0.002162865403347696,182.2458779471261,181.83819943382628,2.317667099171159,1
2023-01-12,WIPRO.NS,184.638612000208,185.641699527323,182.1892052712096,184.055419921875,9510500,-0.00315855969677868,182.07591465541296,181.7148953392392,2.093880114305465,0
2023-01-13,WIPRO.NS,184.755263042701,185.0351981070501,180.3230029444544,183.77549743652344,13621860,-0.005303045715948595,182.35584586007255,181.68601263137091,2.18244848469296,1
2023-01-16,WIPRO.NS,181.9559428312212,187.08803352646075,181.48938913165395,185.9683074951172,23867444,0.02205129770132205,183.13565717424666,181.88263157435827,2.379184324526646,0
2023-01-17,WIPRO.NS,186.64481940982373,187.5779268969132,183.7055365207282,184.9185791015625,14310032,-0.009248798406082991,184.09209333147322,182.04481506347656,1.0495630341544864,1
2023-01-18,WIPRO.NS,185.92166318827847,188.4177285153376,185.68838632104087,188.11447143554688,16080426,0.011794258988786032,184.85191127232142,182.36140514555433,1.686576466876775,1
2023-01-19,WIPRO.NS,187.60124954441525,188.48769874535228,186.03829176908224,188.207763671875,9447456,0.0032329962030245014,185.541743687221,182.6702190580822,1.9505662076765897,0
2023-01-20,WIPRO.NS,188.2777441248116,189.14087133661505,187.22799827647785,188.09112548828125,9265614,-0.0009911879781533226,186.1615949358259,182.99014136904762,1.9763393828302103,1
2023-01-23,WIPRO.NS,189.047583829234,190.2372901879013,187.7878830181,189.8873748779297,8815290,0.004442220480608109,186.99473135811942,183.64220610119048,2.1611013024722294,1
2023-01-24,WIPRO.NS,191.0098434399032,191.85171714417567,189.48980915866605,190.16798400878903,9552640,-0.004407413858642476,187.90794372558594,184.2443157377697,1.9100837932603618,0
2023-01-25,WIPRO.NS,189.4196566116861,189.84058632730265,187.0811423325295,187.8060760498047,6355554,-0.008518548659336222,188.1704820905413,184.59843008858817,1.7154311483785358,0
2023-01-27,WIPRO.NS,187.8060885220896,188.7648880041132,184.3684837219633,186.16912841796875,7410134,-0.008716224894531615,188.34913199288505,184.84793526785714,1.345570331910256,1
2023-01-30,WIPRO.NS,186.1691109777409,189.3261051685141,184.7660024485084,188.1334686279297,7261256,0.01055146925218789,188.35184587751115,185.1254403250558,1.345037215242743,0
2023-01-31,WIPRO.NS,188.1568708838037,188.273796608756,186.00544896321125,186.5433044433593,9566846,-0.008575644529297363,188.1140659877232,185.2827896844773,1.5115686205328467,1
2023-02-01,WIPRO.NS,187.7826988194839,188.9051828320172,186.30943766096152,188.20362854003903,7029896,0.0022415788206334047,188.13013785226002,185.51253691173736,1.5118821172042654,1
2023-02-02,WIPRO.NS,188.20364723989832,191.7581921937312,188.20364723989832,191.5009613037109,10835460,0.017519926484791188,188.3606501988002,185.8104320707775,1.8981281305998736,0
2023-02-03,WIPRO.NS,192.95081650343363,193.1612885076814,189.9575209405129,190.7760009765625,8850236,-0.011271346586047885,188.447509765625,186.23709978376115,2.005492216785065,0
2023-02-06,WIPRO.NS,189.6067280569492,189.9808988920064,187.82946297819063,189.2559509277344,5958022,-0.0018500246948486318,188.6546347481864,186.6535913376581,2.003073837110837,0
2023-02-07,WIPRO.NS,189.6535168289394,189.6535168289394,186.636827559758,187.31500244140625,6683580,-0.012330456226880272,188.8183310372489,187.08651878720238,1.8029201524173306,1
2023-02-08,WIPRO.NS,187.5488373534256,190.63567892758985,187.5488373534256,190.2381286621093,8300976,0.014339152119700264,189.1189967564174,187.44091796874997,1.8446822720563856,1
2023-02-09,WIPRO.NS,190.23815520113573,191.26710729378627,188.74150020694583,190.9630889892578,5277374,0.0038106645186693805,189.7503945486886,187.80206807454425,1.5488145561534512,0
2023-02-10,WIPRO.NS,190.3550571042713,190.3550571042713,188.3906994543744,189.79380798339844,5160140,-0.0029484329411087603,189.9775630405971,188.08976527622767,1.3929058445629101,0
2023-02-13,WIPRO.NS,189.72366438957843,189.72366438957843,186.706989473318,187.3617706298828,4825356,-0.01244912577086698,189.38625008719308,188.24721054803754,1.5119077769908496,1
2023-02-14,WIPRO.NS,188.48423662776773,190.0978170674669,187.7826823971433,189.46641540527344,4638822,0.005210933259344051,189.19916643415178,188.51820664178754,1.3871558220464995,1
2023-02-15,WIPRO.NS,188.34394986883643,190.75261677437803,187.24484527898,190.54214477539065,5227672,0.011671173446691831,189.3829084123884,188.73600841703868,1.4781320527491526,1
2023-02-16,WIPRO.NS,191.1969192742997,193.27820266501325,191.0799935618587,191.71139526367188,11189362,0.0026908173590082613,190.0109645298549,189.0594758533296,1.3840568808852263,0
2023-02-17,WIPRO.NS,190.2849245980352,190.8227800695797,188.95196850027017,190.0276794433593,5616244,-0.0013518945613758622,189.98090035574774,189.15058099655874,1.3805813727407106,1
2023-02-20,WIPRO.NS,189.55998365288,190.7292409275045,188.1101160508735,190.3784637451172,6497188,0.00431778942192771,189.89738246372764,189.25394766671315,1.3279410773392641,0
2023-02-21,WIPRO.NS,190.54215568492523,190.8227802752561,188.0633360621821,188.36734008789065,5761172,-0.011413829077439378,189.69360133579798,189.26710074288502,1.450297658614076,0
2023-02-22,WIPRO.NS,186.8472848699924,187.24483513924093,184.48539123358967,184.81277465820312,6883372,-0.010888626041341045,189.32945905412947,189.02545311337423,2.238936399203482,0
2023-02-23,WIPRO.NS,185.11679531117528,186.4731450898828,183.99431124703744,184.2515563964844,6078322,-0.0046740162784065006,188.58447919573103,188.74371846516925,2.942742219725575,0
2023-02-24,WIPRO.NS,185.18694899428635,185.44417985228344,183.59674788724075,183.9475250244141,5106634,-0.006692825691029141,187.64239065987724,188.55997794015065,3.251014314280229,0
2023-02-27,WIPRO.NS,183.6903093947622,183.9475402740844,180.2760840191584,182.5678253173828,5554710,-0.006110741938852676,186.33616638183594,188.38848731631322,3.1797648321759753,0
2023-02-28,WIPRO.NS,183.2693812512452,183.9007830106504,180.39301131746527,181.0243988037109,10061602,-0.012249631838155346,185.04998343331476,188.0499601818266,3.2576363212409976,1
2023-03-01,WIPRO.NS,181.51549362207928,183.2226063080328,181.1413227479184,182.84844970703125,4542612,0.007343483789473247,183.97426714215962,187.87401471819194,2.310377167986152,0
2023-03-02,WIPRO.NS,181.79611423623936,182.5678211296639,181.1413187890581,181.4920959472656,4438972,-0.0016723035596828055,182.9920894077846,187.5544179280599,1.4222299492370492,1
2023-03-03,WIPRO.NS,182.6847460825747,183.0822963815069,181.9831917691033,182.6145935058593,4393936,-0.0003840089455727823,182.6780635288783,187.13125755673363,1.1742906211523954,1
2023-03-06,WIPRO.NS,183.549996740002,185.51434022688795,183.3862978811385,184.1580047607422,6727722,0.0033124926806805005,182.66469900948658,186.8161148797898,1.1537508938438088,0
2023-03-08,WIPRO.NS,183.1758242739401,183.8072259964988,181.8662619608368,183.62014770507807,4908842,0.0024256663394263576,182.61793082101002,186.54774329775856,1.0983909088170165,0
2023-03-09,WIPRO.NS,183.71368643495168,184.20478302520016,182.21704577567644,182.45089721679688,4157054,-0.0068736806857442765,182.6012268066406,186.31611923944382,1.1001675649798,0
2023-03-10,WIPRO.NS,181.42193567586105,182.35734139140885,180.8139276700184,181.98318481445312,4567396,0.0030936123380076543,182.73819623674663,185.9230266752697,0.9152847467683459,0
2023-03-13,WIPRO.NS,181.9364167526891,183.6201499423072,179.48097668083406,180.2760772705078,5982520,-0.009125932629739698,182.3707144601004,185.41412135532923,1.299426218825919,0
2023-03-14,WIPRO.NS,180.79055847222853,181.07118307956767,176.48770016128398,177.46987915039062,8094852,-0.018367548338250165,181.79611206054688,184.8272676013765,2.275452035963576,0
2023-03-15,WIPRO.NS,179.4576083872088,179.4576083872088,175.34181430450678,175.73936462402344,7687926,-0.020719343117304105,180.8139365059989,184.27381969633558,3.1709012310296556,0
2023-03-16,WIPRO.NS,175.55228335295445,176.18368511173645,173.05007002632033,174.38302612304688,7686620,-0.006660450138131992,179.41751098632812,183.55556306384858,3.5789075134490242,1
2023-03-17,WIPRO.NS,176.4175313910417,176.95538684641534,174.8507238942202,176.0901336669922,9044282,-0.0018558117295260114,178.34179469517298,182.86737205868675,3.218710911762078,0
2023-03-20,WIPRO.NS,175.388587938379,175.8329114037535,170.7817115072323,171.7171173095703,8184754,-0.020933349609374957,176.8083975655692,181.91526358468192,3.4809739832296955,0
2023-03-21,WIPRO.NS,172.58237872198475,173.16700737619203,170.92203905330032,171.36634826660156,7211152,-0.00704608700139723,175.29170663016183,181.02662876674108,3.147435383977487,0
2023-03-22,WIPRO.NS,172.0445232147462,173.0500816453506,171.10911736801455,171.36634826660156,5374846,-0.003941857232491679,174.01888820103235,180.1212899344308,2.538441690788035,0
2023-03-23,WIPRO.NS,170.6647718403782,170.6647718403782,168.53672952316236,169.0745849609375,9485192,-0.009317604695408297,172.81956045968192,179.2025873093378,2.618211987993321,1
2023-03-24,WIPRO.NS,169.93984050744322,171.57680055088574,168.8407359093572,169.19151306152344,7906696,-0.004403484454765087,171.88415309361048,178.45871770949591,2.570433396209748,0
2023-03-27,WIPRO.NS,169.19150828853196,170.24383971534385,167.99887171407522,168.95765686035156,6227714,-0.001382170006910753,171.10910034179688,177.73043677920387,2.508579726840028,0
2023-03-28,WIPRO.NS,169.7761534436113,170.2672357814983,166.2216085334106,166.5957794189453,7813096,-0.018732748740960817,169.75276402064733,176.90416317894346,1.8457008031697448,1
2023-03-29,WIPRO.NS,167.43762862983252,168.72381153131866,166.03452001002947,167.9287109375,8823840,0.0029329267960020934,169.21156311035156,176.20706249418714,1.7251988077817062,1
2023-03-31,WIPRO.NS,169.93985851922932,171.06234267050073,168.98105897112387,170.8284912109375,7914212,0.0052291010446359155,169.13472638811385,175.72154308500745,1.6221331530789793,1
2023-04-03,WIPRO.NS,172.0912628173828,172.30172052797835,170.7816863233272,172.0912628173828,4053500,0.0,169.238285609654,175.20929609026228,1.8015639344930046,1
2023-04-05,WIPRO.NS,172.9097565521182,173.93869430105568,171.74049937844458,172.93313598632812,6443110,0.00013521176986254973,169.78950718470983,174.80172656831286,2.2720035391098907,0
2023-04-06,WIPRO.NS,172.58235039374043,173.26052523056717,171.10908928159623,171.48324584960938,6429614,-0.006368580226329542,170.1168975830078,174.27166239420572,2.335696287109216,1
2023-04-10,WIPRO.NS,172.11465584460282,175.10795135248588,171.92757755157743,174.59347534179688,5624940,0.01440214074176289,170.92201450892858,173.8162086123512,2.7955702876839843,0
2023-04-11,WIPRO.NS,174.6870111623863,175.3184128525446,172.39527009547658,173.16697692871094,6784354,-0.008701472556894197,171.86075701032365,173.31843857538132,2.123133031836302,1
2023-04-12,WIPRO.NS,173.33068455493364,174.66364057428706,172.74605597391533,174.0556182861328,5578210,0.004182373900273955,172.73602948869978,172.91866338820685,1.3564585966570974,0
2023-04-13,WIPRO.NS,173.00330186857448,173.00330186857448,171.17926339198044,172.25497436523438,6724634,-0.004325509948408901,172.93981279645647,172.45541527157738,1.1061869825149104,0
2023-04-17,WIPRO.NS,168.3496439237396,169.28504960905408,164.63140061535125,169.00442504882812,13603290,0.0038894119989059273,172.49883597237724,171.91866992768786,1.85956597011611,1
2023-04-18,WIPRO.NS,169.9866171046055,172.53558923160176,168.02225930327845,172.06788635253906,8024898,0.012243724143605974,172.37522888183594,171.66143217540923,1.8546366969561743,0
2023-04-19,WIPRO.NS,172.06788566553118,172.06788566553118,168.5601140865662,168.7471923828125,7475944,-0.0192987393892519,171.98436410086495,171.32847159249442,2.3070779439086713,1
2023-04-20,WIPRO.NS,168.6068890245973,170.10354395682555,167.9053347013327,169.70599365234375,4423266,0.006518740925147481,171.28615243094308,171.10575576055618,2.117650644647197,1
2023-04-21,WIPRO.NS,170.290613282498,172.4420492817828,170.08014128734465,172.13803100585938,5299988,0.010848617476623188,171.13916015625,170.91756039574034,1.9976492322189239,1
2023-04-24,WIPRO.NS,175.38858133113965,177.07231456655046,173.30729779007976,176.768310546875,17779044,0.00786669921875003,171.5266876220703,171.15809340704055,2.771100204776343,0
2023-04-25,WIPRO.NS,176.88523206537047,177.2126155121818,174.9676474337423,175.6925811767578,7528552,-0.006742512501958897,172.0177743094308,171.36410449800036,3.194006957221348,0
2023-04-26,WIPRO.NS,176.62798230724957,176.62798230724957,174.64024515131683,175.1781005859375,7008146,-0.00820867510556711,172.89972795758928,171.54561651320685,3.073341704664408,0
2023-04-27,WIPRO.NS,176.04336169536958,176.13690798090852,174.0088513067513,175.1079559326172,8491700,-0.005313496366713607,173.33402361188615,171.83291989281065,3.1500422412033893,1
2023-04-28,WIPRO.NS,177.727098341112,181.4687214640828,177.727098341112,180.06561279296875,27709406,0.013157894736842196,174.95094081333704,172.3507341657366,3.304313349059285,1
2023-05-02,WIPRO.NS,181.9364197879636,183.40968100102344,181.21148603534715,181.6324157714844,9746608,-0.0016709354665409074,176.65471540178572,172.9542941138858,3.2229288493974284,0
2023-05-03,WIPRO.NS,181.63239994576995,181.63239994576995,178.68586350322406,180.11236572265625,4828488,-0.008368739407548072,177.79390607561385,173.59794108072916,2.7323446061129317,0
2023-05-04,WIPRO.NS,179.94867812641323,180.6034592857568,179.15357754303693,179.4575958251953,6253358,-0.0027290131071311995,178.17808968680245,174.14693559919084,2.753091605930806,0
2023-05-05,WIPRO.NS,179.01326429783546,179.7849711390665,177.25937862542037,177.4464569091797,7902194,-0.00875246532597149,178.42864336286272,174.46207682291666,2.5623938774629433,1
2023-05-08,WIPRO.NS,178.19479686333702,179.1302026211498,177.5400156874999,177.8907928466797,9613544,-0.0017060207256807864,178.81617082868303,174.73824491954986,2.162837117281402,1
2023-05-09,WIPRO.NS,178.89632642346584,179.34064980619877,177.75044881946442,178.8027801513672,5716698,-0.0005229077308005517,179.34400285993303,175.0177517845517,1.4356335069510004,1
2023-05-10,WIPRO.NS,179.59791327361563,179.85514415888426,178.66250747531555,179.48098754882812,3670402,-0.0006510416666666469,179.26048496791296,175.39859662737166,1.4032984144035898,1
2023-05-11,WIPRO.NS,180.3930131097271,180.9308685867273,179.17698272270937,179.90191650390625,4049964,-0.0027223704363878286,179.01327078683036,175.65137953985305,1.0143186020133625,0
2023-05-12,WIPRO.NS,179.87851778686468,180.18252178274253,178.45201553980985,179.2471160888672,4580358,-0.0035101562196861538,178.88966369628906,175.94090997605096,0.9048735009052887,1
2023-05-15,WIPRO.NS,179.24712466266507,181.00101042257373,178.89634751068334,180.4163818359375,5089694,0.006523157208088644,179.0266331263951,176.24380347842262,1.0637804689915034,1
2023-05-16,WIPRO.NS,181.2348614835604,181.84286950314493,180.7671586152157,180.9776306152344,4059352,-0.0014193233366932754,179.53108651297433,176.65916806175596,1.026149364260541,0
2023-05-17,WIPRO.NS,180.626832545191,181.1646879268654,178.35847104179143,178.8027801513672,5376102,-0.010098457511109044,179.66137041364397,177.1257563999721,0.8204617285294876,1
2023-05-18,WIPRO.NS,180.1591608748744,180.2293134544969,178.7794316252716,178.94313049316406,4237016,-0.006749756025756065,179.6814204624721,177.4531489780971,0.7973729785550007,1
2023-05-19,WIPRO.NS,179.97205090518844,181.56225201313583,179.36404290967317,180.62684631347656,7281582,0.0036383171997805253,179.8451145717076,178.0188467843192,0.8641863570883234,1
2023-05-22,WIPRO.NS,180.7671626772372,185.49096460829875,180.25268665586543,185.09341430664065,12197390,0.023932729624838184,180.58675711495536,178.75158110119048,2.166875491469223,1
2023-05-23,WIPRO.NS,185.67803639930176,188.06332385251395,185.23371297069488,185.98204040527344,12725634,0.00163726422288264,181.54888916015625,179.4108196440197,2.857932048713227,1
2023-05-24,WIPRO.NS,184.50879611708305,187.29163411252355,183.9709406306893,186.9408569335937,8256974,0.01318127302162515,182.48095703125,179.89522661481584,3.433077909264479,0
2023-05-25,WIPRO.NS,186.61345767097376,186.61345767097376,183.6435413922549,184.3217163085937,13605054,-0.012280686457354719,182.95868355887276,180.30613781156995,3.4216708770266853,1
2023-05-26,WIPRO.NS,184.8127888153839,188.27378724724613,184.74263623853275,187.87625122070312,7926180,0.016576030397871602,184.25489371163505,180.91081165132067,3.3014341025140177,0
2023-05-29,WIPRO.NS,188.9519522930396,189.88735799746053,186.77713688489249,186.9875946044922,7959308,-0.010396069819384289,185.4041028703962,181.47650873093377,2.4291581753808127,1
2023-05-30,WIPRO.NS,187.08113960597825,188.88179842931743,186.8239087482833,188.2503967285156,7378972,0.0062499999999999015,186.49318150111608,181.8662603469122,1.4365130997791373,1
2023-05-31,WIPRO.NS,187.899621217992,189.32610921057025,187.31499265166343,188.7882537841797,11783582,0.004729294079612501,187.02101571219308,182.20701453799293,1.5132286245033901,1
2023-06-01,WIPRO.NS,189.41967355822524,190.82278225124915,188.97535009617047,190.4252319335937,7065484,0.005308626904899377,187.65575735909596,182.69810340518043,1.8898017932033715,0
2023-06-02,WIPRO.NS,191.15015640181133,191.66461810724337,188.95194734472585,189.39627075195312,6320754,-0.009175434029838885,188.00653076171872,183.17137363978796,1.9615094229524732,0
2023-06-05,WIPRO.NS,191.24369658694647,191.6412468725524,188.8116502789996,189.0455017089844,7252860,-0.01149420826512149,188.68135724748885,183.7237091064453,1.110479091204574,0
2023-06-06,WIPRO.NS,188.647956689042,188.647956689042,184.99986571555587,187.05776977539065,13707400,-0.008429388484034963,188.5644313267299,184.1602318173363,1.2443955521045231,1
2023-06-07,WIPRO.NS,188.20362300954693,188.76487213590025,187.5488418775736,188.3907012939453,8215860,0.0009940206325831037,188.76487513950892,184.6167994907924,1.0451192724365572,0
2023-06-08,WIPRO.NS,188.9987384507241,189.3027424709684,186.49652516441915,186.8706817626953,10615052,-0.011259634352446255,188.5677730015346,184.96868969145277,1.2652392069971932,0
2023-06-09,WIPRO.NS,186.8239167029353,187.24484643033955,185.2337155300497,185.8183441162109,12018232,-0.005382461755811078,188.14350019182478,185.25042433965774,1.6256115262703978,0
2023-06-12,WIPRO.NS,186.9875978439515,186.9875978439515,184.55555153421807,185.02325439453125,11973622,-0.010505207147800129,187.37178911481584,185.52547854468935,1.6440065488282434,0
2023-06-13,WIPRO.NS,186.12236096621064,186.37959183287708,184.5087803715684,184.99986267089844,13016186,-0.006030969570152727,186.74373081752233,185.74373953683036,1.5802348864537517,1
2023-06-14,WIPRO.NS,185.3506247833428,185.7481750412514,183.66690602328347,185.42079162597656,18512564,0.00037856275216652734,186.22591509137834,185.95531863257997,1.2621371268766652,0
2023-06-15,WIPRO.NS,185.72481576332763,185.88851462530783,181.5856424371724,181.9130401611328,28702320,-0.02052378184642932,185.49095371791296,186.10342625209265,1.9868597990910417,0
2023-06-16,WIPRO.NS,180.32282003127847,181.77270165596752,177.32952477998478,178.3350830078125,41110648,-0.011023213939983739,184.05443681989397,186.07447160993303,2.945011465579519,0
2023-06-19,WIPRO.NS,178.6624790324607,178.6624790324607,176.37073804609992,177.79722595214844,10629440,-0.004842947914962413,182.7582288469587,185.93972778320312,3.452026498938364,1
2023-06-20,WIPRO.NS,178.5689493289692,180.0422247819919,178.00771445115188,178.89634704589844,11802658,0.0018334526700164266,181.76937212262834,185.6446293422154,3.420620897140084,1
2023-06-21,WIPRO.NS,179.71484036575495,181.11794907388057,179.1769848822721,180.29946899414065,8829264,0.003253090435914292,181.09454563685827,185.37403070359002,3.1248736987320087,0
2023-06-22,WIPRO.NS,180.5332862730924,180.5332862730924,178.47539674533618,178.8027801513672,9356174,-0.00958552385241282,180.20924813406808,184.9865032377697,2.6802810805074473,0
2023-06-23,WIPRO.NS,178.80279512079548,179.1301928273935,176.83845170068253,177.70370483398438,6470406,-0.006146941305188111,179.1068071637835,184.6713598342169,1.5118073638837601,1
2023-06-26,WIPRO.NS,177.72709577207752,178.61572839630605,177.2827723233836,178.1480255126953,4100400,0.0023684049907483247,178.5689479282924,184.2081109909784,0.8881290964331299,1
2023-06-27,WIPRO.NS,179.71483741533189,179.71483741533189,178.42865445399897,178.94313049316406,5880750,-0.0042940634911760875,178.6558118547712,183.82504127139137,0.8911735848818257,0
2023-06-28,WIPRO.NS,179.48098676790795,179.48098676790795,178.1012575121546,178.52220153808594,7140112,-0.005341987734120526,178.75937979561942,183.36179388137091,0.8135047517059071,1
2023-06-30,WIPRO.NS,180.06559730582677,182.2871858440156,179.13019160553674,182.00656127929688,9070810,0.010779204925933381,179.20369611467635,183.03885614304315,1.478414043658315,1
2023-07-03,WIPRO.NS,184.22814612725728,184.22814612725728,182.170256482472,183.1524353027344,9036924,-0.0058390145433033615,179.61126273018974,182.69253249395462,2.0953638369937435,1
2023-07-04,WIPRO.NS,184.15799869590248,185.84173182432528,183.8072215555293,185.1869506835937,12617234,0.005587332589285515,180.5232870919364,182.4920886811756,2.91420173960866,0
2023-07-05,WIPRO.NS,184.32169569315,184.9297036877437,183.2693642826281,184.2281494140625,12366958,-0.0005075163763858933,181.4553506033761,182.262690952846,2.9054602236100915,1
2023-07-06,WIPRO.NS,184.5087782131612,185.6546559290716,183.877376497724,185.3038787841797,9037242,0.0043092831610423874,182.4776153564453,182.1791723342169,2.8049892451161855,0
2023-07-07,WIPRO.NS,184.74263220409688,185.88850993589213,183.9007727539493,185.1401824951172,9065220,0.0021519141861154716,183.36290849958147,182.0243857247489,2.460293372259064,0
2023-07-10,WIPRO.NS,185.1401813443063,185.1401813443063,182.2404178817626,182.3807373046875,5630400,-0.014904619945721337,183.91412789481026,181.81057884579613,1.3978303117549804,1
2023-07-11,WIPRO.NS,182.4040994515788,183.7136616358144,181.39854124513096,183.3628845214844,9634838,0.005256378956330071,184.1078883579799,181.6936521984282,1.163746430511329,0
2023-07-12,WIPRO.NS,184.2281638687709,184.2515575769574,182.5678243333836,183.2693786621093,6848220,-0.005204335680968827,184.12459455217632,181.6101343064081,1.1484836973147516,1
2023-07-13,WIPRO.NS,183.26937394986385,186.426368347957,182.9887493709571,184.4152374267578,13595726,0.006252345671281843,184.01434980119978,181.58229500906808,1.06339740241251,1
2023-07-14,WIPRO.NS,184.6257051610082,189.6535109380337,183.50322114449003,189.4430389404297,31366784,0.026092432661098806,184.75933401925224,181.7738305954706,2.3210927495704032,1
2023-07-17,WIPRO.NS,190.3550742446192,198.7503467418213,189.7938250732092,194.213623046875,45759860,0.020270270270270282,186.0321546282087,182.3595726376488,4.283133105787959,1
2023-07-18,WIPRO.NS,195.49979745165064,196.575508331236,192.81050597952864,195.12564086914065,17769026,-0.0019138463946619477,187.45864868164062,183.15912301199776,5.442472721534068,1
2023-07-19,WIPRO.NS,196.4352103693901,196.902913251222,193.6991456560417,195.47642517089844,10830990,-0.00488092331659222,189.32946123395647,184.00098964146204,5.6527726911378995,0
2023-07-20,WIPRO.NS,195.73367093990703,196.43522531603577,193.93301185321133,195.33612060546875,8255710,-0.0020310779056523813,191.0399235316685,184.78383600144159,5.34981595979948,0
2023-07-21,WIPRO.NS,189.4196630624204,193.7926877679994,187.54885157538416,189.27935791015625,23514212,-0.00074071059992284,191.89849199567522,185.2114497593471,4.267736127200281,0
2023-07-24,WIPRO.NS,190.02767327042733,190.82277387081936,188.7181109237148,188.975341796875,6808460,-0.005537780131921952,192.54993547712053,185.69585745675224,3.1319985042398297,0
2023-07-25,WIPRO.NS,189.65350639280013,189.65350639280013,187.08114070806425,187.26821899414065,6458200,-0.012577080403244392,192.23924691336495,186.15131051199776,3.5689522041887614,1
2023-07-26,WIPRO.NS,188.71811725751428,188.7648904014293,187.73593832793617,188.36734008789065,5329662,-0.0018587360594795202,191.40406363351008,186.63794453938803,3.71113869736854,0
2023-07-27,WIPRO.NS,188.95196070187603,190.1679910263714,186.6134463367538,187.05776977539065,8948358,-0.010024722259823433,190.25151062011722,187.02435593377976,3.6142492679723395,0
2023-07-28,WIPRO.NS,187.5722165501627,188.4140902183261,185.4675537894909,186.4965057373047,6760060,-0.0057349155042390135,188.9686649867467,187.40408470517113,2.9904644511013254,1
2023-07-31,WIPRO.NS,186.9642194759038,189.8873623695233,186.590062894784,189.4430389404297,6762180,0.01325825589235462,188.1267961774554,187.7582026890346,1.1815670207354139,1
2023-08-01,WIPRO.NS,189.65350545686823,190.82276258052343,188.97533061588496,190.3316802978516,7181804,0.0035758624094485453,188.27712794712616,188.1000714983259,1.3994952481055578,0
2023-08-02,WIPRO.NS,189.84058297605944,189.84058297605944,186.6134361824236,188.3907012939453,5399618,-0.007637364252600128,188.19360787527904,188.25263105119978,1.3679722709870756,0
2023-08-03,WIPRO.NS,188.0165392065552,188.0165392065552,185.70140446974867,186.9174346923828,6821698,-0.0058457863271534,188.14349583217077,188.38069225492933,1.4131987179500891,1
2023-08-04,WIPRO.NS,187.47868372720512,191.7581618005617,187.2214386047975,191.2203063964844,12481540,0.019957589817110134,188.55106244768416,188.6624269031343,1.8365124046128554,1
2023-08-07,WIPRO.NS,191.73480087592944,193.1612889470252,190.84615398767,192.2960357666016,8822866,0.0029271414897461714,189.29938616071428,189.00318182082404,2.164549621040455,1
2023-08-08,WIPRO.NS,192.880671488914,195.2659591135558,191.73480795741287,194.7281036376953,15724284,0.009578109276167111,190.47532871791296,189.59115164620536,2.5834924315678545,1
2023-08-09,WIPRO.NS,194.330554301642,195.73366299696065,192.9508250419813,195.40626525878903,9309388,0.005535470019178291,191.32721819196428,190.1646459670294,3.114886357404449,1
2023-08-10,WIPRO.NS,195.07886875536903,196.8093608000394,194.3539207473449,195.8038024902344,9901644,0.003716105898555566,192.10894993373327,190.7615232921782,3.4877423878861724,0
2023-08-11,WIPRO.NS,195.8038007528335,197.4407607734381,192.85727842500864,193.1846618652344,7571468,-0.013376343449559881,192.7938014439174,191.17911493210565,3.083145413935453,1
2023-08-14,WIPRO.NS,193.27820701966792,194.6579361668213,191.52432129353664,194.1668395996093,5792180,0.004597686379876991,193.82943071637834,191.40405782063803,1.6773275127132043,1
2023-08-16,WIPRO.NS,193.6991395879248,196.5287504982585,193.6289870124796,195.8038024902344,8131780,0.010865628555640747,194.48421587262834,191.47978065127418,1.352157195512013,0
2023-08-17,WIPRO.NS,195.803797895872,196.622277894232,193.86283389725017,195.2893218994141,6340960,-0.0026275077500361615,194.91182817731584,191.4875749860491,0.9617754454102722,0
2023-08-18,WIPRO.NS,194.1200769394811,194.72809925459552,190.82277730559667,192.55328369140625,10602392,-0.008071258124234664,194.60113961356026,191.34837777273995,1.3167736925518803,1
2023-08-21,WIPRO.NS,192.6000303730245,195.1957897874701,192.5298777992629,193.9096069335937,7334260,0.006799461859028879,194.38733128138952,191.2804485502697,1.2853890375353911,1
2023-08-22,WIPRO.NS,194.09669378519152,195.5465755572549,193.0443623128621,195.0788726806641,6350240,0.005060255671122135,194.28376988002233,191.5566159202939,1.1768682977397302,0
2023-08-23,WIPRO.NS,195.1490288171188,195.47642654596788,193.9096190261776,194.213623046875,6134234,-0.0047932893948470145,194.4307643345424,191.80605788457962,1.0767036503267124,0
2023-08-24,WIPRO.NS,195.85056201664173,196.43519055997496,192.69356788264213,193.02096557617188,5776956,-0.014447732042910458,194.2670680454799,192.07999819800966,1.2031933518616618,0
2023-08-25,WIPRO.NS,191.75816402918423,192.3661720107453,190.4018286504387,191.61785888671875,6598510,-0.0007316775438261165,193.66907610212053,192.23478480747767,1.3441007721827352,0
2023-08-28,WIPRO.NS,192.43634676671155,192.90404962503564,190.65906734118488,190.8461456298828,3401974,-0.008263517591905453,193.03433663504464,192.41518365769159,1.4923762921755774,1
2023-08-29,WIPRO.NS,191.5944710671224,192.6468024874176,190.40183450005108,190.8695373535156,3998562,-0.003783688065574951,192.7938014439174,192.62342325846353,1.7035778884559911,0
2023-08-30,WIPRO.NS,191.7581860478014,191.85173233562512,190.1913785022911,190.44862365722656,4018182,-0.006829238519436028,192.29937526157923,192.67130824497767,1.823764510755249,1
2023-08-31,WIPRO.NS,190.8227636327605,191.7581693368427,190.0978299213602,191.0098419189453,22061952,0.0009803771972657998,191.71808515276228,192.70360165550596,1.3861640685086616,1
2023-09-01,WIPRO.NS,190.7994021652521,195.3828848375759,190.58893015275208,194.7281036376953,8476130,0.020590743093841273,191.79158238002233,193.00538271949404,1.5450670940517262,1
2023-09-04,WIPRO.NS,195.49979672523403,204.15229969034607,194.564390999276,203.02981567382807,27634648,0.038516761013194956,193.22141810825892,193.77263895670572,4.560681363670116,0
2023-09-05,WIPRO.NS,203.82491111381864,204.6200117257883,201.252545252123,201.9774932861328,17973426,-0.00906374896763334,194.7013658796038,194.2848859514509,5.531193655197804,0
2023-09-06,WIPRO.NS,202.86611929032304,203.70797874468505,199.19464891654653,200.7848358154297,13531912,-0.010259394137247805,196.12117876325334,194.68911452520462,5.650950103330758,1
2023-09-07,WIPRO.NS,201.0888549593391,202.84274072439968,199.5922000638905,202.4451904296875,9322650,0.006744955958014948,197.77484348842077,195.0565948486328,5.550834161335405,0
2023-09-08,WIPRO.NS,202.7258089585338,202.7258089585338,200.78483068458084,201.1122283935547,5748410,-0.007959423485685355,199.29821559361048,195.32830737885973,4.584222258897601,1
2023-09-11,WIPRO.NS,202.5153316001324,204.61999439967184,201.15899620617188,203.38058471679688,8253314,0.004272531416894939,201.06546456473214,195.68910653250558,2.9494908972958385,1
2023-09-12,WIPRO.NS,204.4329234920913,206.49081322680945,199.66234859842595,203.45074462890625,14545328,-0.004804406484081082,202.31155613490515,196.17796761648995,1.0688925246572332,1
2023-09-13,WIPRO.NS,203.4273753024799,204.8304839558416,201.81379464185028,203.7781524658203,7445670,0.0017243360821955914,202.418461390904,196.63564918154762,1.183933716605208,1
2023-09-14,WIPRO.NS,205.04093353329816,207.30929528729456,203.59105179453644,204.12892150878903,14895010,-0.004447950995897196,202.7258082798549,197.03208342052642,1.3216265512808851,1
2023-09-15,WIPRO.NS,205.6957059152877,207.5431378658356,204.970772213414,206.28033447265625,19835876,0.0028422010793424913,203.51087951660156,197.55546497163317,1.5828826481344624,0
2023-09-18,WIPRO.NS,206.28034587093603,206.28034587093603,203.54429548979385,203.96522521972656,6025196,-0.011223176117117704,203.72802734375,198.09889075869606,1.5151330746134122,0
2023-09-20,WIPRO.NS,203.09997594106568,204.3160062855001,200.6679152521968,201.1590118408203,9102700,-0.009556692910729758,203.73471069335938,198.44410051618303,1.5017153102947052,0
2023-09-21,WIPRO.NS,201.06546395438144,201.6968656929216,197.86169639251133,200.62115478515625,8893070,-0.0022097736751349765,203.34050641741072,198.70801871163505,1.9153737384227396,0
2023-09-22,WIPRO.NS,198.4930865364227,199.5921910877296,194.8450100184235,195.733642578125,19818260,-0.013901965083259268,202.2380632672991,198.78040059407553,3.4485866201145194,0
2023-09-25,WIPRO.NS,195.7336558141955,196.31828441579103,192.6935870858985,193.6757659912109,9301132,-0.010513724961731034,200.79486519949774,198.81158156622024,4.6137080770778605,0
2023-09-26,WIPRO.NS,194.93855559792044,194.93855559792044,192.55328231715168,193.1145172119141,6480566,-0.0093569913884486,199.22137887137276,198.88285101027716,5.135799393898981,1
2023-09-27,WIPRO.NS,192.81050889136057,194.8216255307516,191.89848258212567,194.40069580078125,7773994,0.008247407875037941,197.5242876325335,199.05211530412947,4.31099201386826,0
2023-09-28,WIPRO.NS,194.79824284327609,194.79824284327609,188.951957043658,189.58335876464844,16876116,-0.02677069362901418,195.46973528180803,198.9908687046596,4.15395974967267,1
2023-09-29,WIPRO.NS,189.4196690212414,191.40740628874823,187.78270891858867,189.91075134277344,12780272,0.0025925624517746256,193.8628409249442,198.9652557373047,3.741478272066449,0
2023-10-03,WIPRO.NS,190.0978298048795,190.86953665564275,188.7648738227475,189.630126953125,5728104,-0.0024603271496289867,192.29269409179688,198.8995550246466,2.548708553780052,0
2023-10-04,WIPRO.NS,188.34395650940988,189.63013943640368,187.3851570363008,189.3728942871093,6905870,0.005463078278532418,191.38401576450892,198.64454505557106,2.231618323443675,1
2023-10-05,WIPRO.NS,190.7993901007521,191.9452535597988,189.41966093529328,190.2615203857422,8125304,-0.0028190326747160725,190.8962663922991,198.03653099423363,2.0092827357170138,1
2023-10-06,WIPRO.NS,190.82276182543976,191.6646212418769,190.33167954471108,190.7526092529297,6365004,-0.0003676320992264118,190.55885096958704,197.50201270693825,1.7571927979442727,0
2023-10-09,WIPRO.NS,189.0454904959572,192.2258640458468,188.67131966627989,189.7002716064453,6030450,0.0034636166605735816,189.88736179896765,196.97417631603423,0.47389556636226154,1
2023-10-10,WIPRO.NS,190.0744393491543,191.1735439242065,189.9809073410988,190.70584106445312,5128014,0.0033218654620834737,190.04771641322546,196.4151596795945,0.5392830570713383,1
2023-10-11,WIPRO.NS,191.2904661896171,198.2826295261048,191.2904661896171,196.9730529785156,19092228,0.029706586543971448,191.0566166469029,196.21805608840216,2.663372756340094,0
2023-10-12,WIPRO.NS,197.2536882021796,197.3238407790364,193.9563886314779,195.0788726806641,10234398,-0.011025474561907235,191.8350088936942,195.82273646763392,2.957018091504513,0
2023-10-13,WIPRO.NS,192.64680259964408,193.8160597339866,191.31384661186192,192.249252319336,10914054,-0.0020636225202982734,192.24591718401228,195.2893320719401,2.7504971029274783,0
2023-10-16,WIPRO.NS,192.22588694777653,192.6468166923004,190.8929308624849,191.8517303466797,5277652,-0.0019464423186586345,192.47309003557478,194.7214072091239,2.6219492099583612,1
2023-10-17,WIPRO.NS,192.5532680265445,193.55882629404584,192.2492497571405,192.41294860839844,5979388,-0.0007287303902144389,192.7102813720703,194.1635037376767,2.5132134381657067,0
2023-10-18,WIPRO.NS,191.2904702245965,193.46528567447425,190.35506450222684,190.56553649902344,4881066,-0.0037897012053026632,192.8338906424386,193.4151800246466,2.3569142161562486,0
2023-10-19,WIPRO.NS,183.31614141019887,185.56110942555463,182.4508882658702,184.8829345703125,25629102,0.008546945992102711,192.0020468575614,192.5064995175316,3.8117280991556863,0
2023-10-20,WIPRO.NS,184.76601933282885,185.23372221864608,182.87182835453285,183.2693786621093,8429336,-0.008100194376237435,190.04437909807478,191.65461222330728,4.318506245854737,0
2023-10-23,WIPRO.NS,182.8016656305693,183.80722392463468,178.7560387474196,179.20034790039062,8837826,-0.019700683348568067,187.77601841517858,190.63457380022322,5.293480941091026,0
2023-10-25,WIPRO.NS,179.784982816852,181.32841087272428,178.2415690341388,178.59234619140625,6678294,-0.006633683229598154,185.82503182547433,189.81832159133185,5.856779776209566,0
2023-10-26,WIPRO.NS,177.16583070715905,177.9843106800438,175.4119450509775,176.90859985351562,10995582,-0.0014519213587444112,183.69029889787947,189.01988510858445,6.015165381794947,1
2023-10-27,WIPRO.NS,177.282774295597,179.76160817020565,177.282774295597,178.82620239257812,6202812,0.008706024051765213,181.74933515276228,188.33948916480654,4.800984663648296,0
2023-10-30,WIPRO.NS,179.59789655595551,179.76159541005225,177.91416342111174,178.66249084472656,4688744,-0.00520833333333343,180.0489000592913,187.59005083356584,2.8826945582792485,0
2023-10-31,WIPRO.NS,179.2237346057338,179.64466430853128,177.3295295334081,178.56893920898438,6153536,-0.0036535082710438755,179.1469007219587,187.0655546642485,1.9573256555333294,0
2023-11-01,WIPRO.NS,179.52775272906075,180.32283905844787,177.79724636971142,178.17141723632812,4241952,-0.007555018497778318,178.41862051827567,186.5065387544178,0.7337962488578036,1
2023-11-02,WIPRO.NS,179.50435667777504,180.13575841000585,178.70927035876795,179.4342041015625,4742730,-0.0003908126661152034,178.45202854701452,186.02101861862909,0.7792348008388987,0
2023-11-03,WIPRO.NS,180.53329833485648,180.8606960359187,178.9664909480441,179.38742065429688,5291528,-0.006347181883500585,178.56561061314173,185.54551987420945,0.8571468565196476,1
2023-11-06,WIPRO.NS,180.53331826958467,180.74379028253068,179.13020957837026,179.90191650390625,4939936,-0.0034974251386415364,178.99322727748327,185.05220540364584,0.601143507085534,0
2023-11-07,WIPRO.NS,180.01881995105256,181.0009987679911,179.0600348399685,179.27049255371094,5692178,-0.004156939799655934,179.05669730050224,184.50543794177827,0.6040172060375503,0
2023-11-08,WIPRO.NS,179.8785418675457,180.4631705044832,178.42865999330883,178.7560577392578,7102052,-0.006240233641177866,179.070063999721,183.98428490048363,0.5948046523313979,0
2023-11-09,WIPRO.NS,179.13019206482082,179.59789491616502,177.58677836464835,178.1246337890625,9231126,-0.0056135610874265265,179.006591796875,183.3851797921317,0.6754340123464415,0
2023-11-10,WIPRO.NS,177.8674068787507,178.56896122763848,176.3239930204615,177.3997039794922,10710700,-0.0026295031083313513,178.89634704589844,182.45311555408296,0.8695555574976053,1
2023-11-13,WIPRO.NS,178.9431179841461,179.08342313358327,177.7270876874424,178.49879455566406,3585902,-0.0024830428433767226,178.7627171107701,181.66358802432106,0.8446419614918516,1
2023-11-15,WIPRO.NS,180.32283665156663,183.45645160429427,179.71482862702376,183.1758270263672,10792518,0.015821569956296317,179.30391802106584,181.2315201532273,1.884830491555714,1
2023-11-16,WIPRO.NS,183.1758214542673,186.84729174366183,182.0767168834965,185.7248077392578,13843576,0.013915517150427595,180.13575962611608,180.93976193382628,3.0914402061133677,0
2023-11-17,WIPRO.NS,186.14574837415168,186.61345125951388,184.50878827538403,184.92971801757807,7886928,-0.006532678652049569,180.94422040666853,180.58341761997767,3.5355363431990066,1
2023-11-20,WIPRO.NS,183.9007627312418,187.5956123193204,183.9007627312418,187.1746826171875,8610496,0.0178026444117054,182.14688110351562,180.42194838750927,4.06008944154265,1
2023-11-21,WIPRO.NS,188.29717337656265,188.29717337656265,187.1045225254572,187.38514709472656,5440248,-0.004843547385664639,183.46981157575334,180.54110136486233,4.039717389772532,0
2023-11-22,WIPRO.NS,188.2504058018243,188.2971789436118,186.6602188931612,187.1980743408203,5318582,-0.005590062111801171,184.8695787702288,180.72818211146765,3.1951577728252722,1
2023-11-23,WIPRO.NS,187.3149910304857,189.41965385105297,187.3149910304857,188.2503967285156,9677360,0.004993757802746671,186.26266479492188,181.15913681756882,1.7565314786360862,0
2023-11-24,WIPRO.NS,188.25041115886032,188.71811404372707,184.9998703997728,185.21034240722656,6250566,-0.016149068322981287,186.55330984933036,181.47427949451264,1.2582997905468438,1
2023-11-28,WIPRO.NS,185.67803221182805,186.49651220268623,183.85399394397567,185.60787963867188,8145314,-0.0003778183790538355,186.53660583496094,181.8885309128534,1.2718346030767311,1
2023-11-29,WIPRO.NS,186.14573910757213,191.0799985932456,186.14573910757213,190.00428771972656,15544086,0.020728643216080343,187.26154436383928,182.42082069033668,1.6056856088709999,1
2023-11-30,WIPRO.NS,190.33168581927893,193.8628367258912,188.9753360979653,193.1846618652344,19825958,0.014989496014154943,188.120112827846,183.1123526436942,2.7503077090817487,0
2023-12-01,WIPRO.NS,193.51206324920693,193.51206324920693,190.1212174279217,190.65907287597656,9830426,-0.014743217168617841,188.5878165108817,183.68807329450334,2.8798168726232802,0
2023-12-04,WIPRO.NS,193.0209765202438,193.16128166933584,190.23813878693065,190.56553649902344,10662472,-0.01272110454255652,189.06888253348214,184.27826944986978,2.890216045691009,0
2023-12-05,WIPRO.NS,190.54214969008584,191.2904771497043,188.0633301453313,189.1156616210937,11165368,-0.007486469903442917,189.19249180385046,184.73929123651413,2.8677926253676302,1
2023-12-06,WIPRO.NS,190.2381364144852,196.6222775354103,189.86397983946685,195.8505706787109,22082070,0.029502151198524635,190.71252441406247,185.52325076148622,3.2053188553494545,0
2023-12-07,WIPRO.NS,196.4351944544325,197.1367487203412,194.8683870726049,195.61671447753903,11250552,-0.004166666666666606,192.14235796247206,186.27157447451637,2.748548945941856,1
2023-12-08,WIPRO.NS,195.8739504411803,198.53986243042823,194.09668529712067,197.65122985839844,15479122,0.009073587443430006,193.23477826799663,187.1468476795015,3.2339289361596757,0
2023-12-11,WIPRO.NS,196.43519574965453,197.4641477223684,195.14901292034136,196.7158203125,10084242,0.0014285859607517314,193.73922947474884,188.00207446870348,3.490072184224914,1
2023-12-12,WIPRO.NS,196.7626028006248,200.13005489529328,196.5053576586447,197.4641571044922,11903364,0.0035654859911477504,194.7113843645368,188.92300415039062,3.436464956227951,0
2023-12-13,WIPRO.NS,198.0955379079668,198.4463150481224,194.0966842194557,196.27149963378903,9696816,-0.009207871582777308,195.5265219552176,189.82166108630952,2.928324562483981,1
2023-12-14,WIPRO.NS,198.07217677799144,203.9184629874953,197.95525105380136,203.17013549804688,24681376,0.02573788405309172,197.53430393763952,190.9964868454706,2.5999322685214508,1
2023-12-15,WIPRO.NS,203.9418268677652,210.23243605865005,202.7491902812565,208.8527069091797,41567234,0.02407980803564477,199.3917519705636,192.21919541131882,4.85932750112683,0
2023-12-18,WIPRO.NS,208.5954670721329,212.10323837939973,206.7246557082573,208.24468994140625,20182072,-0.0016816143497755934,201.19574846540178,193.29157075427827,5.522999815127207,0
2023-12-19,WIPRO.NS,208.4084061724845,209.2268862124446,203.450752790094,205.18125915527344,16064694,-0.015484725767444224,202.27146693638392,194.2559298560733,5.450407529860702,0
2023-12-20,WIPRO.NS,206.72466963371417,210.23244117727268,200.808231151544,202.0242614746093,26449942,-0.02273752894336857,203.02981567382812,194.96305265880767,4.888965550556154,1
2023-12-21,WIPRO.NS,200.59775997132968,204.15230467132707,199.80267364876173,202.9830474853516,10663008,0.011890898055705243,203.81822858537947,195.70580982026598,4.244336863132517,1
2023-12-22,WIPRO.NS,203.5910451303906,218.08983349710155,202.9830371339532,216.3827209472656,46080814,0.0628302478072281,206.6912602015904,197.0955548967634,5.020284656858952,1
2023-12-26,WIPRO.NS,212.33709251552025,222.5330088697776,209.69457428488164,219.8671112060547,54628644,0.03546256850994626,209.0765424455915,198.60111272902716,6.740391668200346,1
2023-12-27,WIPRO.NS,219.11878600047044,222.3459328222598,217.06089630781915,220.26466369628903,25262992,0.005229481765274739,210.70682198660714,200.27036612374442,7.948968005810947,0
2023-12-28,WIPRO.NS,221.0129777793264,223.28133947412243,218.72123665111164,219.5631103515625,16839956,-0.00656010086978488,212.32373918805803,201.8872818719773,8.496934298961785,1
2023-12-29,WIPRO.NS,220.2646753971037,222.32256519907344,217.9963135914452,220.4283599853516,15961140,0.0007431268220961488,214.50189644949776,203.33604721795945,8.313108411273282,1
2024-01-01,WIPRO.NS,221.223449466849,226.13432942330124,219.025240348507,223.16441345214844,20347278,0.008773771451341133,217.52191816057478,204.76365443638392,6.710076217308182,0
2024-01-02,WIPRO.NS,223.561977153964,223.561977153964,217.1544419739696,219.4461975097656,14282514,-0.01841001630328183,219.87379673549108,206.1344698951358,1.9897863259368989,0
2024-01-03,WIPRO.NS,216.96734601055823,216.96734601055823,212.80479356253804,213.2257232666016,19534364,-0.017245096152738865,219.42279706682478,207.2135264078776,3.0094563052144903,0
2024-01-04,WIPRO.NS,213.74021169242843,215.0731677271989,211.1210727645415,211.5887756347656,15170336,-0.010065658869837488,218.24017769949776,208.28367469424293,4.197723992152906,1
2024-01-05,WIPRO.NS,212.8281678915752,216.54641111347783,212.10323421158145,213.55311584472656,16889130,0.0034062594267159903,217.28138514927454,209.12665303548178,4.418905284578977,0
2024-01-08,WIPRO.NS,213.9740622782207,215.14331944914,210.02196733125007,210.62998962402344,10082886,-0.015628401959528773,216.0052250453404,209.84157089960007,4.912484838703368,1
2024-01-09,WIPRO.NS,214.2079080845076,216.31257093686628,210.4429058023293,210.8170623779297,14465048,-0.01582969432314418,214.63218252999442,210.46851530529204,4.812331947997014,1
2024-01-10,WIPRO.NS,211.1444660994862,213.27250844598856,209.99858836019487,212.1500244140625,8874676,0.004762418514452072,213.05869838169642,211.20347740536644,3.0271661807480146,0
2024-01-11,WIPRO.NS,212.7814298482315,213.69344189554823,208.9228811084876,209.6244354248047,8638818,-0.014836794854130746,211.6555895124163,211.78253827776228,1.4256826416266974,1
2024-01-12,WIPRO.NS,212.8048058185143,219.3526459975455,212.8048058185143,217.6923065185547,36086734,0.022967059795672963,212.2936728341239,212.80257670084634,2.68706797755139,1
2024-01-15,WIPRO.NS,239.4404836141608,247.4148116255312,228.7768498989195,231.32583618164065,127844264,-0.03389003943709139,215.1132529122489,214.14332435244606,7.631056554218352,0
2024-01-16,WIPRO.NS,231.51292041896545,231.51292041896545,224.7312288107331,226.8358917236328,25912492,-0.02020202020202021,217.0107923235212,214.99966648646765,8.748140632094891,0
2024-01-17,WIPRO.NS,222.2290120383768,229.8759566871802,220.7557508776176,225.619857788086,28668932,0.015258339667746144,219.15220206124442,215.82705543154762,8.76053368373363,1
2024-01-18,WIPRO.NS,225.61986017192925,228.7067019485662,219.0720200343425,225.73678588867188,26144924,0.0005182421292767716,221.2835911342076,216.80589003789993,8.191094325756183,1
2024-01-19,WIPRO.NS,228.23901269639487,230.7412260385796,226.1811228136004,226.8592834472656,15498620,-0.0060451069816210385,223.3849138532366,217.98851013183594,7.2952217360933,0
2024-01-23,WIPRO.NS,223.5853503488525,227.30359385889423,218.440618800606,219.7735748291016,19972336,-0.017048413564679118,224.8347909109933,218.7880590529669,4.624167666767058,1
2024-01-24,WIPRO.NS,220.7578631042886,224.50746587463743,219.37519136128267,224.06219482421875,11708750,0.014968126948978285,225.7447749546596,219.15374828520277,3.466094929485287,0
2024-01-25,WIPRO.NS,224.06218596985764,224.67150497812025,219.60953285602577,220.2891540527344,12852980,-0.016839217651972778,224.16810607910156,219.17384556361608,2.9804151323085053,1
2024-01-29,WIPRO.NS,220.28916566618904,223.5700681335578,220.28916566618904,221.6952667236328,10051300,0.006382978723404335,223.43373107910156,219.2419695172991,2.843705150965759,0
2024-01-30,WIPRO.NS,222.35143475295413,226.33538757697656,220.992206650184,221.46090698242188,11828014,-0.004005046207692291,222.839595249721,219.33234078543526,2.7435335231596367,1
2024-01-31,WIPRO.NS,221.46090062502475,224.9292801233001,219.82044950928383,224.1090545654297,10584480,0.011957659040178675,222.60706220354353,219.50761195591517,2.5166501938445722,0
2024-02-01,WIPRO.NS,223.82783900919088,223.89815550224205,220.5703802667186,220.92190551757807,7828120,-0.012982895713403593,221.7588653564453,219.4008258637928,1.7186948294063975,1
2024-02-02,WIPRO.NS,222.6326406140934,228.0226940184346,222.6326406140934,226.4525451660156,16296222,0.01715788188733541,222.71300397600447,219.73446146647134,2.2151019404396073,0
2024-02-05,WIPRO.NS,226.38225855382683,229.428810687574,224.5777594292722,226.07760620117188,11566604,-0.001345743056903542,223.00091988699776,220.3464558919271,2.5285049214015163,1
2024-02-06,WIPRO.NS,227.1790354633892,235.1937989505448,226.42911214138,234.18609619140625,29024038,0.030843782366292632,224.98619733537947,221.42251877557663,4.628268791113306,0
2024-02-07,WIPRO.NS,234.79542965631617,235.1469548942664,230.858335548395,232.10040283203125,9103534,-0.011478191156573158,226.47264535086495,222.30572291782923,5.047115242968555,0
2024-02-08,WIPRO.NS,232.42847691568085,234.3970239056437,227.3665193752021,229.1241455078125,11303840,-0.014216551481628795,227.56739371163505,223.1863970075335,4.589187427158522,1
2024-02-09,WIPRO.NS,230.0849910407426,231.8894901868986,226.2650861803442,229.87408447265625,7893788,-0.0009166463537337446,228.3909694126674,224.09387425013952,4.377530154455935,1
2024-02-12,WIPRO.NS,230.1318610080605,239.4121217794104,230.1318610080605,235.02978515625,48873500,0.021283120584584984,230.40638078962053,225.18338666643416,3.531534118926986,1
2024-02-13,WIPRO.NS,235.80314127087928,240.443271724134,230.45996031550723,239.7870941162109,22373576,0.01689524924841886,232.31131635393416,226.6197037469773,4.505439476283927,1
2024-02-14,WIPRO.NS,236.2015338350392,242.31806733749585,232.9674901588357,241.1463165283203,22594656,0.02093459179962178,234.4639892578125,227.73656136648995,4.628786569607117,1
2024-02-15,WIPRO.NS,242.29463838279364,245.05995313201024,240.46669567503545,243.0211181640625,14570776,0.0029983320560363442,235.72613525390625,228.29347955612909,5.635455225556089,1
2024-02-16,WIPRO.NS,244.8959159499813,255.44167309615275,244.1694361791289,254.5042724609375,34942644,0.03923444976076559,238.92668805803572,229.61102149600075,8.739926269734685,0
2024-02-19,WIPRO.NS,255.8635097013353,255.8635097013353,249.0438973309463,251.199935913086,18602758,-0.01822680300795138,242.0803724016462,230.8291204543341,8.594965242231543,0
2024-02-20,WIPRO.NS,251.1296036489805,252.23106646843075,246.65352170806872,249.3251190185547,10374126,-0.007185471582028398,244.85909162248885,231.95237441289993,6.984321609515213,0
2024-02-21,WIPRO.NS,251.1765104066625,251.36397336846025,243.4898137930316,244.3803558349609,13115574,-0.027057285574588145,246.19488743373327,232.78671119326637,5.53485861416072,1
2024-02-22,WIPRO.NS,245.0365273229982,249.81727642059167,244.4037933190335,248.9033050537109,14596482,0.015780413528370212,247.49720328194755,234.17384120396204,4.799504906707303,1
2024-02-23,WIPRO.NS,250.7546691067068,253.6840460822524,249.9578728479189,251.293685913086,19860994,0.0021495783440419443,248.9468274797712,235.47057887486048,4.0328056756178,0
2024-02-26,WIPRO.NS,251.340550915848,251.45772599786005,246.5598018483168,249.7704162597656,8820636,-0.006247040719697146,249.91101292201452,236.87444850376673,3.07239923400775,0
2024-02-27,WIPRO.NS,250.2859545527264,251.87954697964813,247.2628319644988,249.0907745361328,10399260,-0.0047752580392672415,249.13765607561385,238.17899649483817,2.3103396017841247,0
2024-02-28,WIPRO.NS,248.411172215694,248.85644324582205,241.3806673416649,242.6461639404297,12789056,-0.0232075241376768,247.91568865094865,239.1878182547433,3.1480167237470384,1
2024-02-29,WIPRO.NS,242.4586579816602,245.71613076812264,240.5369982063233,243.0679626464844,14462764,0.002513024982883046,247.02180916922433,240.0906234014602,3.5444996242121687,1
2024-03-01,WIPRO.NS,244.8490563149495,246.1614114772042,242.57584261994688,243.3023223876953,9420630,-0.006317091642226425,246.86780439104353,241.15635753813245,3.698471517965258,1
2024-03-04,WIPRO.NS,245.1068481640796,246.72387005614183,243.04455522823216,243.95852661132807,5662370,-0.0046849835545305345,246.16140747070312,241.98997570219495,3.7170733873923725,0
2024-03-05,WIPRO.NS,242.6695843961176,243.9585102427411,239.34180934957,240.5838623046875,10521548,-0.008594905276738432,244.63143266950334,242.68074980236236,3.4468046851689675,0
2024-03-06,WIPRO.NS,240.771359776474,241.3103479794192,234.3501596798078,240.5135803222656,11091922,-0.0010706400231643217,243.30902753557478,242.9820585704985,2.874863575638533,1
2024-03-07,WIPRO.NS,240.7947951722908,243.9116638178868,239.27151909577512,241.61502075195312,9707982,0.003406326034063327,242.2410627092634,243.43513561430433,1.3568506417451487,0
2024-03-11,WIPRO.NS,242.50555181724107,243.2320315762429,240.11516307211664,241.16973876953125,11131512,-0.005508381303849595,242.03014482770647,244.00873529343377,1.3975267135820613,0
2024-03-12,WIPRO.NS,240.3260898840488,244.8959180193378,237.9825882762082,239.43556213378903,11652760,-0.003705497604065464,241.51123046874997,244.46404375348772,1.6066722460900948,0
2024-03-13,WIPRO.NS,240.8182097940147,243.1148527200106,232.85030464850533,236.4124298095703,13580480,-0.018295044997688935,240.5269601004464,244.5298839750744,2.2911647340975483,1
2024-03-14,WIPRO.NS,234.88916223268663,243.20860720655952,232.0769603159742,242.76333618164065,12825472,0.03352293428146202,240.35621861049108,244.67160978771392,2.0214794786583794,0
2024-03-15,WIPRO.NS,241.26349372052127,242.9039448677225,237.34984312290723,242.3180694580078,13649086,0.004371053909665095,240.60396248953683,244.72740754627046,2.1558321512037963,0
2024-03-18,WIPRO.NS,242.786777359379,243.0445568262552,238.56847427784533,239.13092041015625,6393960,-0.015057891492217666,240.40643964494978,244.5421600341797,2.2276389106522965,0
2024-03-19,WIPRO.NS,238.5684779354244,238.5684779354244,231.13957453388625,231.9363708496093,9617386,-0.027799595081502274,239.02377537318634,243.46749805268786,3.800730727641547,0
2024-03-20,WIPRO.NS,232.49878420093285,234.93603154639464,229.28819850447428,231.30360412597656,8385344,-0.005140586343554256,237.61432756696428,242.52005368187315,4.614531535319992,1
2024-03-21,WIPRO.NS,234.1861120943506,236.8342660423893,233.6236802923487,234.5610809326172,11644580,0.0016011574508548415,236.917973109654,241.81700424920945,4.661445782408787,0
2024-03-22,WIPRO.NS,229.31162736941167,230.0146778365637,224.7652286270561,228.30392456054688,28646502,-0.0043944688737541605,235.7596152169364,241.05145990280877,5.699827015193645,0
2024-03-26,WIPRO.NS,227.78835740258748,230.1084297272015,224.53088443022625,224.9058532714844,18273346,-0.01265430842898002,233.2085462297712,239.90872410365515,6.029435271993578,0
2024-03-27,WIPRO.NS,224.8355508178661,225.42142622201567,220.8750273643757,221.36715698242188,14320668,-0.015426358611116152,230.21555873325892,238.48365129743303,5.95334366800806,1
2024-03-28,WIPRO.NS,223.4294472923554,226.4056828685144,222.7732554043344,225.0230255126953,15455150,0.0071323553795249045,228.2001451764788,237.3052041190011,4.685070077015324,1
2024-04-01,WIPRO.NS,226.71034349019945,227.97582573288165,225.70262639050296,227.2962188720703,6041008,0.002584246368521737,227.53726632254464,236.26736813499815,4.387123803768581,0
2024-04-02,WIPRO.NS,225.89012998416928,226.24165523201043,224.7886813468805,225.53860473632807,6932654,-0.0015561779873509518,226.7136949811663,235.45272245861236,4.093543514361716,1
2024-04-03,WIPRO.NS,224.976151195396,228.5851493422616,223.07792064112425,226.4759979248047,13794516,0.0066666920979817235,225.55868312290735,234.66262890043714,2.2240825035049525,1
2024-04-04,WIPRO.NS,227.69461092511693,230.57712935106773,224.7886775080817,228.4445343017578,16004046,0.003293549081350504,225.57877022879464,233.95511518205916,2.2534499449791827,0
2024-04-05,WIPRO.NS,228.02271508554296,228.32736744538963,226.1713430237376,227.3430938720703,6414344,-0.002980497856179296,225.92694745744978,233.16390409923736,2.3194700880469763,0
2024-04-08,WIPRO.NS,229.66315149608943,230.41307485149025,224.1324935692556,224.9292755126953,26640770,-0.020612257354113334,226.43582153320312,232.41844758533296,1.3335815994559936,0
2024-04-09,WIPRO.NS,226.82751779666413,227.43682247030245,222.72639013748807,223.00759887695312,15801250,-0.01684063272753046,226.1479034423828,231.58482942127046,1.8187486307237826,1
2024-04-10,WIPRO.NS,223.80440862967825,224.7183799989249,221.74213002867955,223.71066284179688,10771534,-0.00041887373200271766,225.63568115234375,230.73224094935827,1.9421633637413411,0
2024-04-12,WIPRO.NS,222.6326470924576,224.97614864079924,220.289145544116,220.6406707763672,13170046,-0.008947368421052655,224.93597630092077,229.75466628301712,2.7124892583685374,0
2024-04-15,WIPRO.NS,218.62526033742628,219.51578804540725,214.7584828680686,215.2974853515625,12176472,-0.0152213654576223,223.33904593331474,228.60523405529204,4.412541271696399,0
2024-04-16,WIPRO.NS,212.3446829386885,214.89910550859463,208.47790514055137,210.1417999267578,21439424,-0.010374090753978198,220.724369594029,227.35425167992003,6.014824561161056,0
2024-04-18,WIPRO.NS,212.08690318939765,213.46957490953065,207.56394778320544,208.2669982910156,21986258,-0.01801103623532473,217.99921308244978,225.71156892322358,6.788003261066172,1
2024-04-19,WIPRO.NS,206.22814193211624,212.74307355516103,204.82204096439725,212.20407104492188,20470106,0.028977272727272674,216.18132672991072,224.2775689987909,6.309871367498436,1
2024-04-22,WIPRO.NS,212.2040727623613,218.48465427495057,210.9151468648539,216.53955078125,18881740,0.02043070127001671,215.257319859096,223.20178949265252,5.574356049663814,1
2024-04-23,WIPRO.NS,218.78930875443905,218.78930875443905,215.695898013212,216.58642578125,10322712,-0.010068512879948269,214.23957170758928,222.47083972749255,4.271953262860789,0
2024-04-24,WIPRO.NS,217.43006855333385,217.78159378196187,214.9459626591351,215.5552673339844,5915168,-0.008622548076369559,213.5130855015346,221.7209189278739,3.330666057519983,1
2024-04-25,WIPRO.NS,215.08657302928145,216.797326328942,213.63359918303323,216.0708465576172,11805090,0.004576173744707613,213.62356567382812,220.84043157668341,3.4115645491044444,1
2024-04-26,WIPRO.NS,216.492682083782,223.0076138858216,216.3520777045865,217.7581787109375,21478294,0.00584544759192256,214.7116197858538,220.33825320289247,3.329612991288108,0
2024-04-29,WIPRO.NS,219.1877004129109,219.351748384602,216.3520692161306,216.9848175048828,7249940,-0.010050212233069004,215.95702253069197,219.9610610235305,1.7932754812837683,0
2024-04-30,WIPRO.NS,217.00824331010656,218.7658694708256,216.30519284581896,216.72702026367188,8902956,-0.0012959095108328194,216.60315813337053,219.74010213216147,0.6929207320645552,0
2024-05-02,WIPRO.NS,216.7270313303772,217.008254391172,213.4695725950017,214.383529663086,14937276,-0.01081314893165675,216.29515511648995,219.23345947265625,1.0908313715962072,0
2024-05-03,WIPRO.NS,215.7896070434305,216.539530355598,212.41497359407325,214.36007690429688,9730626,-0.006624647770204737,215.97710527692522,218.61745271228608,1.2968601615424642,1
2024-05-06,WIPRO.NS,215.03970831757127,216.82077817555523,213.72735309892985,214.9694061279297,6918126,-0.00032692654855054977,215.8934108189174,218.1141575404576,1.3465730986624898,1
2024-05-07,WIPRO.NS,216.44579546696352,218.10969013448155,212.7899388036701,217.43006896972656,9278528,0.004547436463894152,216.08758544921875,217.6833990187872,1.4688693487373439,0
2024-05-08,WIPRO.NS,217.9456445843357,218.6018221589237,216.2114477124404,217.1019897460937,8205680,-0.0038709414902555867,215.99384416852678,217.14327784946985,1.3614994931715536,0
2024-05-09,WIPRO.NS,216.42236533691727,217.6644182815964,212.81336727526312,213.6804656982422,9233484,-0.01266920650463553,215.52179391043526,216.49267650785902,1.5238086543098035,0
2024-05-10,WIPRO.NS,213.7507745772607,214.43039576067383,211.05574774529595,211.78224182128903,6654714,-0.009209476596587185,214.81539699009485,215.8666272844587,1.9566408242672164,1
2024-05-13,WIPRO.NS,211.7822439282428,212.43842152009475,208.57164385315423,211.82911682128903,7111608,0.00022132588727373953,214.45048086983817,215.33431861514137,2.264577713608643,1
2024-05-14,WIPRO.NS,212.18064981653416,215.55528368519123,211.94629964633856,213.8914031982422,4909420,0.00806272100300977,214.38352748325892,214.86673482259116,2.2746021263768434,1
2024-05-15,WIPRO.NS,213.89140181104293,215.484980097318,213.09460551610587,214.80535888671875,4793424,0.004272995865833061,214.36009216308594,214.588862827846,2.26839636626666,1
2024-05-16,WIPRO.NS,216.5395447220328,219.1173964449141,213.77421573457067,217.6878662109375,14621472,0.005303056725175945,214.39692034040178,214.70269048781623,2.3278588432535616,0
2024-05-17,WIPRO.NS,217.66442477779964,217.66442477779964,215.62557553416096,216.0708465576172,6876820,-0.0073212617165585876,214.24961417061942,214.98502604166666,2.154309460212331,0
2024-05-21,WIPRO.NS,217.00824507635056,217.85189991892287,215.46153976376843,216.0239715576172,8467448,-0.00453565033156724,214.5844007219587,215.35440572102866,2.2318204606196237,1
2024-05-22,WIPRO.NS,216.9613643751101,217.21915812032728,215.06313389584705,216.21144104003903,7765884,-0.0034564833108926152,215.21714346749442,215.54523286365327,1.9095705201476496,1
2024-05-23,WIPRO.NS,216.77389708893224,219.35174883809788,216.4223718504096,218.3206024169922,13171332,0.007135108741553886,216.14449855259485,215.63004484630767,1.528156740831309,0
2024-05-24,WIPRO.NS,218.88304563393268,220.5234967254076,216.53954407468288,217.3128967285156,8205526,-0.007173460607099987,216.63328334263392,215.66463870093935,1.1991608018501143,0
2024-05-27,WIPRO.NS,216.53954354958444,216.6098457354718,211.6650631788849,212.0634613037109,40983758,-0.020670969248850243,216.2415836879185,215.49836222330728,2.045152198351349,1
2024-05-28,WIPRO.NS,212.78993306007035,214.3132090125929,212.36810565701444,213.75076293945312,15778126,0.004515391614468576,215.67914036342071,215.38788205101378,2.121082369067735,0
2024-05-29,WIPRO.NS,212.78994685419136,213.49299733939245,210.6807953985881,211.29010009765625,9756036,-0.0070484850375137145,214.99617658342632,215.07987830752418,2.6720499788446315,0
2024-05-30,WIPRO.NS,210.44643206603607,210.680782213103,203.93150083829715,204.7985992431641,20724568,-0.026837389293916564,213.3925519670759,214.4995821998233,4.614687498758113,1
2024-05-31,WIPRO.NS,205.0798243084693,207.23584869390075,204.11899435041784,205.38449096679688,21438004,0.0014856003478396795,211.84584481375558,213.95946175711495,5.279028138441806,1
2024-06-03,WIPRO.NS,211.00890101467547,211.172934692526,206.95463158804097,208.1498260498047,8964424,-0.013549546730599481,210.39287676130022,213.66261872791108,4.54915897119786,0
2024-06-04,WIPRO.NS,208.99348114347896,208.99348114347896,195.448044022765,205.36105346679688,17730732,-0.01738057884297519,208.6854705810547,213.23409380231584,3.6786546984245194,1
2024-06-05,WIPRO.NS,206.087536522902,213.25864570085392,205.78286987187903,211.61819458007807,12267428,0.02683645091056463,208.62186104910714,213.0745123000372,3.613786745821685,1
2024-06-06,WIPRO.NS,213.23521535568656,216.5395468755296,212.1337667478728,216.0708465576172,15425568,0.01329813744507752,208.95330156598772,213.0097874232701,4.2184023171742435,1
2024-06-07,WIPRO.NS,220.2891502024156,227.97583258280136,219.49235393769075,227.1087341308593,72672440,0.030957420836102967,211.2131064278739,213.48629906063985,8.11563908759506,0
2024-06-10,WIPRO.NS,228.9132386409775,228.9132386409775,221.8593043857575,222.7498321533203,18311752,-0.026924639764167372,213.77756827218192,213.9181736537388,8.574151784926054,1
2024-06-11,WIPRO.NS,224.6012038593448,224.6012038593448,222.3280043981057,223.12478637695312,9371714,-0.006573506539690079,216.31189618791853,214.45829482305612,8.297223297970655,1
2024-06-12,WIPRO.NS,224.0387666034921,227.03844597344653,222.89044502812223,223.523193359375,13875116,-0.002301267998986816,218.50809151785714,215.01515561058403,7.7961955166518875,1
2024-06-13,WIPRO.NS,224.97615474346927,227.48370432893392,224.1090562863424,226.1947784423828,12995932,0.00541667938232428,221.48433794294084,215.60103062220978,5.611271901019982,0
2024-06-14,WIPRO.NS,227.3196499010655,227.6008729472298,223.1950929026505,223.8043975830078,11322596,-0.015463917525773094,223.2252240862165,216.029556274414,3.5530581666366103,1
2024-06-18,WIPRO.NS,225.44485678144505,231.06926069283247,224.99958575035404,230.5302581787109,31870984,0.022557185246394152,225.29085431780135,216.6410987490699,2.830074837300689,1
2024-06-19,WIPRO.NS,230.7177336861615,233.0143624050501,228.1398819131317,232.35818481445312,20880284,0.007110208227526574,226.040775844029,217.4166862851097,3.8893388207169926,0
2024-06-20,WIPRO.NS,233.17840681251425,233.17840681251425,228.84292889690465,229.8506317138672,12571126,-0.014271369052292843,227.05517578125,218.07509867350257,3.8132090492371313,1
2024-06-21,WIPRO.NS,233.3893381448135,234.7954391534893,229.2413373085,229.9209442138672,95171176,-0.014860978477064147,228.02605547223772,218.72793215797057,3.497851620125122,0
2024-06-24,WIPRO.NS,229.71003764472528,231.9597935371669,229.40538528689868,229.9209442138672,9934518,0.0009181425910003319,228.94001988002233,219.2803293863932,2.9119671273124763,1
2024-06-25,WIPRO.NS,229.92092828350803,233.41275126789063,229.3350529038196,232.87374877929688,9258210,0.012842765196858525,229.89415849958147,220.0213223411923,2.9564202528284356,0
2024-06-26,WIPRO.NS,232.873755494802,234.3032857410268,231.4442109449787,232.10040283203125,12812090,-0.0033209094821679457,231.07930210658483,220.97546241396944,1.3161112362370195,1
2024-06-27,WIPRO.NS,230.67086627460867,239.951141460201,229.2882088729233,239.41212463378903,42137138,0.037894938794629074,232.348140171596,222.19743201846163,3.3728752448885717,1
2024-06-28,WIPRO.NS,239.97456404050504,241.98996969674948,237.0920599308164,241.3103485107422,16405832,0.005566358566284043,233.62702069963728,223.62696765718002,4.780691269573914,1
2024-07-01,WIPRO.NS,242.73990284115155,251.12962125518663,240.95881877116275,247.16909790039065,30757528,0.018246670643753043,236.10108729771204,225.6446104503813,6.625830218511409,1
2024-07-02,WIPRO.NS,248.08308733936664,255.44168849072264,247.6143869935121,252.2545318603516,36276968,0.016814707385830772,239.2915998186384,227.87651715959817,8.315585449277263,1
2024-07-03,WIPRO.NS,253.9887131871708,255.6525935908324,250.9890197159408,252.6294708251953,16049384,-0.005351585686304946,242.53567504882812,229.9945954822358,8.47855349313584,0
2024-07-04,WIPRO.NS,253.75435680202736,257.2227218978826,247.9893201594961,248.7392578125,19524632,-0.019763597570228168,244.80217633928572,232.06022426060264,7.533122849413574,1
2024-07-05,WIPRO.NS,249.0439027366801,251.4577208192969,248.1533892960466,250.8015289306641,10376090,0.007057495384026165,247.47376578194755,233.9260973249163,5.246952916077924,1
2024-07-08,WIPRO.NS,251.1999373811253,254.5042688519628,250.7546663642728,253.66061401367188,12176360,0.00979568967333457,249.50926426478796,235.7160862513951,4.271364808161824,0
2024-07-09,WIPRO.NS,254.9729649231747,255.4182359326232,251.97327154002355,253.56686401367188,8681444,-0.005514705882352979,251.26019505092077,236.97599719819567,2.491616938249412,0
2024-07-10,WIPRO.NS,253.56687364257888,254.66830795397,249.23139567364385,251.012451171875,9233748,-0.010073959717248119,251.80924551827567,238.32183619907923,1.7541871824503483,0
2024-07-11,WIPRO.NS,251.55146268016745,252.88724712387784,248.41116487446595,250.33282470703125,8807618,-0.004844487724905903,251.5347159249442,239.6174570719401,1.8219499182913752,1
2024-07-12,WIPRO.NS,255.44168928176285,264.7219504369816,253.8246673621174,262.5425109863281,54186042,0.027798209934059643,252.95086451939173,241.47551981608072,4.5798787276427255,0
2024-07-15,WIPRO.NS,265.7062214945412,265.7062214945412,260.6676930802612,262.3315734863281,16099478,-0.012700673658416343,254.8926239013672,243.19631958007812,5.318502266394869,0
2024-07-16,WIPRO.NS,263.3392620048659,263.69078724307144,260.784868159663,262.3315734863281,11239032,-0.0038265791088877895,256.5397731236049,245.03094700404577,5.617354167991884,1
2024-07-18,WIPRO.NS,260.8551257570378,269.2214426192982,260.761379982961,268.65899658203125,25019786,0.02991649407825718,258.6823992047991,246.84660121372767,7.021135965547185,0
2024-07-19,WIPRO.NS,271.7993234007632,271.7993234007632,259.98806977220414,261.1598205566406,26523490,-0.039144699519486466,259.76710728236606,248.21810767764137,6.677210950293635,0
2024-07-22,WIPRO.NS,244.19286943918488,246.88789630919507,235.0766423922326,237.0686187744141,76014568,-0.029174687537487847,257.77513122558594,248.56182134719126,10.632595113654832,0
2024-07-23,WIPRO.NS,238.0997792833103,238.0997792833103,227.9524195033144,234.6079559326172,25847632,-0.014665378360297729,255.52872140066964,248.78501238141746,13.688913142479915,0
2024-07-24,WIPRO.NS,235.52189627050305,237.32639525190208,234.27984335984576,234.3970184326172,12240276,-0.0047761072566854254,251.50793675013952,248.9981587727865,15.321589994028528,1
2024-07-25,WIPRO.NS,232.475344223646,237.86539756754104,231.2098477171185,237.5607452392578,21887890,0.021875012305475065,247.96924700055803,249.22134908040368,15.265557542544258,1
2024-07-26,WIPRO.NS,239.03716370041,247.73154893317167,238.3341132189381,245.9739227294922,26153996,0.029019583907781695,245.63243974958147,249.8819928850447,13.890666545524462,0
2024-07-29,WIPRO.NS,247.4737629149756,248.6689429803416,245.05994488305888,245.7864532470703,12011554,-0.006818135579427021,242.36493355887276,250.18553234281998,9.598341229337901,0
2024-07-30,WIPRO.NS,245.7864579398003,246.98163802798547,243.6069900205472,244.42721557617188,10816526,-0.005530175970725532,239.9745614188058,250.33395458403092,5.224573399056959,1
2024-07-31,WIPRO.NS,244.5678142758293,246.02080239068675,243.46637999813765,244.6615600585937,7758508,0.00038331201937577173,241.05926731654577,250.2145480201358,5.308238072680646,0
2024-08-01,WIPRO.NS,245.1302589795877,246.91131441325825,242.5524073077182,244.4506378173828,10759752,-0.0027724898796010105,242.46536472865515,249.84293401808966,4.566299639618767,0
2024-08-02,WIPRO.NS,241.3806663923336,243.3726427654742,234.81886186904688,235.3578643798828,15652228,-0.0249514681621663,242.60262843540735,249.02047656831286,4.289386404669181,0
2024-08-05,WIPRO.NS,229.66315798415351,232.4050577310106,225.09332984059128,227.3196563720703,21938080,-0.010204081632653073,241.13961574009485,248.00049554734002,7.112885259278538,1
2024-08-06,WIPRO.NS,229.545977568115,234.04550341945009,228.069574447539,229.4288024902344,11271584,-0.0005104645227156403,238.7760271344866,246.98274666922433,7.939622005060171,1
2024-08-07,WIPRO.NS,233.7408650440537,234.39704265867312,230.90521940774985,233.1315460205078,7079826,-0.0026068142745644387,236.96818324497767,246.00517200288317,7.506237201639245,0
2024-08-08,WIPRO.NS,231.5379571546469,231.5379571546469,227.9524025816965,228.3976593017578,13160570,-0.013562777747026807,234.6782466343471,244.80663844517298,7.293508885100016,1
2024-08-09,WIPRO.NS,232.1706904264926,232.6862636038011,229.499093064547,230.2724456787109,6065948,-0.00817607400957741,232.6226588657924,243.8190191359747,5.906748665107808,0
2024-08-12,WIPRO.NS,230.3896310207772,231.5379524985352,228.44452760038564,229.21788024902344,7338468,-0.0050859527252252006,230.44655064174108,242.8135455903553,2.824930119695308,1
2024-08-13,WIPRO.NS,229.21788552915527,230.92865313820263,228.3273577828285,229.8975067138672,6289418,0.002964957045751456,229.666499546596,241.25902157738096,1.8167035031427112,1
2024-08-14,WIPRO.NS,231.0692624841488,232.873761613761,229.87408236515307,232.07696533203125,11121756,0.00436104238637791,230.3461151123047,239.81832595098587,1.6769019503660056,1
2024-08-16,WIPRO.NS,234.81887248411016,242.5289988689504,233.38934215549696,241.966552734375,25931140,0.030439121756487074,232.13722229003906,238.84856305803572,4.629770594276166,1
2024-08-19,WIPRO.NS,241.8493532563357,245.2240011162353,240.77134829465552,243.6069793701172,11466562,0.00726744186046507,233.6337127685547,237.6556098574684,6.37049077207767,1
2024-08-20,WIPRO.NS,243.67729904833905,247.28626849680413,243.56012397255265,245.90362548828125,9543812,0.009136371950267534,236.13456508091517,236.9291243780227,7.335457066964119,1
2024-08-21,WIPRO.NS,245.31775066510264,247.520619209121,244.21628778589715,246.7003936767578,6454402,0.005636131131589828,238.48141479492188,237.3877803257533,7.762859731414899,0
2024-08-22,WIPRO.NS,247.3800196828274,248.6689455446344,242.81019162732983,243.2554626464844,11496506,-0.01667295944769993,240.48678370884485,237.79956635974702,6.71316960033527,0
2024-08-23,WIPRO.NS,243.677300636345,244.403780389516,239.66990443617465,240.1620483398437,11277706,-0.014425850447790928,241.9531467982701,238.07409159342444,4.887415767569312,1
2024-08-26,WIPRO.NS,241.84936558650088,245.9739226890173,241.82593629189515,243.7241668701172,17351380,0.0077519379844962115,243.61703273228235,238.3675878615606,2.218818538527896,0
2024-08-27,WIPRO.NS,243.7241664272784,245.2474424674489,241.84936514706857,242.3883819580078,7965796,-0.005480722280648953,243.6772940499442,238.19684782482324,2.1717509356231144,1
2024-08-28,WIPRO.NS,243.72418592958056,252.2076509584804,242.7164687179534,250.56719970703125,34375566,0.028076876126802826,244.67161124093192,238.42450241815473,3.387334296896439,1
2024-08-29,WIPRO.NS,250.75466422677115,254.01213708162365,250.30939321371423,252.4888610839844,25685318,0.0069159106673482235,245.61235918317522,238.80839029947913,4.513695658784382,0
2024-08-30,WIPRO.NS,253.8949719537182,254.03557632987824,251.0827700017269,252.3482666015625,19434804,-0.0060919101321850605,246.41919817243303,239.17442394438245,5.194105579220355,0
2024-09-02,WIPRO.NS,252.34826667654755,254.03557640536468,249.27825665895344,249.5594940185547,15735982,-0.011051285173150923,247.3197740827288,239.4177028111049,5.099793677854585,1
2024-09-03,WIPRO.NS,249.81729577303776,253.49658221349424,248.17684448747377,251.246826171875,15056686,0.0057223035515362826,248.90331377301897,240.17432003929503,4.136884656871503,0
2024-09-04,WIPRO.NS,247.47376140904143,247.5909364854662,242.2008829699284,243.3257751464844,20402128,-0.016761317397608683,248.84640066964286,240.93651617140998,4.221879296491271,1
2024-09-05,WIPRO.NS,244.2866060124916,246.53636176725536,243.4898097682304,245.99734497070312,12069118,0.007002999411781271,249.3619668143136,241.72549438476562,3.451956988771449,0
2024-09-06,WIPRO.NS,245.9973474206433,248.36430688306228,242.99768258681613,244.00537109375,14579954,-0.008097552058100558,248.42456272670202,242.24329557872954,3.9282203081790668,0
2024-09-09,WIPRO.NS,242.3649242316233,244.54439216432323,240.6541852265123,241.3103485107422,11919540,-0.0043511895305166646,246.827632359096,242.85818554106214,4.258867324344605,1
2024-09-10,WIPRO.NS,242.2243159321508,247.4737651569187,240.911960777758,246.419189453125,10287272,0.017318135484586196,245.98062133789062,243.6270781017485,3.499884159898745,0
2024-09-11,WIPRO.NS,246.0676740009327,246.65354941522065,240.5604451066261,241.0760040283203,8261524,-0.02028576078869045,244.76869419642858,244.1917506626674,3.5227996515959195,1
2024-09-12,WIPRO.NS,243.935089165902,249.3485721826381,242.66959257060324,248.43460083007807,15779474,0.01844552860173349,244.366947719029,245.07446943010603,2.732629388285174,1
2024-09-13,WIPRO.NS,250.19224593940143,258.95694837507466,248.8095741587643,258.06640625,35919706,0.031472439447646806,246.4727521623884,246.3120618547712,5.778607350717403,1
2024-09-16,WIPRO.NS,259.19127912827776,260.9957639324944,257.31647783259405,258.6757202148437,11088578,-0.001989105942020931,248.28394862583704,247.1077364966983,7.3719875923375175,0
2024-09-17,WIPRO.NS,257.31647783259405,260.08182118660653,256.4025064795087,258.6757202148437,8728238,0.005282375981898634,250.37971278599326,247.8252955845424,8.01055871464355,0
2024-09-18,WIPRO.NS,257.3399107996757,257.3399107996757,249.6532425419996,252.2310943603516,16665520,-0.019852406194781895,251.93981933593747,248.12660362606957,6.942034089166913,0
2024-09-19,WIPRO.NS,255.06672369609075,258.46480106712386,248.01278949559256,249.98130798339844,20969182,-0.01993758981572025,252.4486934116908,248.28283764067152,6.591620519153324,1
2024-09-20,WIPRO.NS,252.11392829410843,253.44971284123807,248.87988445436423,252.6763458251953,16664232,0.002230807059698741,254.10588509695867,248.73145112537202,4.324090236682546,0
2024-09-23,WIPRO.NS,252.6763432602505,253.28567659140745,249.3485822705716,250.70782470703125,8544290,-0.007790672161151685,254.43063136509483,249.23363095238096,3.890836809243563,1
2024-09-24,WIPRO.NS,249.4423018356755,253.98870040248872,248.1064888353461,252.88723754882807,12355694,0.01381055132910851,253.69075012207028,249.6699676513672,3.5628383380602937,0
2024-09-25,WIPRO.NS,252.5357328318224,252.81697019497548,248.7627008855675,251.317123413086,8065196,-0.0048254930305167785,252.6395220075335,250.0951458158947,2.8638993006366325,1
2024-09-26,WIPRO.NS,252.4888769568637,254.5511412728415,251.08277594757047,253.9887237548828,11403400,0.005940248996692877,251.96995108468192,250.2580755324591,1.3819005775343367,0
2024-09-27,WIPRO.NS,257.2696230089627,261.9566263167798,253.426274575113,253.9418334960937,26462384,-0.012935026972667778,252.21434238978796,250.32726469494048,1.5737391726430012,0
2024-09-30,WIPRO.NS,252.160779640264,255.2073318106389,250.2859783046487,253.77780151367188,8199446,0.006412662094853704,252.75669860839844,250.3953377859933,1.30759574524811,1
2024-10-01,WIPRO.NS,253.1919204582008,257.5976863344701,253.1919204582008,256.26190185546875,9411274,0.012125115966229153,253.2689208984375,250.71450006394159,1.857517667505053,0
2024-10-03,WIPRO.NS,253.14502093574376,254.22305451298524,246.6535332146824,248.48147583007807,14035368,-0.01842242477622914,252.95087105887276,250.5828167143322,2.4615224959481616,1
2024-10-04,WIPRO.NS,247.4972061412532,254.012152239736,247.4972061412532,250.07505798339844,11922754,0.010415680574082877,252.54913112095423,250.90421113513764,2.6923052317604923,0
2024-10-07,WIPRO.NS,252.16075571042475,253.8949525027348,246.51292294429763,249.0907745361328,9878074,-0.01217469849994196,252.23108128138952,251.05151730492003,2.978403994820879,0
2024-10-08,WIPRO.NS,249.1376691356785,250.19224493932543,243.864790117444,246.98165893554688,11502804,-0.008653890869298738,251.23007202148438,251.19324529738654,3.432159992135218,1
2024-10-09,WIPRO.NS,248.3174174735508,252.48886165790805,247.7081127945493,248.9501800537109,8841688,0.002548200551528032,250.51697867257255,251.55704679943267,3.2904679375783625,0
2024-10-10,WIPRO.NS,250.75467601957777,251.9732854321209,245.3411929409685,246.0676727294922,12620244,-0.018691588785046804,249.415531703404,251.5403079078311,3.3074193182965375,1
2024-10-11,WIPRO.NS,243.88820651883304,250.4734690747405,243.88820651883304,247.6143798828125,8436982,0.01527820232542372,248.180171421596,251.8516591389974,1.373723269251618,1
2024-10-14,WIPRO.NS,252.48886235429111,258.65225425758405,251.3639701690348,257.5742492675781,33136266,0.02014103460195888,249.47913905552454,252.28688049316406,3.8225076750467153,0
2024-10-15,WIPRO.NS,259.1209417728941,259.1209417728941,248.809535476888,249.7938232421875,21601252,-0.03599523244586444,249.43896266392298,251.89294796898253,3.8166738863044243,0
2024-10-16,WIPRO.NS,249.817268102546,252.535724210365,247.9424668409884,249.4188842773437,12553622,-0.0015947009117030764,249.48583548409596,251.45214625767298,3.8136986873367786,0
2024-10-17,WIPRO.NS,250.7312499223784,252.16078022264705,246.0911051631344,247.82530212402344,23755278,-0.011589890766526247,249.6063559395926,250.93545968191964,3.7338670896499173,1
2024-10-18,WIPRO.NS,249.34856373542928,261.7222633035247,245.9739157980217,257.1524353027344,74653054,0.03129703837229788,250.7781066894531,251.16980925060454,4.664624473668054,0
2024-10-21,WIPRO.NS,258.53507385155694,263.3627098238487,256.37906391598284,256.8946228027344,23966964,-0.006345177945815071,252.3248138427734,251.49901471819197,4.637344589094277,0
2024-10-22,WIPRO.NS,257.69143816141,260.36303578923787,254.90266544996865,255.6526031494141,18478300,-0.00791192375867321,253.4731314522879,251.64074125744048,4.256080929681774,1
2024-10-23,WIPRO.NS,256.6134437401879,259.8943462172314,254.129337586152,256.47283935546875,12698576,-0.000547922909532016,253.31578717912947,251.91526576450892,4.096566222814935,0
2024-10-24,WIPRO.NS,256.47281872888,258.01952405079675,255.51198880217376,256.33221435546875,9576604,-0.0005482232936343644,254.24984305245536,252.07931227911087,3.9003954761670716,0
2024-10-25,WIPRO.NS,257.668016433276,258.7225922167683,253.3325382122523,254.7152099609375,10124540,-0.011459732229138193,255.00646100725447,252.24112592424666,3.269801670566577,1
2024-10-28,WIPRO.NS,254.7152162353744,262.37845567464154,254.3636909655511,261.8160095214844,11185858,0.027877381614879026,257.00513349260603,252.61385381789435,2.272578708742425,1
2024-10-29,WIPRO.NS,262.37843420176176,264.0657725231426,259.3084528179905,263.5033264160156,12055630,0.004287289150406511,257.91240365164623,253.06916300455728,3.352375361361142,1
2024-10-30,WIPRO.NS,263.6439354216193,271.26031577824386,262.9877435172464,264.932861328125,20755492,0.0048888888888889495,259.0607234409877,253.60035632905505,4.212105632211234,0
2024-10-31,WIPRO.NS,264.7219497131614,265.42500023219804,256.98839400375823,258.6288452148437,15680094,-0.023016997664605687,259.48590087890625,253.71306791759673,3.9529905777316388,0
2024-11-01,WIPRO.NS,258.58196998971823,260.08181672195786,257.7851737312912,258.4179077148437,1962810,-0.0006344691197188346,259.7637677873884,254.1862313406808,3.770022249458435,0
2024-11-04,WIPRO.NS,258.25387829445106,258.9334994850865,250.3797185796895,253.4731292724609,9855560,-0.01851181888753408,259.3553270612444,254.3480442592076,4.318703774483492,1
2024-11-05,WIPRO.NS,254.5042862406195,255.60572060375367,253.2856767917391,254.83238220214844,6862260,0.0012891569190262447,259.37206595284596,254.62145414806548,4.297898632100062,1
2024-11-06,WIPRO.NS,256.59001385603284,265.2140831830394,253.5668908591009,264.3001403808594,19554884,0.03004842787511022,259.72694178989957,255.4461437406994,4.623546533670967,0
2024-11-07,WIPRO.NS,265.2843747406764,267.01857160441347,259.8708918962945,264.0657653808594,11997142,-0.00459359644158562,259.80729021344865,256.16593351818267,4.704292605678716,1
2024-11-08,WIPRO.NS,264.81568938189946,271.2837482860708,264.81568938189946,266.69049072265625,20852658,0.007079646017699037,260.0583801269531,257.1479724702381,5.057137868148454,1
2024-11-11,WIPRO.NS,266.6904702357032,273.34602020555536,265.3077986316712,268.79962158203125,16139444,0.007908611599297085,261.51134817940846,258.15679350353423,5.958688047515341,0
2024-11-12,WIPRO.NS,269.5027022748737,271.7055996496908,266.71392946032864,267.4638671875,11260890,-0.007565174932065121,262.80362810407365,258.62772769019716,6.1537112960885905,0
2024-11-13,WIPRO.NS,267.1591910578455,268.84650082164734,265.0734688448139,266.69049072265625,11391200,-0.0017543859649123677,264.69182259695873,259.43233090355284,4.66014162449185,0
2024-11-14,WIPRO.NS,266.66706355556084,269.29177401068847,264.4407369456442,265.61248779296875,9783520,-0.00395465322387806,266.2318376813616,260.20345488048736,1.6999536290214095,0
2024-11-18,WIPRO.NS,265.61248855685375,265.61248855685375,253.23878813064115,259.1209716796875,15289764,-0.024439802934103205,265.49195643833707,260.7413439069475,3.171225974852594,1
2024-11-19,WIPRO.NS,260.5973745325706,267.06543314305475,259.9880698459302,263.4095764160156,12919778,0.0107913669064749,265.3982151576451,261.03930300758,3.229572178387111,0
2024-11-21,WIPRO.NS,263.4095988473706,266.0343093858881,260.2693007553304,261.13641357421875,11672608,-0.008629849797041837,264.60477556501115,261.24129304431733,3.5276755950372736,1
2024-11-22,WIPRO.NS,263.3861572118334,268.8464989137181,261.487926589228,267.9325561523437,14733232,0.017261343529355537,264.4809090750558,261.8260527111235,3.3674164380256064,1
2024-11-25,WIPRO.NS,269.7370640471448,275.3848978074911,268.9871548949329,272.9945373535156,23297474,0.012076476467473727,265.271004813058,262.61280023484005,4.605269250891458,1
2024-11-26,WIPRO.NS,274.1896823954299,276.6972176206119,271.5180848968043,276.0644836425781,15771340,0.006837606837606847,266.61014665876115,263.55243210565476,6.180374423050686,0
2024-11-27,WIPRO.NS,277.236255886505,279.3454074528436,272.73674398786227,273.2054443359375,13659676,-0.01453926557216821,267.6948547363281,264.43291945684524,6.626319428333916,0
2024-11-28,WIPRO.NS,274.54119072952585,274.65836580025973,267.41694070746576,268.1903076171875,11896556,-0.023132714968790068,268.99047415597096,264.73645746140255,5.453320855561374,1
2024-11-29,WIPRO.NS,269.5027163471136,272.1977435105848,267.90912362496346,270.8385009765625,8540112,0.004956479279891263,270.051749093192,265.08575148809524,4.8788130766504985,1
2024-12-02,WIPRO.NS,272.9945005601026,274.44746007438744,271.0025242478624,273.978759765625,11194000,0.0036054177043969306,271.88636997767856,265.5165085565476,3.0329927766247935,0
2024-12-03,WIPRO.NS,276.86127701481433,277.65807325800534,271.1899861368519,273.39288330078125,15445286,-0.012527550806057637,272.66641671316967,266.2195579892113,2.5023954976106544,1
2024-12-04,WIPRO.NS,276.2050993867047,278.40799666424186,273.533501778083,275.5957946777344,14036431,-0.0022059864583357184,273.03802490234375,267.03755260649183,2.7410108518452145,1
2024-12-05,WIPRO.NS,276.5332141995554,282.06387276210654,275.50206767940523,280.56402587890625,13487264,0.014576229806673719,273.6808166503906,268.32759530203685,3.865829201973297,0
2024-12-06,WIPRO.NS,280.4233936811406,280.4233936811406,277.6580789777082,278.736083984375,7894350,-0.006017007620570355,274.47090802873885,269.4658668154762,4.293946335456761,1
2024-12-09,WIPRO.NS,276.5331875522441,286.5633857978653,275.3614367575312,284.7354431152344,9285213,0.02966101694915248,276.8344988141741,270.43897646949404,4.786032803830476,1
2024-12-10,WIPRO.NS,286.8445938175806,291.5315969845345,284.4542336453129,288.8131408691406,17028502,0.006862765044168666,279.40230451311385,271.617422921317,5.756404442819338,1
2024-12-11,WIPRO.NS,288.8600030466854,290.5004541755,286.4227556481499,289.65679931640625,8608406,0.00275841674623288,281.6420244489397,272.7110566638765,6.31720614620688,1
2024-12-12,WIPRO.NS,288.71940287042946,294.1563152478376,288.20384395104,289.75054931640625,12958440,0.003571448388037648,283.9788338797433,273.70871988932294,5.75785924620825,1
2024-12-13,WIPRO.NS,289.75053651755866,291.5784505569044,285.1572792144073,290.5473327636719,7382211,0.002749938811812803,286.1147678920201,274.8079325358073,4.827904845565672,0
2024-12-16,WIPRO.NS,290.5942084113628,291.90656363113567,287.8757521831477,289.84429931640625,7221189,-0.002580605783770372,287.4405212402344,275.9104948497954,4.294323876821661,0
2024-12-17,WIPRO.NS,291.53161056824155,292.70336141457693,288.06321662020946,289.5162048339844,10568517,-0.00691316365429061,288.9805385044643,277.04876708984375,1.9402305522595444,1
2024-12-18,WIPRO.NS,289.65681539218355,293.6407683546974,289.23497363562603,293.0314636230469,10965226,0.011650505189371059,290.16568429129467,278.6635524204799,1.3628483209768367,1
2024-12-19,WIPRO.NS,287.17269956831524,293.7813628165425,282.2982046653291,293.17205810546875,12405595,0.02089111724816422,290.7883867536272,280.080813453311,1.614452155867388,0
2024-12-20,WIPRO.NS,295.7498799595312,299.96818252630743,285.3447279067109,286.0946655273437,22214824,-0.03264655401891853,290.2795104980469,281.26930164155505,2.400575559424734,1
2024-12-23,WIPRO.NS,287.40706191293526,291.20352332581405,285.9072150632945,288.62567138671875,6693583,0.004240012286659273,290.11881365094865,282.2546880812872,2.4782788932660984,0
2024-12-24,WIPRO.NS,288.2507084616561,289.8443010570064,283.8449138325335,286.1884155273437,8837902,-0.007154511242378138,289.49611118861606,282.88296799432663,2.8694160242330833,0
2024-12-26,WIPRO.NS,286.282136457567,287.73512454649966,284.96978134386995,285.9540405273437,6516148,-0.0011460579911940448,288.94035993303567,283.35389927455356,3.153418867179797,1
2024-12-27,WIPRO.NS,286.09469246903194,291.4378590591336,285.62599213969685,289.75054931640625,8063921,0.012778485388260163,288.9738377162388,284.1417614164807,3.1617839759781563,0
2024-12-30,WIPRO.NS,289.7505565953558,290.0317653571421,283.70431075216334,284.6885986328125,13709891,-0.017470054318523616,287.78199986049106,284.9273943219866,2.9421327623082787,0
